scenario_id,elapsed_s,expected_demo_state,truth_event
F01,1,COLLECTING,normal
F01,2,COLLECTING,normal
F01,3,COLLECTING,normal
F01,4,COLLECTING,normal
F01,5,COLLECTING,normal
F01,6,COLLECTING,normal
F01,7,COLLECTING,normal
F01,8,COLLECTING,normal
F01,9,COLLECTING,normal
F01,10,FEEDING_NORMAL,normal
F01,11,FEEDING_NORMAL,normal
F01,12,FEEDING_NORMAL,normal
F01,13,FEEDING_NORMAL,normal
F01,14,FEEDING_NORMAL,normal
F01,15,FEEDING_NORMAL,normal
F01,16,FEEDING_NORMAL,normal
F01,17,FEEDING_NORMAL,normal
F01,18,FEEDING_NORMAL,normal
F01,19,FEEDING_NORMAL,normal
F01,20,FEEDING_NORMAL,normal
F01,21,FEEDING_NORMAL,normal
F01,22,FEEDING_NORMAL,normal
F01,23,FEEDING_NORMAL,normal
F01,24,FEEDING_NORMAL,normal
F01,25,FEEDING_NORMAL,normal
F01,26,FEEDING_NORMAL,normal
F01,27,FEEDING_NORMAL,normal
F01,28,FEEDING_NORMAL,normal
F01,29,FEEDING_NORMAL,normal
F01,30,FEEDING_NORMAL,normal
F01,31,FEEDING_NORMAL,normal
F01,32,FEEDING_NORMAL,normal
F01,33,FEEDING_NORMAL,normal
F01,34,FEEDING_NORMAL,normal
F01,35,FEEDING_NORMAL,normal
F01,36,FEEDING_NORMAL,normal
F01,37,FEEDING_NORMAL,normal
F01,38,FEEDING_NORMAL,normal
F01,39,FEEDING_NORMAL,normal
F01,40,FEEDING_NORMAL,normal
F01,41,FEEDING_NORMAL,normal
F01,42,FEEDING_NORMAL,normal
F01,43,FEEDING_NORMAL,normal
F01,44,FEEDING_NORMAL,normal
F01,45,FEEDING_NORMAL,normal
F01,46,FEEDING_NORMAL,normal
F01,47,FEEDING_NORMAL,normal
F01,48,FEEDING_NORMAL,normal
F01,49,FEEDING_NORMAL,normal
F01,50,FEEDING_NORMAL,normal
F01,51,FEEDING_NORMAL,normal
F01,52,FEEDING_NORMAL,normal
F01,53,FEEDING_NORMAL,normal
F01,54,FEEDING_NORMAL,normal
F01,55,FEEDING_NORMAL,normal
F01,56,FEEDING_NORMAL,normal
F01,57,FEEDING_NORMAL,normal
F01,58,FEEDING_NORMAL,normal
F01,59,FEEDING_NORMAL,normal
F01,60,FEEDING_NORMAL,normal
F01,61,FEEDING_NORMAL,normal
F01,62,FEEDING_NORMAL,normal
F01,63,FEEDING_NORMAL,normal
F01,64,FEEDING_NORMAL,normal
F01,65,FEEDING_NORMAL,normal
F01,66,FEEDING_NORMAL,normal
F01,67,FEEDING_NORMAL,normal
F01,68,FEEDING_NORMAL,normal
F01,69,FEEDING_NORMAL,normal
F01,70,FEEDING_NORMAL,normal
F01,71,FEEDING_NORMAL,normal
F01,72,FEEDING_NORMAL,normal
F01,73,FEEDING_NORMAL,normal
F01,74,FEEDING_NORMAL,normal
F01,75,FEEDING_NORMAL,normal
F01,76,FEEDING_NORMAL,normal
F01,77,FEEDING_NORMAL,normal
F01,78,FEEDING_NORMAL,normal
F01,79,FEEDING_NORMAL,normal
F01,80,FEEDING_NORMAL,normal
F01,81,FEEDING_NORMAL,normal
F01,82,FEEDING_NORMAL,normal
F01,83,FEEDING_NORMAL,normal
F01,84,FEEDING_NORMAL,normal
F01,85,FEEDING_NORMAL,normal
F01,86,FEEDING_NORMAL,normal
F01,87,FEEDING_NORMAL,normal
F01,88,FEEDING_NORMAL,normal
F01,89,FEEDING_NORMAL,normal
F01,90,FEEDING_NORMAL,normal
F01,91,FEEDING_NORMAL,normal
F01,92,FEEDING_NORMAL,normal
F01,93,FEEDING_NORMAL,normal
F01,94,FEEDING_NORMAL,normal
F01,95,FEEDING_NORMAL,normal
F01,96,FEEDING_NORMAL,normal
F01,97,FEEDING_NORMAL,normal
F01,98,FEEDING_NORMAL,normal
F01,99,FEEDING_NORMAL,normal
F01,100,FEEDING_NORMAL,normal
F01,101,FEEDING_NORMAL,normal
F01,102,FEEDING_NORMAL,normal
F01,103,FEEDING_NORMAL,normal
F01,104,FEEDING_NORMAL,normal
F01,105,FEEDING_NORMAL,normal
F01,106,FEEDING_NORMAL,normal
F01,107,FEEDING_NORMAL,normal
F01,108,FEEDING_NORMAL,normal
F01,109,FEEDING_NORMAL,normal
F01,110,FEEDING_NORMAL,normal
F01,111,FEEDING_NORMAL,normal
F01,112,FEEDING_NORMAL,normal
F01,113,FEEDING_NORMAL,normal
F01,114,FEEDING_NORMAL,normal
F01,115,FEEDING_NORMAL,normal
F01,116,FEEDING_NORMAL,normal
F01,117,FEEDING_NORMAL,normal
F01,118,FEEDING_NORMAL,normal
F01,119,FEEDING_NORMAL,normal
F01,120,FEEDING_NORMAL,normal
F01,121,FEEDING_NORMAL,normal
F01,122,FEEDING_NORMAL,normal
F01,123,FEEDING_NORMAL,normal
F01,124,FEEDING_NORMAL,normal
F01,125,FEEDING_NORMAL,normal
F01,126,FEEDING_NORMAL,normal
F01,127,FEEDING_NORMAL,normal
F01,128,FEEDING_NORMAL,normal
F01,129,FEEDING_NORMAL,normal
F01,130,FEEDING_NORMAL,normal
F01,131,FEEDING_NORMAL,normal
F01,132,FEEDING_NORMAL,normal
F01,133,FEEDING_NORMAL,normal
F01,134,FEEDING_NORMAL,normal
F01,135,FEEDING_NORMAL,normal
F01,136,FEEDING_NORMAL,normal
F01,137,FEEDING_NORMAL,normal
F01,138,FEEDING_NORMAL,normal
F01,139,FEEDING_NORMAL,normal
F01,140,FEEDING_NORMAL,normal
F01,141,FEEDING_NORMAL,normal
F01,142,FEEDING_NORMAL,normal
F01,143,FEEDING_NORMAL,normal
F01,144,FEEDING_NORMAL,normal
F01,145,FEEDING_NORMAL,normal
F01,146,FEEDING_NORMAL,normal
F01,147,FEEDING_NORMAL,normal
F01,148,FEEDING_NORMAL,normal
F01,149,FEEDING_NORMAL,normal
F01,150,FEEDING_NORMAL,normal
F01,151,FEEDING_NORMAL,normal
F01,152,FEEDING_NORMAL,normal
F01,153,FEEDING_NORMAL,normal
F01,154,FEEDING_NORMAL,normal
F01,155,FEEDING_NORMAL,normal
F01,156,FEEDING_NORMAL,normal
F01,157,FEEDING_NORMAL,normal
F01,158,FEEDING_NORMAL,normal
F01,159,FEEDING_NORMAL,normal
F01,160,FEEDING_NORMAL,normal
F01,161,FEEDING_NORMAL,normal
F01,162,FEEDING_NORMAL,normal
F01,163,FEEDING_NORMAL,normal
F01,164,FEEDING_NORMAL,normal
F01,165,FEEDING_NORMAL,normal
F01,166,FEEDING_NORMAL,normal
F01,167,FEEDING_NORMAL,normal
F01,168,FEEDING_NORMAL,normal
F01,169,FEEDING_NORMAL,normal
F01,170,FEEDING_NORMAL,normal
F01,171,FEEDING_NORMAL,normal
F01,172,FEEDING_NORMAL,normal
F01,173,FEEDING_NORMAL,normal
F01,174,FEEDING_NORMAL,normal
F01,175,FEEDING_NORMAL,normal
F01,176,FEEDING_NORMAL,normal
F01,177,FEEDING_NORMAL,normal
F01,178,FEEDING_NORMAL,normal
F01,179,FEEDING_NORMAL,normal
F01,180,FEEDING_NORMAL,normal
F01,181,FEEDING_NORMAL,normal
F01,182,FEEDING_NORMAL,normal
F01,183,FEEDING_NORMAL,normal
F01,184,FEEDING_NORMAL,normal
F01,185,FEEDING_NORMAL,normal
F01,186,FEEDING_NORMAL,normal
F01,187,FEEDING_NORMAL,normal
F01,188,FEEDING_NORMAL,normal
F01,189,FEEDING_NORMAL,normal
F01,190,FEEDING_NORMAL,normal
F01,191,FEEDING_NORMAL,normal
F01,192,FEEDING_NORMAL,normal
F01,193,FEEDING_NORMAL,normal
F01,194,FEEDING_NORMAL,normal
F01,195,FEEDING_NORMAL,normal
F01,196,FEEDING_NORMAL,normal
F01,197,FEEDING_NORMAL,normal
F01,198,FEEDING_NORMAL,normal
F01,199,FEEDING_NORMAL,normal
F01,200,FEEDING_NORMAL,normal
F01,201,FEEDING_NORMAL,normal
F01,202,FEEDING_NORMAL,normal
F01,203,FEEDING_NORMAL,normal
F01,204,FEEDING_NORMAL,normal
F01,205,FEEDING_NORMAL,normal
F01,206,FEEDING_NORMAL,normal
F01,207,FEEDING_NORMAL,normal
F01,208,FEEDING_NORMAL,normal
F01,209,FEEDING_NORMAL,normal
F01,210,FEEDING_NORMAL,normal
F01,211,FEEDING_NORMAL,normal
F01,212,FEEDING_NORMAL,normal
F01,213,FEEDING_NORMAL,normal
F01,214,FEEDING_NORMAL,normal
F01,215,FEEDING_NORMAL,normal
F01,216,FEEDING_NORMAL,normal
F01,217,FEEDING_NORMAL,normal
F01,218,FEEDING_NORMAL,normal
F01,219,FEEDING_NORMAL,normal
F01,220,FEEDING_NORMAL,normal
F01,221,FEEDING_NORMAL,normal
F01,222,FEEDING_NORMAL,normal
F01,223,FEEDING_NORMAL,normal
F01,224,FEEDING_NORMAL,normal
F01,225,FEEDING_NORMAL,normal
F01,226,FEEDING_NORMAL,normal
F01,227,FEEDING_NORMAL,normal
F01,228,FEEDING_NORMAL,normal
F01,229,FEEDING_NORMAL,normal
F01,230,FEEDING_NORMAL,normal
F01,231,FEEDING_NORMAL,normal
F01,232,FEEDING_NORMAL,normal
F01,233,FEEDING_NORMAL,normal
F01,234,FEEDING_NORMAL,normal
F01,235,FEEDING_NORMAL,normal
F01,236,FEEDING_NORMAL,normal
F01,237,FEEDING_NORMAL,normal
F01,238,FEEDING_NORMAL,normal
F01,239,FEEDING_NORMAL,normal
F01,240,FEEDING_NORMAL,normal
F01,241,FEEDING_NORMAL,normal
F01,242,FEEDING_NORMAL,normal
F01,243,FEEDING_NORMAL,normal
F01,244,FEEDING_NORMAL,normal
F01,245,FEEDING_NORMAL,normal
F01,246,FEEDING_NORMAL,normal
F01,247,FEEDING_NORMAL,normal
F01,248,FEEDING_NORMAL,normal
F01,249,FEEDING_NORMAL,normal
F01,250,FEEDING_NORMAL,normal
F01,251,FEEDING_NORMAL,normal
F01,252,FEEDING_NORMAL,normal
F01,253,FEEDING_NORMAL,normal
F01,254,FEEDING_NORMAL,normal
F01,255,FEEDING_NORMAL,normal
F01,256,FEEDING_NORMAL,normal
F01,257,FEEDING_NORMAL,normal
F01,258,FEEDING_NORMAL,normal
F01,259,FEEDING_NORMAL,normal
F01,260,FEEDING_NORMAL,normal
F01,261,FEEDING_NORMAL,normal
F01,262,FEEDING_NORMAL,normal
F01,263,FEEDING_NORMAL,normal
F01,264,FEEDING_NORMAL,normal
F01,265,FEEDING_NORMAL,normal
F01,266,FEEDING_NORMAL,normal
F01,267,FEEDING_NORMAL,normal
F01,268,FEEDING_NORMAL,normal
F01,269,FEEDING_NORMAL,normal
F01,270,FEEDING_NORMAL,normal
F01,271,FEEDING_NORMAL,normal
F01,272,FEEDING_NORMAL,normal
F01,273,FEEDING_NORMAL,normal
F01,274,FEEDING_NORMAL,normal
F01,275,FEEDING_NORMAL,normal
F01,276,FEEDING_NORMAL,normal
F01,277,FEEDING_NORMAL,normal
F01,278,FEEDING_NORMAL,normal
F01,279,FEEDING_NORMAL,normal
F01,280,FEEDING_NORMAL,normal
F01,281,FEEDING_NORMAL,normal
F01,282,FEEDING_NORMAL,normal
F01,283,FEEDING_NORMAL,normal
F01,284,FEEDING_NORMAL,normal
F01,285,FEEDING_NORMAL,normal
F01,286,FEEDING_NORMAL,normal
F01,287,FEEDING_NORMAL,normal
F01,288,FEEDING_NORMAL,normal
F01,289,FEEDING_NORMAL,normal
F01,290,FEEDING_NORMAL,normal
F01,291,FEEDING_NORMAL,normal
F01,292,FEEDING_NORMAL,normal
F01,293,FEEDING_NORMAL,normal
F01,294,FEEDING_NORMAL,normal
F01,295,FEEDING_NORMAL,normal
F01,296,FEEDING_NORMAL,normal
F01,297,FEEDING_NORMAL,normal
F01,298,FEEDING_NORMAL,normal
F01,299,FEEDING_NORMAL,normal
F01,300,FEEDING_NORMAL,normal
F01,301,FEEDING_NORMAL,normal
F01,302,FEEDING_NORMAL,normal
F01,303,FEEDING_NORMAL,normal
F01,304,FEEDING_NORMAL,normal
F01,305,FEEDING_NORMAL,normal
F01,306,FEEDING_NORMAL,normal
F01,307,FEEDING_NORMAL,normal
F01,308,FEEDING_NORMAL,normal
F01,309,FEEDING_NORMAL,normal
F01,310,FEEDING_NORMAL,normal
F01,311,FEEDING_NORMAL,normal
F01,312,FEEDING_NORMAL,normal
F01,313,FEEDING_NORMAL,normal
F01,314,FEEDING_NORMAL,normal
F01,315,FEEDING_NORMAL,normal
F01,316,FEEDING_NORMAL,normal
F01,317,FEEDING_NORMAL,normal
F01,318,FEEDING_NORMAL,normal
F01,319,FEEDING_NORMAL,normal
F01,320,FEEDING_NORMAL,normal
F01,321,FEEDING_NORMAL,normal
F01,322,FEEDING_NORMAL,normal
F01,323,FEEDING_NORMAL,normal
F01,324,FEEDING_NORMAL,normal
F01,325,FEEDING_NORMAL,normal
F01,326,FEEDING_NORMAL,normal
F01,327,FEEDING_NORMAL,normal
F01,328,FEEDING_NORMAL,normal
F01,329,FEEDING_NORMAL,normal
F01,330,FEEDING_NORMAL,normal
F01,331,FEEDING_NORMAL,normal
F01,332,FEEDING_NORMAL,normal
F01,333,FEEDING_NORMAL,normal
F01,334,FEEDING_NORMAL,normal
F01,335,FEEDING_NORMAL,normal
F01,336,FEEDING_NORMAL,normal
F01,337,FEEDING_NORMAL,normal
F01,338,FEEDING_NORMAL,normal
F01,339,FEEDING_NORMAL,normal
F01,340,FEEDING_NORMAL,normal
F01,341,FEEDING_NORMAL,normal
F01,342,FEEDING_NORMAL,normal
F01,343,FEEDING_NORMAL,normal
F01,344,FEEDING_NORMAL,normal
F01,345,FEEDING_NORMAL,normal
F01,346,FEEDING_NORMAL,normal
F01,347,FEEDING_NORMAL,normal
F01,348,FEEDING_NORMAL,normal
F01,349,FEEDING_NORMAL,normal
F01,350,FEEDING_NORMAL,normal
F01,351,FEEDING_NORMAL,normal
F01,352,FEEDING_NORMAL,normal
F01,353,FEEDING_NORMAL,normal
F01,354,FEEDING_NORMAL,normal
F01,355,FEEDING_NORMAL,normal
F01,356,FEEDING_NORMAL,normal
F01,357,FEEDING_NORMAL,normal
F01,358,FEEDING_NORMAL,normal
F01,359,FEEDING_NORMAL,normal
F01,360,FEEDING_NORMAL,normal
F01,361,FEEDING_NORMAL,normal
F01,362,FEEDING_NORMAL,normal
F01,363,FEEDING_NORMAL,normal
F01,364,FEEDING_NORMAL,normal
F01,365,FEEDING_NORMAL,normal
F01,366,FEEDING_NORMAL,normal
F01,367,FEEDING_NORMAL,normal
F01,368,FEEDING_NORMAL,normal
F01,369,FEEDING_NORMAL,normal
F01,370,FEEDING_NORMAL,normal
F01,371,FEEDING_NORMAL,normal
F01,372,FEEDING_NORMAL,normal
F01,373,FEEDING_NORMAL,normal
F01,374,FEEDING_NORMAL,normal
F01,375,FEEDING_NORMAL,normal
F01,376,FEEDING_NORMAL,normal
F01,377,FEEDING_NORMAL,normal
F01,378,FEEDING_NORMAL,normal
F01,379,FEEDING_NORMAL,normal
F01,380,FEEDING_NORMAL,normal
F01,381,FEEDING_NORMAL,normal
F01,382,FEEDING_NORMAL,normal
F01,383,FEEDING_NORMAL,normal
F01,384,FEEDING_NORMAL,normal
F01,385,FEEDING_NORMAL,normal
F01,386,FEEDING_NORMAL,normal
F01,387,FEEDING_NORMAL,normal
F01,388,FEEDING_NORMAL,normal
F01,389,FEEDING_NORMAL,normal
F01,390,FEEDING_NORMAL,normal
F01,391,FEEDING_NORMAL,normal
F01,392,FEEDING_NORMAL,normal
F01,393,FEEDING_NORMAL,normal
F01,394,FEEDING_NORMAL,normal
F01,395,FEEDING_NORMAL,normal
F01,396,FEEDING_NORMAL,normal
F01,397,FEEDING_NORMAL,normal
F01,398,FEEDING_NORMAL,normal
F01,399,FEEDING_NORMAL,normal
F01,400,FEEDING_NORMAL,normal
F01,401,FEEDING_NORMAL,normal
F01,402,FEEDING_NORMAL,normal
F01,403,FEEDING_NORMAL,normal
F01,404,FEEDING_NORMAL,normal
F01,405,FEEDING_NORMAL,normal
F01,406,FEEDING_NORMAL,normal
F01,407,FEEDING_NORMAL,normal
F01,408,FEEDING_NORMAL,normal
F01,409,FEEDING_NORMAL,normal
F01,410,FEEDING_NORMAL,normal
F01,411,FEEDING_NORMAL,normal
F01,412,FEEDING_NORMAL,normal
F01,413,FEEDING_NORMAL,normal
F01,414,FEEDING_NORMAL,normal
F01,415,FEEDING_NORMAL,normal
F01,416,FEEDING_NORMAL,normal
F01,417,FEEDING_NORMAL,normal
F01,418,FEEDING_NORMAL,normal
F01,419,FEEDING_NORMAL,normal
F01,420,FEEDING_NORMAL,normal
F01,421,FEEDING_NORMAL,normal
F01,422,FEEDING_NORMAL,normal
F01,423,FEEDING_NORMAL,normal
F01,424,FEEDING_NORMAL,normal
F01,425,FEEDING_NORMAL,normal
F01,426,FEEDING_NORMAL,normal
F01,427,FEEDING_NORMAL,normal
F01,428,FEEDING_NORMAL,normal
F01,429,FEEDING_NORMAL,normal
F01,430,FEEDING_NORMAL,normal
F01,431,FEEDING_NORMAL,normal
F01,432,FEEDING_NORMAL,normal
F01,433,FEEDING_NORMAL,normal
F01,434,FEEDING_NORMAL,normal
F01,435,FEEDING_NORMAL,normal
F01,436,FEEDING_NORMAL,normal
F01,437,FEEDING_NORMAL,normal
F01,438,FEEDING_NORMAL,normal
F01,439,FEEDING_NORMAL,normal
F01,440,FEEDING_NORMAL,normal
F01,441,FEEDING_NORMAL,normal
F01,442,FEEDING_NORMAL,normal
F01,443,FEEDING_NORMAL,normal
F01,444,FEEDING_NORMAL,normal
F01,445,FEEDING_NORMAL,normal
F01,446,FEEDING_NORMAL,normal
F01,447,FEEDING_NORMAL,normal
F01,448,FEEDING_NORMAL,normal
F01,449,FEEDING_NORMAL,normal
F01,450,FEEDING_NORMAL,normal
F01,451,FEEDING_NORMAL,normal
F01,452,FEEDING_NORMAL,normal
F01,453,FEEDING_NORMAL,normal
F01,454,FEEDING_NORMAL,normal
F01,455,FEEDING_NORMAL,normal
F01,456,FEEDING_NORMAL,normal
F01,457,FEEDING_NORMAL,normal
F01,458,FEEDING_NORMAL,normal
F01,459,FEEDING_NORMAL,normal
F01,460,FEEDING_NORMAL,normal
F01,461,FEEDING_NORMAL,normal
F01,462,FEEDING_NORMAL,normal
F01,463,FEEDING_NORMAL,normal
F01,464,FEEDING_NORMAL,normal
F01,465,FEEDING_NORMAL,normal
F01,466,FEEDING_NORMAL,normal
F01,467,FEEDING_NORMAL,normal
F01,468,FEEDING_NORMAL,normal
F01,469,FEEDING_NORMAL,normal
F01,470,FEEDING_NORMAL,normal
F01,471,FEEDING_NORMAL,normal
F01,472,FEEDING_NORMAL,normal
F01,473,FEEDING_NORMAL,normal
F01,474,FEEDING_NORMAL,normal
F01,475,FEEDING_NORMAL,normal
F01,476,FEEDING_NORMAL,normal
F01,477,FEEDING_NORMAL,normal
F01,478,FEEDING_NORMAL,normal
F01,479,FEEDING_NORMAL,normal
F01,480,FEEDING_NORMAL,normal
F01,481,FEEDING_NORMAL,normal
F01,482,FEEDING_NORMAL,normal
F01,483,FEEDING_NORMAL,normal
F01,484,FEEDING_NORMAL,normal
F01,485,FEEDING_NORMAL,normal
F01,486,FEEDING_NORMAL,normal
F01,487,FEEDING_NORMAL,normal
F01,488,FEEDING_NORMAL,normal
F01,489,FEEDING_NORMAL,normal
F01,490,FEEDING_NORMAL,normal
F01,491,FEEDING_NORMAL,normal
F01,492,FEEDING_NORMAL,normal
F01,493,FEEDING_NORMAL,normal
F01,494,FEEDING_NORMAL,normal
F01,495,FEEDING_NORMAL,normal
F01,496,FEEDING_NORMAL,normal
F01,497,FEEDING_NORMAL,normal
F01,498,FEEDING_NORMAL,normal
F01,499,FEEDING_NORMAL,normal
F01,500,FEEDING_NORMAL,normal
F01,501,FEEDING_NORMAL,normal
F01,502,FEEDING_NORMAL,normal
F01,503,FEEDING_NORMAL,normal
F01,504,FEEDING_NORMAL,normal
F01,505,FEEDING_NORMAL,normal
F01,506,FEEDING_NORMAL,normal
F01,507,FEEDING_NORMAL,normal
F01,508,FEEDING_NORMAL,normal
F01,509,FEEDING_NORMAL,normal
F01,510,FEEDING_NORMAL,normal
F01,511,FEEDING_NORMAL,normal
F01,512,FEEDING_NORMAL,normal
F01,513,FEEDING_NORMAL,normal
F01,514,FEEDING_NORMAL,normal
F01,515,FEEDING_NORMAL,normal
F01,516,FEEDING_NORMAL,normal
F01,517,FEEDING_NORMAL,normal
F01,518,FEEDING_NORMAL,normal
F01,519,FEEDING_NORMAL,normal
F01,520,FEEDING_NORMAL,normal
F01,521,FEEDING_NORMAL,normal
F01,522,FEEDING_NORMAL,normal
F01,523,FEEDING_NORMAL,normal
F01,524,FEEDING_NORMAL,normal
F01,525,FEEDING_NORMAL,normal
F01,526,FEEDING_NORMAL,normal
F01,527,FEEDING_NORMAL,normal
F01,528,FEEDING_NORMAL,normal
F01,529,FEEDING_NORMAL,normal
F01,530,FEEDING_NORMAL,normal
F01,531,FEEDING_NORMAL,normal
F01,532,FEEDING_NORMAL,normal
F01,533,FEEDING_NORMAL,normal
F01,534,FEEDING_NORMAL,normal
F01,535,FEEDING_NORMAL,normal
F01,536,FEEDING_NORMAL,normal
F01,537,FEEDING_NORMAL,normal
F01,538,FEEDING_NORMAL,normal
F01,539,FEEDING_NORMAL,normal
F01,540,FEEDING_NORMAL,normal
F01,541,FEEDING_NORMAL,normal
F01,542,FEEDING_NORMAL,normal
F01,543,FEEDING_NORMAL,normal
F01,544,FEEDING_NORMAL,normal
F01,545,FEEDING_NORMAL,normal
F01,546,FEEDING_NORMAL,normal
F01,547,FEEDING_NORMAL,normal
F01,548,FEEDING_NORMAL,normal
F01,549,FEEDING_NORMAL,normal
F01,550,FEEDING_NORMAL,normal
F01,551,FEEDING_NORMAL,normal
F01,552,FEEDING_NORMAL,normal
F01,553,FEEDING_NORMAL,normal
F01,554,FEEDING_NORMAL,normal
F01,555,FEEDING_NORMAL,normal
F01,556,FEEDING_NORMAL,normal
F01,557,FEEDING_NORMAL,normal
F01,558,FEEDING_NORMAL,normal
F01,559,FEEDING_NORMAL,normal
F01,560,FEEDING_NORMAL,normal
F01,561,FEEDING_NORMAL,normal
F01,562,FEEDING_NORMAL,normal
F01,563,FEEDING_NORMAL,normal
F01,564,FEEDING_NORMAL,normal
F01,565,FEEDING_NORMAL,normal
F01,566,FEEDING_NORMAL,normal
F01,567,FEEDING_NORMAL,normal
F01,568,FEEDING_NORMAL,normal
F01,569,FEEDING_NORMAL,normal
F01,570,FEEDING_NORMAL,normal
F01,571,FEEDING_NORMAL,normal
F01,572,FEEDING_NORMAL,normal
F01,573,FEEDING_NORMAL,normal
F01,574,FEEDING_NORMAL,normal
F01,575,FEEDING_NORMAL,normal
F01,576,FEEDING_NORMAL,normal
F01,577,FEEDING_NORMAL,normal
F01,578,FEEDING_NORMAL,normal
F01,579,FEEDING_NORMAL,normal
F01,580,FEEDING_NORMAL,normal
F01,581,FEEDING_NORMAL,normal
F01,582,FEEDING_NORMAL,normal
F01,583,FEEDING_NORMAL,normal
F01,584,FEEDING_NORMAL,normal
F01,585,FEEDING_NORMAL,normal
F01,586,FEEDING_NORMAL,normal
F01,587,FEEDING_NORMAL,normal
F01,588,FEEDING_NORMAL,normal
F01,589,FEEDING_NORMAL,normal
F01,590,FEEDING_NORMAL,normal
F01,591,FEEDING_NORMAL,normal
F01,592,FEEDING_NORMAL,normal
F01,593,FEEDING_NORMAL,normal
F01,594,FEEDING_NORMAL,normal
F01,595,FEEDING_NORMAL,normal
F01,596,FEEDING_NORMAL,normal
F01,597,FEEDING_NORMAL,normal
F01,598,FEEDING_NORMAL,normal
F01,599,FEEDING_NORMAL,normal
F01,600,FEEDING_NORMAL,normal
F01,601,FEEDING_NORMAL,normal
F01,602,FEEDING_NORMAL,normal
F01,603,FEEDING_NORMAL,normal
F01,604,FEEDING_NORMAL,normal
F01,605,FEEDING_NORMAL,normal
F01,606,FEEDING_NORMAL,normal
F01,607,FEEDING_NORMAL,normal
F01,608,FEEDING_NORMAL,normal
F01,609,FEEDING_NORMAL,normal
F01,610,FEEDING_NORMAL,normal
F01,611,FEEDING_NORMAL,normal
F01,612,FEEDING_NORMAL,normal
F01,613,FEEDING_NORMAL,normal
F01,614,FEEDING_NORMAL,normal
F01,615,FEEDING_NORMAL,normal
F01,616,FEEDING_NORMAL,normal
F01,617,FEEDING_NORMAL,normal
F01,618,FEEDING_NORMAL,normal
F01,619,FEEDING_NORMAL,normal
F01,620,FEEDING_NORMAL,normal
F01,621,FEEDING_NORMAL,normal
F01,622,FEEDING_NORMAL,normal
F01,623,FEEDING_NORMAL,normal
F01,624,FEEDING_NORMAL,normal
F01,625,FEEDING_NORMAL,normal
F01,626,FEEDING_NORMAL,normal
F01,627,FEEDING_NORMAL,normal
F01,628,FEEDING_NORMAL,normal
F01,629,FEEDING_NORMAL,normal
F01,630,FEEDING_NORMAL,normal
F01,631,FEEDING_NORMAL,normal
F01,632,FEEDING_NORMAL,normal
F01,633,FEEDING_NORMAL,normal
F01,634,FEEDING_NORMAL,normal
F01,635,FEEDING_NORMAL,normal
F01,636,FEEDING_NORMAL,normal
F01,637,FEEDING_NORMAL,normal
F01,638,FEEDING_NORMAL,normal
F01,639,FEEDING_NORMAL,normal
F01,640,FEEDING_NORMAL,normal
F01,641,FEEDING_NORMAL,normal
F01,642,FEEDING_NORMAL,normal
F01,643,FEEDING_NORMAL,normal
F01,644,FEEDING_NORMAL,normal
F01,645,FEEDING_NORMAL,normal
F01,646,FEEDING_NORMAL,normal
F01,647,FEEDING_NORMAL,normal
F01,648,FEEDING_NORMAL,normal
F01,649,FEEDING_NORMAL,normal
F01,650,FEEDING_NORMAL,normal
F01,651,FEEDING_NORMAL,normal
F01,652,FEEDING_NORMAL,normal
F01,653,FEEDING_NORMAL,normal
F01,654,FEEDING_NORMAL,normal
F01,655,FEEDING_NORMAL,normal
F01,656,FEEDING_NORMAL,normal
F01,657,FEEDING_NORMAL,normal
F01,658,FEEDING_NORMAL,normal
F01,659,FEEDING_NORMAL,normal
F01,660,FEEDING_NORMAL,normal
F01,661,FEEDING_NORMAL,normal
F01,662,FEEDING_NORMAL,normal
F01,663,FEEDING_NORMAL,normal
F01,664,FEEDING_NORMAL,normal
F01,665,FEEDING_NORMAL,normal
F01,666,FEEDING_NORMAL,normal
F01,667,FEEDING_NORMAL,normal
F01,668,FEEDING_NORMAL,normal
F01,669,FEEDING_NORMAL,normal
F01,670,FEEDING_NORMAL,normal
F01,671,FEEDING_NORMAL,normal
F01,672,FEEDING_NORMAL,normal
F01,673,FEEDING_NORMAL,normal
F01,674,FEEDING_NORMAL,normal
F01,675,FEEDING_NORMAL,normal
F01,676,FEEDING_NORMAL,normal
F01,677,FEEDING_NORMAL,normal
F01,678,FEEDING_NORMAL,normal
F01,679,FEEDING_NORMAL,normal
F01,680,FEEDING_NORMAL,normal
F01,681,FEEDING_NORMAL,normal
F01,682,FEEDING_NORMAL,normal
F01,683,FEEDING_NORMAL,normal
F01,684,FEEDING_NORMAL,normal
F01,685,FEEDING_NORMAL,normal
F01,686,FEEDING_NORMAL,normal
F01,687,FEEDING_NORMAL,normal
F01,688,FEEDING_NORMAL,normal
F01,689,FEEDING_NORMAL,normal
F01,690,FEEDING_NORMAL,normal
F01,691,FEEDING_NORMAL,normal
F01,692,FEEDING_NORMAL,normal
F01,693,FEEDING_NORMAL,normal
F01,694,FEEDING_NORMAL,normal
F01,695,FEEDING_NORMAL,normal
F01,696,FEEDING_NORMAL,normal
F01,697,FEEDING_NORMAL,normal
F01,698,FEEDING_NORMAL,normal
F01,699,FEEDING_NORMAL,normal
F01,700,FEEDING_NORMAL,normal
F01,701,FEEDING_NORMAL,normal
F01,702,FEEDING_NORMAL,normal
F01,703,FEEDING_NORMAL,normal
F01,704,FEEDING_NORMAL,normal
F01,705,FEEDING_NORMAL,normal
F01,706,FEEDING_NORMAL,normal
F01,707,FEEDING_NORMAL,normal
F01,708,FEEDING_NORMAL,normal
F01,709,FEEDING_NORMAL,normal
F01,710,FEEDING_NORMAL,normal
F01,711,FEEDING_NORMAL,normal
F01,712,FEEDING_NORMAL,normal
F01,713,FEEDING_NORMAL,normal
F01,714,FEEDING_NORMAL,normal
F01,715,FEEDING_NORMAL,normal
F01,716,FEEDING_NORMAL,normal
F01,717,FEEDING_NORMAL,normal
F01,718,FEEDING_NORMAL,normal
F01,719,FEEDING_NORMAL,normal
F01,720,FEEDING_NORMAL,normal
F01,721,FEEDING_NORMAL,normal
F01,722,FEEDING_NORMAL,normal
F01,723,FEEDING_NORMAL,normal
F01,724,FEEDING_NORMAL,normal
F01,725,FEEDING_NORMAL,normal
F01,726,FEEDING_NORMAL,normal
F01,727,FEEDING_NORMAL,normal
F01,728,FEEDING_NORMAL,normal
F01,729,FEEDING_NORMAL,normal
F01,730,FEEDING_NORMAL,normal
F01,731,FEEDING_NORMAL,normal
F01,732,FEEDING_NORMAL,normal
F01,733,FEEDING_NORMAL,normal
F01,734,FEEDING_NORMAL,normal
F01,735,FEEDING_NORMAL,normal
F01,736,FEEDING_NORMAL,normal
F01,737,FEEDING_NORMAL,normal
F01,738,FEEDING_NORMAL,normal
F01,739,FEEDING_NORMAL,normal
F01,740,FEEDING_NORMAL,normal
F01,741,FEEDING_NORMAL,normal
F01,742,FEEDING_NORMAL,normal
F01,743,FEEDING_NORMAL,normal
F01,744,FEEDING_NORMAL,normal
F01,745,FEEDING_NORMAL,normal
F01,746,FEEDING_NORMAL,normal
F01,747,FEEDING_NORMAL,normal
F01,748,FEEDING_NORMAL,normal
F01,749,FEEDING_NORMAL,normal
F01,750,FEEDING_NORMAL,normal
F01,751,FEEDING_NORMAL,normal
F01,752,FEEDING_NORMAL,normal
F01,753,FEEDING_NORMAL,normal
F01,754,FEEDING_NORMAL,normal
F01,755,FEEDING_NORMAL,normal
F01,756,FEEDING_NORMAL,normal
F01,757,FEEDING_NORMAL,normal
F01,758,FEEDING_NORMAL,normal
F01,759,FEEDING_NORMAL,normal
F01,760,FEEDING_NORMAL,normal
F01,761,FEEDING_NORMAL,normal
F01,762,FEEDING_NORMAL,normal
F01,763,FEEDING_NORMAL,normal
F01,764,FEEDING_NORMAL,normal
F01,765,FEEDING_NORMAL,normal
F01,766,FEEDING_NORMAL,normal
F01,767,FEEDING_NORMAL,normal
F01,768,FEEDING_NORMAL,normal
F01,769,FEEDING_NORMAL,normal
F01,770,FEEDING_NORMAL,normal
F01,771,FEEDING_NORMAL,normal
F01,772,FEEDING_NORMAL,normal
F01,773,FEEDING_NORMAL,normal
F01,774,FEEDING_NORMAL,normal
F01,775,FEEDING_NORMAL,normal
F01,776,FEEDING_NORMAL,normal
F01,777,FEEDING_NORMAL,normal
F01,778,FEEDING_NORMAL,normal
F01,779,FEEDING_NORMAL,normal
F01,780,FEEDING_NORMAL,normal
F01,781,FEEDING_NORMAL,normal
F01,782,FEEDING_NORMAL,normal
F01,783,FEEDING_NORMAL,normal
F01,784,FEEDING_NORMAL,normal
F01,785,FEEDING_NORMAL,normal
F01,786,FEEDING_NORMAL,normal
F01,787,FEEDING_NORMAL,normal
F01,788,FEEDING_NORMAL,normal
F01,789,FEEDING_NORMAL,normal
F01,790,FEEDING_NORMAL,normal
F01,791,FEEDING_NORMAL,normal
F01,792,FEEDING_NORMAL,normal
F01,793,FEEDING_NORMAL,normal
F01,794,FEEDING_NORMAL,normal
F01,795,FEEDING_NORMAL,normal
F01,796,FEEDING_NORMAL,normal
F01,797,FEEDING_NORMAL,normal
F01,798,FEEDING_NORMAL,normal
F01,799,FEEDING_NORMAL,normal
F01,800,FEEDING_NORMAL,normal
F01,801,FEEDING_NORMAL,normal
F01,802,FEEDING_NORMAL,normal
F01,803,FEEDING_NORMAL,normal
F01,804,FEEDING_NORMAL,normal
F01,805,FEEDING_NORMAL,normal
F01,806,FEEDING_NORMAL,normal
F01,807,FEEDING_NORMAL,normal
F01,808,FEEDING_NORMAL,normal
F01,809,FEEDING_NORMAL,normal
F01,810,FEEDING_NORMAL,normal
F01,811,FEEDING_NORMAL,normal
F01,812,FEEDING_NORMAL,normal
F01,813,FEEDING_NORMAL,normal
F01,814,FEEDING_NORMAL,normal
F01,815,FEEDING_NORMAL,normal
F01,816,FEEDING_NORMAL,normal
F01,817,FEEDING_NORMAL,normal
F01,818,FEEDING_NORMAL,normal
F01,819,FEEDING_NORMAL,normal
F01,820,FEEDING_NORMAL,normal
F01,821,FEEDING_NORMAL,normal
F01,822,FEEDING_NORMAL,normal
F01,823,FEEDING_NORMAL,normal
F01,824,FEEDING_NORMAL,normal
F01,825,FEEDING_NORMAL,normal
F01,826,FEEDING_NORMAL,normal
F01,827,FEEDING_NORMAL,normal
F01,828,FEEDING_NORMAL,normal
F01,829,FEEDING_NORMAL,normal
F01,830,FEEDING_NORMAL,normal
F01,831,FEEDING_NORMAL,normal
F01,832,FEEDING_NORMAL,normal
F01,833,FEEDING_NORMAL,normal
F01,834,FEEDING_NORMAL,normal
F01,835,FEEDING_NORMAL,normal
F01,836,FEEDING_NORMAL,normal
F01,837,FEEDING_NORMAL,normal
F01,838,FEEDING_NORMAL,normal
F01,839,FEEDING_NORMAL,normal
F01,840,FEEDING_NORMAL,normal
F01,841,FEEDING_NORMAL,normal
F01,842,FEEDING_NORMAL,normal
F01,843,FEEDING_NORMAL,normal
F01,844,FEEDING_NORMAL,normal
F01,845,FEEDING_NORMAL,normal
F01,846,FEEDING_NORMAL,normal
F01,847,FEEDING_NORMAL,normal
F01,848,FEEDING_NORMAL,normal
F01,849,FEEDING_NORMAL,normal
F01,850,FEEDING_NORMAL,normal
F01,851,FEEDING_NORMAL,normal
F01,852,FEEDING_NORMAL,normal
F01,853,FEEDING_NORMAL,normal
F01,854,FEEDING_NORMAL,normal
F01,855,FEEDING_NORMAL,normal
F01,856,FEEDING_NORMAL,normal
F01,857,FEEDING_NORMAL,normal
F01,858,FEEDING_NORMAL,normal
F01,859,FEEDING_NORMAL,normal
F01,860,FEEDING_NORMAL,normal
F01,861,FEEDING_NORMAL,normal
F01,862,FEEDING_NORMAL,normal
F01,863,FEEDING_NORMAL,normal
F01,864,FEEDING_NORMAL,normal
F01,865,FEEDING_NORMAL,normal
F01,866,FEEDING_NORMAL,normal
F01,867,FEEDING_NORMAL,normal
F01,868,FEEDING_NORMAL,normal
F01,869,FEEDING_NORMAL,normal
F01,870,FEEDING_NORMAL,normal
F01,871,FEEDING_NORMAL,normal
F01,872,FEEDING_NORMAL,normal
F01,873,FEEDING_NORMAL,normal
F01,874,FEEDING_NORMAL,normal
F01,875,FEEDING_NORMAL,normal
F01,876,FEEDING_NORMAL,normal
F01,877,FEEDING_NORMAL,normal
F01,878,FEEDING_NORMAL,normal
F01,879,FEEDING_NORMAL,normal
F01,880,FEEDING_NORMAL,normal
F01,881,FEEDING_NORMAL,normal
F01,882,FEEDING_NORMAL,normal
F01,883,FEEDING_NORMAL,normal
F01,884,FEEDING_NORMAL,normal
F01,885,FEEDING_NORMAL,normal
F01,886,FEEDING_NORMAL,normal
F01,887,FEEDING_NORMAL,normal
F01,888,FEEDING_NORMAL,normal
F01,889,FEEDING_NORMAL,normal
F01,890,FEEDING_NORMAL,normal
F01,891,FEEDING_NORMAL,normal
F01,892,FEEDING_NORMAL,normal
F01,893,FEEDING_NORMAL,normal
F01,894,FEEDING_NORMAL,normal
F01,895,FEEDING_NORMAL,normal
F01,896,FEEDING_NORMAL,normal
F01,897,FEEDING_NORMAL,normal
F01,898,FEEDING_NORMAL,normal
F01,899,FEEDING_NORMAL,normal
F01,900,FEEDING_NORMAL,normal
F01,901,FEEDING_NORMAL,normal
F01,902,FEEDING_NORMAL,normal
F01,903,FEEDING_NORMAL,normal
F01,904,FEEDING_NORMAL,normal
F01,905,FEEDING_NORMAL,normal
F01,906,FEEDING_NORMAL,normal
F01,907,FEEDING_NORMAL,normal
F01,908,FEEDING_NORMAL,normal
F01,909,FEEDING_NORMAL,normal
F01,910,FEEDING_NORMAL,normal
F01,911,FEEDING_NORMAL,normal
F01,912,FEEDING_NORMAL,normal
F01,913,FEEDING_NORMAL,normal
F01,914,FEEDING_NORMAL,normal
F01,915,FEEDING_NORMAL,normal
F01,916,FEEDING_NORMAL,normal
F01,917,FEEDING_NORMAL,normal
F01,918,FEEDING_NORMAL,normal
F01,919,FEEDING_NORMAL,normal
F01,920,FEEDING_NORMAL,normal
F01,921,FEEDING_NORMAL,normal
F01,922,FEEDING_NORMAL,normal
F01,923,FEEDING_NORMAL,normal
F01,924,FEEDING_NORMAL,normal
F01,925,FEEDING_NORMAL,normal
F01,926,FEEDING_NORMAL,normal
F01,927,FEEDING_NORMAL,normal
F01,928,FEEDING_NORMAL,normal
F01,929,FEEDING_NORMAL,normal
F01,930,FEEDING_NORMAL,normal
F01,931,FEEDING_NORMAL,normal
F01,932,FEEDING_NORMAL,normal
F01,933,FEEDING_NORMAL,normal
F01,934,FEEDING_NORMAL,normal
F01,935,FEEDING_NORMAL,normal
F01,936,FEEDING_NORMAL,normal
F01,937,FEEDING_NORMAL,normal
F01,938,FEEDING_NORMAL,normal
F01,939,FEEDING_NORMAL,normal
F01,940,FEEDING_NORMAL,normal
F01,941,FEEDING_NORMAL,normal
F01,942,FEEDING_NORMAL,normal
F01,943,FEEDING_NORMAL,normal
F01,944,FEEDING_NORMAL,normal
F01,945,FEEDING_NORMAL,normal
F01,946,FEEDING_NORMAL,normal
F01,947,FEEDING_NORMAL,normal
F01,948,FEEDING_NORMAL,normal
F01,949,FEEDING_NORMAL,normal
F01,950,FEEDING_NORMAL,normal
F01,951,FEEDING_NORMAL,normal
F01,952,FEEDING_NORMAL,normal
F01,953,FEEDING_NORMAL,normal
F01,954,FEEDING_NORMAL,normal
F01,955,FEEDING_NORMAL,normal
F01,956,FEEDING_NORMAL,normal
F01,957,FEEDING_NORMAL,normal
F01,958,FEEDING_NORMAL,normal
F01,959,FEEDING_NORMAL,normal
F01,960,FEEDING_NORMAL,normal
F01,961,FEEDING_NORMAL,normal
F01,962,FEEDING_NORMAL,normal
F01,963,FEEDING_NORMAL,normal
F01,964,FEEDING_NORMAL,normal
F01,965,FEEDING_NORMAL,normal
F01,966,FEEDING_NORMAL,normal
F01,967,FEEDING_NORMAL,normal
F01,968,FEEDING_NORMAL,normal
F01,969,FEEDING_NORMAL,normal
F01,970,FEEDING_NORMAL,normal
F01,971,FEEDING_NORMAL,normal
F01,972,FEEDING_NORMAL,normal
F01,973,FEEDING_NORMAL,normal
F01,974,FEEDING_NORMAL,normal
F01,975,FEEDING_NORMAL,normal
F01,976,FEEDING_NORMAL,normal
F01,977,FEEDING_NORMAL,normal
F01,978,FEEDING_NORMAL,normal
F01,979,FEEDING_NORMAL,normal
F01,980,FEEDING_NORMAL,normal
F01,981,FEEDING_NORMAL,normal
F01,982,FEEDING_NORMAL,normal
F01,983,FEEDING_NORMAL,normal
F01,984,FEEDING_NORMAL,normal
F01,985,FEEDING_NORMAL,normal
F01,986,FEEDING_NORMAL,normal
F01,987,FEEDING_NORMAL,normal
F01,988,FEEDING_NORMAL,normal
F01,989,FEEDING_NORMAL,normal
F01,990,FEEDING_NORMAL,normal
F01,991,FEEDING_NORMAL,normal
F01,992,FEEDING_NORMAL,normal
F01,993,FEEDING_NORMAL,normal
F01,994,FEEDING_NORMAL,normal
F01,995,FEEDING_NORMAL,normal
F01,996,FEEDING_NORMAL,normal
F01,997,FEEDING_NORMAL,normal
F01,998,FEEDING_NORMAL,normal
F01,999,FEEDING_NORMAL,normal
F01,1000,FEEDING_NORMAL,normal
F01,1001,FEEDING_NORMAL,normal
F01,1002,FEEDING_NORMAL,normal
F01,1003,FEEDING_NORMAL,normal
F01,1004,FEEDING_NORMAL,normal
F01,1005,FEEDING_NORMAL,normal
F01,1006,FEEDING_NORMAL,normal
F01,1007,FEEDING_NORMAL,normal
F01,1008,FEEDING_NORMAL,normal
F01,1009,FEEDING_NORMAL,normal
F01,1010,FEEDING_NORMAL,normal
F01,1011,FEEDING_NORMAL,normal
F01,1012,FEEDING_NORMAL,normal
F01,1013,FEEDING_NORMAL,normal
F01,1014,FEEDING_NORMAL,normal
F01,1015,FEEDING_NORMAL,normal
F01,1016,FEEDING_NORMAL,normal
F01,1017,FEEDING_NORMAL,normal
F01,1018,FEEDING_NORMAL,normal
F01,1019,FEEDING_NORMAL,normal
F01,1020,FEEDING_NORMAL,normal
F01,1021,FEEDING_NORMAL,normal
F01,1022,FEEDING_NORMAL,normal
F01,1023,FEEDING_NORMAL,normal
F01,1024,FEEDING_NORMAL,normal
F01,1025,FEEDING_NORMAL,normal
F01,1026,FEEDING_NORMAL,normal
F01,1027,FEEDING_NORMAL,normal
F01,1028,FEEDING_NORMAL,normal
F01,1029,FEEDING_NORMAL,normal
F01,1030,FEEDING_NORMAL,normal
F01,1031,FEEDING_NORMAL,normal
F01,1032,FEEDING_NORMAL,normal
F01,1033,FEEDING_NORMAL,normal
F01,1034,FEEDING_NORMAL,normal
F01,1035,FEEDING_NORMAL,normal
F01,1036,FEEDING_NORMAL,normal
F01,1037,FEEDING_NORMAL,normal
F01,1038,FEEDING_NORMAL,normal
F01,1039,FEEDING_NORMAL,normal
F01,1040,FEEDING_NORMAL,normal
F01,1041,FEEDING_NORMAL,normal
F01,1042,FEEDING_NORMAL,normal
F01,1043,FEEDING_NORMAL,normal
F01,1044,FEEDING_NORMAL,normal
F01,1045,FEEDING_NORMAL,normal
F01,1046,FEEDING_NORMAL,normal
F01,1047,FEEDING_NORMAL,normal
F01,1048,FEEDING_NORMAL,normal
F01,1049,FEEDING_NORMAL,normal
F01,1050,FEEDING_NORMAL,normal
F01,1051,FEEDING_NORMAL,normal
F01,1052,FEEDING_NORMAL,normal
F01,1053,FEEDING_NORMAL,normal
F01,1054,FEEDING_NORMAL,normal
F01,1055,FEEDING_NORMAL,normal
F01,1056,FEEDING_NORMAL,normal
F01,1057,FEEDING_NORMAL,normal
F01,1058,FEEDING_NORMAL,normal
F01,1059,FEEDING_NORMAL,normal
F01,1060,FEEDING_NORMAL,normal
F01,1061,FEEDING_NORMAL,normal
F01,1062,FEEDING_NORMAL,normal
F01,1063,FEEDING_NORMAL,normal
F01,1064,FEEDING_NORMAL,normal
F01,1065,FEEDING_NORMAL,normal
F01,1066,FEEDING_NORMAL,normal
F01,1067,FEEDING_NORMAL,normal
F01,1068,FEEDING_NORMAL,normal
F01,1069,FEEDING_NORMAL,normal
F01,1070,FEEDING_NORMAL,normal
F01,1071,FEEDING_NORMAL,normal
F01,1072,FEEDING_NORMAL,normal
F01,1073,FEEDING_NORMAL,normal
F01,1074,FEEDING_NORMAL,normal
F01,1075,FEEDING_NORMAL,normal
F01,1076,FEEDING_NORMAL,normal
F01,1077,FEEDING_NORMAL,normal
F01,1078,FEEDING_NORMAL,normal
F01,1079,FEEDING_NORMAL,normal
F01,1080,FEEDING_NORMAL,normal
F01,1081,FEEDING_NORMAL,normal
F01,1082,FEEDING_NORMAL,normal
F01,1083,FEEDING_NORMAL,normal
F01,1084,FEEDING_NORMAL,normal
F01,1085,FEEDING_NORMAL,normal
F01,1086,FEEDING_NORMAL,normal
F01,1087,FEEDING_NORMAL,normal
F01,1088,FEEDING_NORMAL,normal
F01,1089,FEEDING_NORMAL,normal
F01,1090,FEEDING_NORMAL,normal
F01,1091,FEEDING_NORMAL,normal
F01,1092,FEEDING_NORMAL,normal
F01,1093,FEEDING_NORMAL,normal
F01,1094,FEEDING_NORMAL,normal
F01,1095,FEEDING_NORMAL,normal
F01,1096,FEEDING_NORMAL,normal
F01,1097,FEEDING_NORMAL,normal
F01,1098,FEEDING_NORMAL,normal
F01,1099,FEEDING_NORMAL,normal
F01,1100,FEEDING_NORMAL,normal
F01,1101,FEEDING_NORMAL,normal
F01,1102,FEEDING_NORMAL,normal
F01,1103,FEEDING_NORMAL,normal
F01,1104,FEEDING_NORMAL,normal
F01,1105,FEEDING_NORMAL,normal
F01,1106,FEEDING_NORMAL,normal
F01,1107,FEEDING_NORMAL,normal
F01,1108,FEEDING_NORMAL,normal
F01,1109,FEEDING_NORMAL,normal
F01,1110,FEEDING_NORMAL,normal
F01,1111,FEEDING_NORMAL,normal
F01,1112,FEEDING_NORMAL,normal
F01,1113,FEEDING_NORMAL,normal
F01,1114,FEEDING_NORMAL,normal
F01,1115,FEEDING_NORMAL,normal
F01,1116,FEEDING_NORMAL,normal
F01,1117,FEEDING_NORMAL,normal
F01,1118,FEEDING_NORMAL,normal
F01,1119,FEEDING_NORMAL,normal
F01,1120,FEEDING_NORMAL,normal
F01,1121,FEEDING_NORMAL,normal
F01,1122,FEEDING_NORMAL,normal
F01,1123,FEEDING_NORMAL,normal
F01,1124,FEEDING_NORMAL,normal
F01,1125,FEEDING_NORMAL,normal
F01,1126,FEEDING_NORMAL,normal
F01,1127,FEEDING_NORMAL,normal
F01,1128,FEEDING_NORMAL,normal
F01,1129,FEEDING_NORMAL,normal
F01,1130,FEEDING_NORMAL,normal
F01,1131,FEEDING_NORMAL,normal
F01,1132,FEEDING_NORMAL,normal
F01,1133,FEEDING_NORMAL,normal
F01,1134,FEEDING_NORMAL,normal
F01,1135,FEEDING_NORMAL,normal
F01,1136,FEEDING_NORMAL,normal
F01,1137,FEEDING_NORMAL,normal
F01,1138,FEEDING_NORMAL,normal
F01,1139,FEEDING_NORMAL,normal
F01,1140,FEEDING_NORMAL,normal
F01,1141,FEEDING_NORMAL,normal
F01,1142,FEEDING_NORMAL,normal
F01,1143,FEEDING_NORMAL,normal
F01,1144,FEEDING_NORMAL,normal
F01,1145,FEEDING_NORMAL,normal
F01,1146,FEEDING_NORMAL,normal
F01,1147,FEEDING_NORMAL,normal
F01,1148,FEEDING_NORMAL,normal
F01,1149,FEEDING_NORMAL,normal
F01,1150,FEEDING_NORMAL,normal
F01,1151,FEEDING_NORMAL,normal
F01,1152,FEEDING_NORMAL,normal
F01,1153,FEEDING_NORMAL,normal
F01,1154,FEEDING_NORMAL,normal
F01,1155,FEEDING_NORMAL,normal
F01,1156,FEEDING_NORMAL,normal
F01,1157,FEEDING_NORMAL,normal
F01,1158,FEEDING_NORMAL,normal
F01,1159,FEEDING_NORMAL,normal
F01,1160,FEEDING_NORMAL,normal
F01,1161,FEEDING_NORMAL,normal
F01,1162,FEEDING_NORMAL,normal
F01,1163,FEEDING_NORMAL,normal
F01,1164,FEEDING_NORMAL,normal
F01,1165,FEEDING_NORMAL,normal
F01,1166,FEEDING_NORMAL,normal
F01,1167,FEEDING_NORMAL,normal
F01,1168,FEEDING_NORMAL,normal
F01,1169,FEEDING_NORMAL,normal
F01,1170,FEEDING_NORMAL,normal
F01,1171,FEEDING_NORMAL,normal
F01,1172,FEEDING_NORMAL,normal
F01,1173,FEEDING_NORMAL,normal
F01,1174,FEEDING_NORMAL,normal
F01,1175,FEEDING_NORMAL,normal
F01,1176,FEEDING_NORMAL,normal
F01,1177,FEEDING_NORMAL,normal
F01,1178,FEEDING_NORMAL,normal
F01,1179,FEEDING_NORMAL,normal
F01,1180,FEEDING_NORMAL,normal
F01,1181,FEEDING_NORMAL,normal
F01,1182,FEEDING_NORMAL,normal
F01,1183,FEEDING_NORMAL,normal
F01,1184,FEEDING_NORMAL,normal
F01,1185,FEEDING_NORMAL,normal
F01,1186,FEEDING_NORMAL,normal
F01,1187,FEEDING_NORMAL,normal
F01,1188,FEEDING_NORMAL,normal
F01,1189,FEEDING_NORMAL,normal
F01,1190,FEEDING_NORMAL,normal
F01,1191,FEEDING_NORMAL,normal
F01,1192,FEEDING_NORMAL,normal
F01,1193,FEEDING_NORMAL,normal
F01,1194,FEEDING_NORMAL,normal
F01,1195,FEEDING_NORMAL,normal
F01,1196,FEEDING_NORMAL,normal
F01,1197,FEEDING_NORMAL,normal
F01,1198,FEEDING_NORMAL,normal
F01,1199,FEEDING_NORMAL,normal
F01,1200,FEEDING_NORMAL,normal
F01,1201,FEEDING_NORMAL,normal
F01,1202,FEEDING_NORMAL,normal
F01,1203,FEEDING_NORMAL,normal
F01,1204,FEEDING_NORMAL,normal
F01,1205,FEEDING_NORMAL,normal
F01,1206,FEEDING_NORMAL,normal
F01,1207,FEEDING_NORMAL,normal
F01,1208,FEEDING_NORMAL,normal
F01,1209,FEEDING_NORMAL,normal
F01,1210,FEEDING_NORMAL,normal
F01,1211,FEEDING_NORMAL,normal
F01,1212,FEEDING_NORMAL,normal
F01,1213,FEEDING_NORMAL,normal
F01,1214,FEEDING_NORMAL,normal
F01,1215,FEEDING_NORMAL,normal
F01,1216,FEEDING_NORMAL,normal
F01,1217,FEEDING_NORMAL,normal
F01,1218,FEEDING_NORMAL,normal
F01,1219,FEEDING_NORMAL,normal
F01,1220,FEEDING_NORMAL,normal
F01,1221,FEEDING_NORMAL,normal
F01,1222,FEEDING_NORMAL,normal
F01,1223,FEEDING_NORMAL,normal
F01,1224,FEEDING_NORMAL,normal
F01,1225,FEEDING_NORMAL,normal
F01,1226,FEEDING_NORMAL,normal
F01,1227,FEEDING_NORMAL,normal
F01,1228,FEEDING_NORMAL,normal
F01,1229,FEEDING_NORMAL,normal
F01,1230,FEEDING_NORMAL,normal
F01,1231,FEEDING_NORMAL,normal
F01,1232,FEEDING_NORMAL,normal
F01,1233,FEEDING_NORMAL,normal
F01,1234,FEEDING_NORMAL,normal
F01,1235,FEEDING_NORMAL,normal
F01,1236,FEEDING_NORMAL,normal
F01,1237,FEEDING_NORMAL,normal
F01,1238,FEEDING_NORMAL,normal
F01,1239,FEEDING_NORMAL,normal
F01,1240,FEEDING_NORMAL,normal
F01,1241,FEEDING_NORMAL,normal
F01,1242,FEEDING_NORMAL,normal
F01,1243,FEEDING_NORMAL,normal
F01,1244,FEEDING_NORMAL,normal
F01,1245,FEEDING_NORMAL,normal
F01,1246,FEEDING_NORMAL,normal
F01,1247,FEEDING_NORMAL,normal
F01,1248,FEEDING_NORMAL,normal
F01,1249,FEEDING_NORMAL,normal
F01,1250,FEEDING_NORMAL,normal
F01,1251,FEEDING_NORMAL,normal
F01,1252,FEEDING_NORMAL,normal
F01,1253,FEEDING_NORMAL,normal
F01,1254,FEEDING_NORMAL,normal
F01,1255,FEEDING_NORMAL,normal
F01,1256,FEEDING_NORMAL,normal
F01,1257,FEEDING_NORMAL,normal
F01,1258,FEEDING_NORMAL,normal
F01,1259,FEEDING_NORMAL,normal
F01,1260,FEEDING_NORMAL,normal
F01,1261,FEEDING_NORMAL,normal
F01,1262,FEEDING_NORMAL,normal
F01,1263,FEEDING_NORMAL,normal
F01,1264,FEEDING_NORMAL,normal
F01,1265,FEEDING_NORMAL,normal
F01,1266,FEEDING_NORMAL,normal
F01,1267,FEEDING_NORMAL,normal
F01,1268,FEEDING_NORMAL,normal
F01,1269,FEEDING_NORMAL,normal
F01,1270,FEEDING_NORMAL,normal
F01,1271,FEEDING_NORMAL,normal
F01,1272,FEEDING_NORMAL,normal
F01,1273,FEEDING_NORMAL,normal
F01,1274,FEEDING_NORMAL,normal
F01,1275,FEEDING_NORMAL,normal
F01,1276,FEEDING_NORMAL,normal
F01,1277,FEEDING_NORMAL,normal
F01,1278,FEEDING_NORMAL,normal
F01,1279,FEEDING_NORMAL,normal
F01,1280,FEEDING_NORMAL,normal
F01,1281,FEEDING_NORMAL,normal
F01,1282,FEEDING_NORMAL,normal
F01,1283,FEEDING_NORMAL,normal
F01,1284,FEEDING_NORMAL,normal
F01,1285,FEEDING_NORMAL,normal
F01,1286,FEEDING_NORMAL,normal
F01,1287,FEEDING_NORMAL,normal
F01,1288,FEEDING_NORMAL,normal
F01,1289,FEEDING_NORMAL,normal
F01,1290,FEEDING_NORMAL,normal
F01,1291,FEEDING_NORMAL,normal
F01,1292,FEEDING_NORMAL,normal
F01,1293,FEEDING_NORMAL,normal
F01,1294,FEEDING_NORMAL,normal
F01,1295,FEEDING_NORMAL,normal
F01,1296,FEEDING_NORMAL,normal
F01,1297,FEEDING_NORMAL,normal
F01,1298,FEEDING_NORMAL,normal
F01,1299,FEEDING_NORMAL,normal
F01,1300,FEEDING_NORMAL,normal
F01,1301,FEEDING_NORMAL,normal
F01,1302,FEEDING_NORMAL,normal
F01,1303,FEEDING_NORMAL,normal
F01,1304,FEEDING_NORMAL,normal
F01,1305,FEEDING_NORMAL,normal
F01,1306,FEEDING_NORMAL,normal
F01,1307,FEEDING_NORMAL,normal
F01,1308,FEEDING_NORMAL,normal
F01,1309,FEEDING_NORMAL,normal
F01,1310,FEEDING_NORMAL,normal
F01,1311,FEEDING_NORMAL,normal
F01,1312,FEEDING_NORMAL,normal
F01,1313,FEEDING_NORMAL,normal
F01,1314,FEEDING_NORMAL,normal
F01,1315,FEEDING_NORMAL,normal
F01,1316,FEEDING_NORMAL,normal
F01,1317,FEEDING_NORMAL,normal
F01,1318,FEEDING_NORMAL,normal
F01,1319,FEEDING_NORMAL,normal
F01,1320,FEEDING_NORMAL,normal
F01,1321,FEEDING_NORMAL,normal
F01,1322,FEEDING_NORMAL,normal
F01,1323,FEEDING_NORMAL,normal
F01,1324,FEEDING_NORMAL,normal
F01,1325,FEEDING_NORMAL,normal
F01,1326,FEEDING_NORMAL,normal
F01,1327,FEEDING_NORMAL,normal
F01,1328,FEEDING_NORMAL,normal
F01,1329,FEEDING_NORMAL,normal
F01,1330,FEEDING_NORMAL,normal
F01,1331,FEEDING_NORMAL,normal
F01,1332,FEEDING_NORMAL,normal
F01,1333,FEEDING_NORMAL,normal
F01,1334,FEEDING_NORMAL,normal
F01,1335,FEEDING_NORMAL,normal
F01,1336,FEEDING_NORMAL,normal
F01,1337,FEEDING_NORMAL,normal
F01,1338,FEEDING_NORMAL,normal
F01,1339,FEEDING_NORMAL,normal
F01,1340,FEEDING_NORMAL,normal
F01,1341,FEEDING_NORMAL,normal
F01,1342,FEEDING_NORMAL,normal
F01,1343,FEEDING_NORMAL,normal
F01,1344,FEEDING_NORMAL,normal
F01,1345,FEEDING_NORMAL,normal
F01,1346,FEEDING_NORMAL,normal
F01,1347,FEEDING_NORMAL,normal
F01,1348,FEEDING_NORMAL,normal
F01,1349,FEEDING_NORMAL,normal
F01,1350,FEEDING_NORMAL,normal
F01,1351,FEEDING_NORMAL,normal
F01,1352,FEEDING_NORMAL,normal
F01,1353,FEEDING_NORMAL,normal
F01,1354,FEEDING_NORMAL,normal
F01,1355,FEEDING_NORMAL,normal
F01,1356,FEEDING_NORMAL,normal
F01,1357,FEEDING_NORMAL,normal
F01,1358,FEEDING_NORMAL,normal
F01,1359,FEEDING_NORMAL,normal
F01,1360,FEEDING_NORMAL,normal
F01,1361,FEEDING_NORMAL,normal
F01,1362,FEEDING_NORMAL,normal
F01,1363,FEEDING_NORMAL,normal
F01,1364,FEEDING_NORMAL,normal
F01,1365,FEEDING_NORMAL,normal
F01,1366,FEEDING_NORMAL,normal
F01,1367,FEEDING_NORMAL,normal
F01,1368,FEEDING_NORMAL,normal
F01,1369,FEEDING_NORMAL,normal
F01,1370,FEEDING_NORMAL,normal
F01,1371,FEEDING_NORMAL,normal
F01,1372,FEEDING_NORMAL,normal
F01,1373,FEEDING_NORMAL,normal
F01,1374,FEEDING_NORMAL,normal
F01,1375,FEEDING_NORMAL,normal
F01,1376,FEEDING_NORMAL,normal
F01,1377,FEEDING_NORMAL,normal
F01,1378,FEEDING_NORMAL,normal
F01,1379,FEEDING_NORMAL,normal
F01,1380,FEEDING_NORMAL,normal
F01,1381,FEEDING_NORMAL,normal
F01,1382,FEEDING_NORMAL,normal
F01,1383,FEEDING_NORMAL,normal
F01,1384,FEEDING_NORMAL,normal
F01,1385,FEEDING_NORMAL,normal
F01,1386,FEEDING_NORMAL,normal
F01,1387,FEEDING_NORMAL,normal
F01,1388,FEEDING_NORMAL,normal
F01,1389,FEEDING_NORMAL,normal
F01,1390,FEEDING_NORMAL,normal
F01,1391,FEEDING_NORMAL,normal
F01,1392,FEEDING_NORMAL,normal
F01,1393,FEEDING_NORMAL,normal
F01,1394,FEEDING_NORMAL,normal
F01,1395,FEEDING_NORMAL,normal
F01,1396,FEEDING_NORMAL,normal
F01,1397,FEEDING_NORMAL,normal
F01,1398,FEEDING_NORMAL,normal
F01,1399,FEEDING_NORMAL,normal
F01,1400,FEEDING_NORMAL,normal
F01,1401,FEEDING_NORMAL,normal
F01,1402,FEEDING_NORMAL,normal
F01,1403,FEEDING_NORMAL,normal
F01,1404,FEEDING_NORMAL,normal
F01,1405,FEEDING_NORMAL,normal
F01,1406,FEEDING_NORMAL,normal
F01,1407,FEEDING_NORMAL,normal
F01,1408,FEEDING_NORMAL,normal
F01,1409,FEEDING_NORMAL,normal
F01,1410,FEEDING_NORMAL,normal
F01,1411,FEEDING_NORMAL,normal
F01,1412,FEEDING_NORMAL,normal
F01,1413,FEEDING_NORMAL,normal
F01,1414,FEEDING_NORMAL,normal
F01,1415,FEEDING_NORMAL,normal
F01,1416,FEEDING_NORMAL,normal
F01,1417,FEEDING_NORMAL,normal
F01,1418,FEEDING_NORMAL,normal
F01,1419,FEEDING_NORMAL,normal
F01,1420,FEEDING_NORMAL,normal
F01,1421,FEEDING_NORMAL,normal
F01,1422,FEEDING_NORMAL,normal
F01,1423,FEEDING_NORMAL,normal
F01,1424,FEEDING_NORMAL,normal
F01,1425,FEEDING_NORMAL,normal
F01,1426,FEEDING_NORMAL,normal
F01,1427,FEEDING_NORMAL,normal
F01,1428,FEEDING_NORMAL,normal
F01,1429,FEEDING_NORMAL,normal
F01,1430,FEEDING_NORMAL,normal
F01,1431,FEEDING_NORMAL,normal
F01,1432,FEEDING_NORMAL,normal
F01,1433,FEEDING_NORMAL,normal
F01,1434,FEEDING_NORMAL,normal
F01,1435,FEEDING_NORMAL,normal
F01,1436,FEEDING_NORMAL,normal
F01,1437,FEEDING_NORMAL,normal
F01,1438,FEEDING_NORMAL,normal
F01,1439,FEEDING_NORMAL,normal
F01,1440,FEEDING_NORMAL,normal
F01,1441,FEEDING_NORMAL,normal
F01,1442,FEEDING_NORMAL,normal
F01,1443,FEEDING_NORMAL,normal
F01,1444,FEEDING_NORMAL,normal
F01,1445,FEEDING_NORMAL,normal
F01,1446,FEEDING_NORMAL,normal
F01,1447,FEEDING_NORMAL,normal
F01,1448,FEEDING_NORMAL,normal
F01,1449,FEEDING_NORMAL,normal
F01,1450,FEEDING_NORMAL,normal
F01,1451,FEEDING_NORMAL,normal
F01,1452,FEEDING_NORMAL,normal
F01,1453,FEEDING_NORMAL,normal
F01,1454,FEEDING_NORMAL,normal
F01,1455,FEEDING_NORMAL,normal
F01,1456,FEEDING_NORMAL,normal
F01,1457,FEEDING_NORMAL,normal
F01,1458,FEEDING_NORMAL,normal
F01,1459,FEEDING_NORMAL,normal
F01,1460,FEEDING_NORMAL,normal
F01,1461,FEEDING_NORMAL,normal
F01,1462,FEEDING_NORMAL,normal
F01,1463,FEEDING_NORMAL,normal
F01,1464,FEEDING_NORMAL,normal
F01,1465,FEEDING_NORMAL,normal
F01,1466,FEEDING_NORMAL,normal
F01,1467,FEEDING_NORMAL,normal
F01,1468,FEEDING_NORMAL,normal
F01,1469,FEEDING_NORMAL,normal
F01,1470,FEEDING_NORMAL,normal
F01,1471,FEEDING_NORMAL,normal
F01,1472,FEEDING_NORMAL,normal
F01,1473,FEEDING_NORMAL,normal
F01,1474,FEEDING_NORMAL,normal
F01,1475,FEEDING_NORMAL,normal
F01,1476,FEEDING_NORMAL,normal
F01,1477,FEEDING_NORMAL,normal
F01,1478,FEEDING_NORMAL,normal
F01,1479,FEEDING_NORMAL,normal
F01,1480,FEEDING_NORMAL,normal
F01,1481,FEEDING_NORMAL,normal
F01,1482,FEEDING_NORMAL,normal
F01,1483,FEEDING_NORMAL,normal
F01,1484,FEEDING_NORMAL,normal
F01,1485,FEEDING_NORMAL,normal
F01,1486,FEEDING_NORMAL,normal
F01,1487,FEEDING_NORMAL,normal
F01,1488,FEEDING_NORMAL,normal
F01,1489,FEEDING_NORMAL,normal
F01,1490,FEEDING_NORMAL,normal
F01,1491,FEEDING_NORMAL,normal
F01,1492,FEEDING_NORMAL,normal
F01,1493,FEEDING_NORMAL,normal
F01,1494,FEEDING_NORMAL,normal
F01,1495,FEEDING_NORMAL,normal
F01,1496,FEEDING_NORMAL,normal
F01,1497,FEEDING_NORMAL,normal
F01,1498,FEEDING_NORMAL,normal
F01,1499,FEEDING_NORMAL,normal
F01,1500,FEEDING_NORMAL,normal
F01,1501,FEEDING_NORMAL,normal
F01,1502,FEEDING_NORMAL,normal
F01,1503,FEEDING_NORMAL,normal
F01,1504,FEEDING_NORMAL,normal
F01,1505,FEEDING_NORMAL,normal
F01,1506,FEEDING_NORMAL,normal
F01,1507,FEEDING_NORMAL,normal
F01,1508,FEEDING_NORMAL,normal
F01,1509,FEEDING_NORMAL,normal
F01,1510,FEEDING_NORMAL,normal
F01,1511,FEEDING_NORMAL,normal
F01,1512,FEEDING_NORMAL,normal
F01,1513,FEEDING_NORMAL,normal
F01,1514,FEEDING_NORMAL,normal
F01,1515,FEEDING_NORMAL,normal
F01,1516,FEEDING_NORMAL,normal
F01,1517,FEEDING_NORMAL,normal
F01,1518,FEEDING_NORMAL,normal
F01,1519,FEEDING_NORMAL,normal
F01,1520,FEEDING_NORMAL,normal
F01,1521,FEEDING_NORMAL,normal
F01,1522,FEEDING_NORMAL,normal
F01,1523,FEEDING_NORMAL,normal
F01,1524,FEEDING_NORMAL,normal
F01,1525,FEEDING_NORMAL,normal
F01,1526,FEEDING_NORMAL,normal
F01,1527,FEEDING_NORMAL,normal
F01,1528,FEEDING_NORMAL,normal
F01,1529,FEEDING_NORMAL,normal
F01,1530,FEEDING_NORMAL,normal
F01,1531,FEEDING_NORMAL,normal
F01,1532,FEEDING_NORMAL,normal
F01,1533,FEEDING_NORMAL,normal
F01,1534,FEEDING_NORMAL,normal
F01,1535,FEEDING_NORMAL,normal
F01,1536,FEEDING_NORMAL,normal
F01,1537,FEEDING_NORMAL,normal
F01,1538,FEEDING_NORMAL,normal
F01,1539,FEEDING_NORMAL,normal
F01,1540,FEEDING_NORMAL,normal
F01,1541,FEEDING_NORMAL,normal
F01,1542,FEEDING_NORMAL,normal
F01,1543,FEEDING_NORMAL,normal
F01,1544,FEEDING_NORMAL,normal
F01,1545,FEEDING_NORMAL,normal
F01,1546,FEEDING_NORMAL,normal
F01,1547,FEEDING_NORMAL,normal
F01,1548,FEEDING_NORMAL,normal
F01,1549,FEEDING_NORMAL,normal
F01,1550,FEEDING_NORMAL,normal
F01,1551,FEEDING_NORMAL,normal
F01,1552,FEEDING_NORMAL,normal
F01,1553,FEEDING_NORMAL,normal
F01,1554,FEEDING_NORMAL,normal
F01,1555,FEEDING_NORMAL,normal
F01,1556,FEEDING_NORMAL,normal
F01,1557,FEEDING_NORMAL,normal
F01,1558,FEEDING_NORMAL,normal
F01,1559,FEEDING_NORMAL,normal
F01,1560,FEEDING_NORMAL,normal
F01,1561,FEEDING_NORMAL,normal
F01,1562,FEEDING_NORMAL,normal
F01,1563,FEEDING_NORMAL,normal
F01,1564,FEEDING_NORMAL,normal
F01,1565,FEEDING_NORMAL,normal
F01,1566,FEEDING_NORMAL,normal
F01,1567,FEEDING_NORMAL,normal
F01,1568,FEEDING_NORMAL,normal
F01,1569,FEEDING_NORMAL,normal
F01,1570,FEEDING_NORMAL,normal
F01,1571,FEEDING_NORMAL,normal
F01,1572,FEEDING_NORMAL,normal
F01,1573,FEEDING_NORMAL,normal
F01,1574,FEEDING_NORMAL,normal
F01,1575,FEEDING_NORMAL,normal
F01,1576,FEEDING_NORMAL,normal
F01,1577,FEEDING_NORMAL,normal
F01,1578,FEEDING_NORMAL,normal
F01,1579,FEEDING_NORMAL,normal
F01,1580,FEEDING_NORMAL,normal
F01,1581,FEEDING_NORMAL,normal
F01,1582,FEEDING_NORMAL,normal
F01,1583,FEEDING_NORMAL,normal
F01,1584,FEEDING_NORMAL,normal
F01,1585,FEEDING_NORMAL,normal
F01,1586,FEEDING_NORMAL,normal
F01,1587,FEEDING_NORMAL,normal
F01,1588,FEEDING_NORMAL,normal
F01,1589,FEEDING_NORMAL,normal
F01,1590,FEEDING_NORMAL,normal
F01,1591,FEEDING_NORMAL,normal
F01,1592,FEEDING_NORMAL,normal
F01,1593,FEEDING_NORMAL,normal
F01,1594,FEEDING_NORMAL,normal
F01,1595,FEEDING_NORMAL,normal
F01,1596,FEEDING_NORMAL,normal
F01,1597,FEEDING_NORMAL,normal
F01,1598,FEEDING_NORMAL,normal
F01,1599,FEEDING_NORMAL,normal
F01,1600,FEEDING_NORMAL,normal
F01,1601,FEEDING_NORMAL,normal
F01,1602,FEEDING_NORMAL,normal
F01,1603,FEEDING_NORMAL,normal
F01,1604,FEEDING_NORMAL,normal
F01,1605,FEEDING_NORMAL,normal
F01,1606,FEEDING_NORMAL,normal
F01,1607,FEEDING_NORMAL,normal
F01,1608,FEEDING_NORMAL,normal
F01,1609,FEEDING_NORMAL,normal
F01,1610,FEEDING_NORMAL,normal
F01,1611,FEEDING_NORMAL,normal
F01,1612,FEEDING_NORMAL,normal
F01,1613,FEEDING_NORMAL,normal
F01,1614,FEEDING_NORMAL,normal
F01,1615,FEEDING_NORMAL,normal
F01,1616,FEEDING_NORMAL,normal
F01,1617,FEEDING_NORMAL,normal
F01,1618,FEEDING_NORMAL,normal
F01,1619,FEEDING_NORMAL,normal
F01,1620,FEEDING_NORMAL,normal
F01,1621,FEEDING_NORMAL,normal
F01,1622,FEEDING_NORMAL,normal
F01,1623,FEEDING_NORMAL,normal
F01,1624,FEEDING_NORMAL,normal
F01,1625,FEEDING_NORMAL,normal
F01,1626,FEEDING_NORMAL,normal
F01,1627,FEEDING_NORMAL,normal
F01,1628,FEEDING_NORMAL,normal
F01,1629,FEEDING_NORMAL,normal
F01,1630,FEEDING_NORMAL,normal
F01,1631,FEEDING_NORMAL,normal
F01,1632,FEEDING_NORMAL,normal
F01,1633,FEEDING_NORMAL,normal
F01,1634,FEEDING_NORMAL,normal
F01,1635,FEEDING_NORMAL,normal
F01,1636,FEEDING_NORMAL,normal
F01,1637,FEEDING_NORMAL,normal
F01,1638,FEEDING_NORMAL,normal
F01,1639,FEEDING_NORMAL,normal
F01,1640,FEEDING_NORMAL,normal
F01,1641,FEEDING_NORMAL,normal
F01,1642,FEEDING_NORMAL,normal
F01,1643,FEEDING_NORMAL,normal
F01,1644,FEEDING_NORMAL,normal
F01,1645,FEEDING_NORMAL,normal
F01,1646,FEEDING_NORMAL,normal
F01,1647,FEEDING_NORMAL,normal
F01,1648,FEEDING_NORMAL,normal
F01,1649,FEEDING_NORMAL,normal
F01,1650,FEEDING_NORMAL,normal
F01,1651,FEEDING_NORMAL,normal
F01,1652,FEEDING_NORMAL,normal
F01,1653,FEEDING_NORMAL,normal
F01,1654,FEEDING_NORMAL,normal
F01,1655,FEEDING_NORMAL,normal
F01,1656,FEEDING_NORMAL,normal
F01,1657,FEEDING_NORMAL,normal
F01,1658,FEEDING_NORMAL,normal
F01,1659,FEEDING_NORMAL,normal
F01,1660,FEEDING_NORMAL,normal
F01,1661,FEEDING_NORMAL,normal
F01,1662,FEEDING_NORMAL,normal
F01,1663,FEEDING_NORMAL,normal
F01,1664,FEEDING_NORMAL,normal
F01,1665,FEEDING_NORMAL,normal
F01,1666,FEEDING_NORMAL,normal
F01,1667,FEEDING_NORMAL,normal
F01,1668,FEEDING_NORMAL,normal
F01,1669,FEEDING_NORMAL,normal
F01,1670,FEEDING_NORMAL,normal
F01,1671,FEEDING_NORMAL,normal
F01,1672,FEEDING_NORMAL,normal
F01,1673,FEEDING_NORMAL,normal
F01,1674,FEEDING_NORMAL,normal
F01,1675,FEEDING_NORMAL,normal
F01,1676,FEEDING_NORMAL,normal
F01,1677,FEEDING_NORMAL,normal
F01,1678,FEEDING_NORMAL,normal
F01,1679,FEEDING_NORMAL,normal
F01,1680,FEEDING_NORMAL,normal
F01,1681,FEEDING_NORMAL,normal
F01,1682,FEEDING_NORMAL,normal
F01,1683,FEEDING_NORMAL,normal
F01,1684,FEEDING_NORMAL,normal
F01,1685,FEEDING_NORMAL,normal
F01,1686,FEEDING_NORMAL,normal
F01,1687,FEEDING_NORMAL,normal
F01,1688,FEEDING_NORMAL,normal
F01,1689,FEEDING_NORMAL,normal
F01,1690,FEEDING_NORMAL,normal
F01,1691,FEEDING_NORMAL,normal
F01,1692,FEEDING_NORMAL,normal
F01,1693,FEEDING_NORMAL,normal
F01,1694,FEEDING_NORMAL,normal
F01,1695,FEEDING_NORMAL,normal
F01,1696,FEEDING_NORMAL,normal
F01,1697,FEEDING_NORMAL,normal
F01,1698,FEEDING_NORMAL,normal
F01,1699,FEEDING_NORMAL,normal
F01,1700,FEEDING_NORMAL,normal
F01,1701,FEEDING_NORMAL,normal
F01,1702,FEEDING_NORMAL,normal
F01,1703,FEEDING_NORMAL,normal
F01,1704,FEEDING_NORMAL,normal
F01,1705,FEEDING_NORMAL,normal
F01,1706,FEEDING_NORMAL,normal
F01,1707,FEEDING_NORMAL,normal
F01,1708,FEEDING_NORMAL,normal
F01,1709,FEEDING_NORMAL,normal
F01,1710,FEEDING_NORMAL,normal
F01,1711,FEEDING_NORMAL,normal
F01,1712,FEEDING_NORMAL,normal
F01,1713,FEEDING_NORMAL,normal
F01,1714,FEEDING_NORMAL,normal
F01,1715,FEEDING_NORMAL,normal
F01,1716,FEEDING_NORMAL,normal
F01,1717,FEEDING_NORMAL,normal
F01,1718,FEEDING_NORMAL,normal
F01,1719,FEEDING_NORMAL,normal
F01,1720,FEEDING_NORMAL,normal
F01,1721,FEEDING_NORMAL,normal
F01,1722,FEEDING_NORMAL,normal
F01,1723,FEEDING_NORMAL,normal
F01,1724,FEEDING_NORMAL,normal
F01,1725,FEEDING_NORMAL,normal
F01,1726,FEEDING_NORMAL,normal
F01,1727,FEEDING_NORMAL,normal
F01,1728,FEEDING_NORMAL,normal
F01,1729,FEEDING_NORMAL,normal
F01,1730,FEEDING_NORMAL,normal
F01,1731,FEEDING_NORMAL,normal
F01,1732,FEEDING_NORMAL,normal
F01,1733,FEEDING_NORMAL,normal
F01,1734,FEEDING_NORMAL,normal
F01,1735,FEEDING_NORMAL,normal
F01,1736,FEEDING_NORMAL,normal
F01,1737,FEEDING_NORMAL,normal
F01,1738,FEEDING_NORMAL,normal
F01,1739,FEEDING_NORMAL,normal
F01,1740,FEEDING_NORMAL,normal
F01,1741,FEEDING_NORMAL,normal
F01,1742,FEEDING_NORMAL,normal
F01,1743,FEEDING_NORMAL,normal
F01,1744,FEEDING_NORMAL,normal
F01,1745,FEEDING_NORMAL,normal
F01,1746,FEEDING_NORMAL,normal
F01,1747,FEEDING_NORMAL,normal
F01,1748,FEEDING_NORMAL,normal
F01,1749,FEEDING_NORMAL,normal
F01,1750,FEEDING_NORMAL,normal
F01,1751,FEEDING_NORMAL,normal
F01,1752,FEEDING_NORMAL,normal
F01,1753,FEEDING_NORMAL,normal
F01,1754,FEEDING_NORMAL,normal
F01,1755,FEEDING_NORMAL,normal
F01,1756,FEEDING_NORMAL,normal
F01,1757,FEEDING_NORMAL,normal
F01,1758,FEEDING_NORMAL,normal
F01,1759,FEEDING_NORMAL,normal
F01,1760,FEEDING_NORMAL,normal
F01,1761,FEEDING_NORMAL,normal
F01,1762,FEEDING_NORMAL,normal
F01,1763,FEEDING_NORMAL,normal
F01,1764,FEEDING_NORMAL,normal
F01,1765,FEEDING_NORMAL,normal
F01,1766,FEEDING_NORMAL,normal
F01,1767,FEEDING_NORMAL,normal
F01,1768,FEEDING_NORMAL,normal
F01,1769,FEEDING_NORMAL,normal
F01,1770,FEEDING_NORMAL,normal
F01,1771,FEEDING_NORMAL,normal
F01,1772,FEEDING_NORMAL,normal
F01,1773,FEEDING_NORMAL,normal
F01,1774,FEEDING_NORMAL,normal
F01,1775,FEEDING_NORMAL,normal
F01,1776,FEEDING_NORMAL,normal
F01,1777,FEEDING_NORMAL,normal
F01,1778,FEEDING_NORMAL,normal
F01,1779,FEEDING_NORMAL,normal
F01,1780,FEEDING_NORMAL,normal
F01,1781,FEEDING_NORMAL,normal
F01,1782,FEEDING_NORMAL,normal
F01,1783,FEEDING_NORMAL,normal
F01,1784,FEEDING_NORMAL,normal
F01,1785,FEEDING_NORMAL,normal
F01,1786,FEEDING_NORMAL,normal
F01,1787,FEEDING_NORMAL,normal
F01,1788,FEEDING_NORMAL,normal
F01,1789,FEEDING_NORMAL,normal
F01,1790,FEEDING_NORMAL,normal
F01,1791,FEEDING_NORMAL,normal
F01,1792,FEEDING_NORMAL,normal
F01,1793,FEEDING_NORMAL,normal
F01,1794,FEEDING_NORMAL,normal
F01,1795,FEEDING_NORMAL,normal
F01,1796,FEEDING_NORMAL,normal
F01,1797,FEEDING_NORMAL,normal
F01,1798,FEEDING_NORMAL,normal
F01,1799,FEEDING_NORMAL,normal
F01,1800,DEMO_FEED_COMPLETE,normal
F02,1,COLLECTING,normal
F02,2,COLLECTING,normal
F02,3,COLLECTING,normal
F02,4,COLLECTING,normal
F02,5,COLLECTING,normal
F02,6,COLLECTING,normal
F02,7,COLLECTING,normal
F02,8,COLLECTING,normal
F02,9,COLLECTING,normal
F02,10,FEEDING_NORMAL,normal
F02,11,FEEDING_NORMAL,normal
F02,12,FEEDING_NORMAL,normal
F02,13,FEEDING_NORMAL,normal
F02,14,FEEDING_NORMAL,normal
F02,15,FEEDING_NORMAL,normal
F02,16,FEEDING_NORMAL,normal
F02,17,FEEDING_NORMAL,normal
F02,18,FEEDING_NORMAL,normal
F02,19,FEEDING_NORMAL,normal
F02,20,FEEDING_NORMAL,normal
F02,21,FEEDING_NORMAL,normal
F02,22,FEEDING_NORMAL,normal
F02,23,FEEDING_NORMAL,normal
F02,24,FEEDING_NORMAL,normal
F02,25,FEEDING_NORMAL,normal
F02,26,FEEDING_NORMAL,normal
F02,27,FEEDING_NORMAL,normal
F02,28,FEEDING_NORMAL,normal
F02,29,FEEDING_NORMAL,normal
F02,30,FEEDING_NORMAL,normal
F02,31,FEEDING_NORMAL,normal
F02,32,FEEDING_NORMAL,normal
F02,33,FEEDING_NORMAL,normal
F02,34,FEEDING_NORMAL,normal
F02,35,FEEDING_NORMAL,normal
F02,36,FEEDING_NORMAL,normal
F02,37,FEEDING_NORMAL,normal
F02,38,FEEDING_NORMAL,normal
F02,39,FEEDING_NORMAL,normal
F02,40,FEEDING_NORMAL,normal
F02,41,FEEDING_NORMAL,normal
F02,42,FEEDING_NORMAL,normal
F02,43,FEEDING_NORMAL,normal
F02,44,FEEDING_NORMAL,normal
F02,45,FEEDING_NORMAL,normal
F02,46,FEEDING_NORMAL,normal
F02,47,FEEDING_NORMAL,normal
F02,48,FEEDING_NORMAL,normal
F02,49,FEEDING_NORMAL,normal
F02,50,FEEDING_NORMAL,normal
F02,51,FEEDING_NORMAL,normal
F02,52,FEEDING_NORMAL,normal
F02,53,FEEDING_NORMAL,normal
F02,54,FEEDING_NORMAL,normal
F02,55,FEEDING_NORMAL,normal
F02,56,FEEDING_NORMAL,normal
F02,57,FEEDING_NORMAL,normal
F02,58,FEEDING_NORMAL,normal
F02,59,FEEDING_NORMAL,normal
F02,60,FEEDING_NORMAL,normal
F02,61,FEEDING_NORMAL,height_increase
F02,62,FEEDING_NORMAL,height_increase
F02,63,FEEDING_NORMAL,height_increase
F02,64,FEEDING_NORMAL,height_increase
F02,65,FEEDING_NORMAL,height_increase
F02,66,FEEDING_NORMAL,height_increase
F02,67,FEEDING_NORMAL,height_increase
F02,68,FEEDING_NORMAL,height_increase
F02,69,FEEDING_NORMAL,height_increase
F02,70,FEEDING_NORMAL,height_increase
F02,71,FEEDING_NORMAL,height_increase
F02,72,FEEDING_NORMAL,height_increase
F02,73,FEEDING_NORMAL,height_increase
F02,74,FEEDING_NORMAL,height_increase
F02,75,FEEDING_NORMAL,height_increase
F02,76,FEEDING_NORMAL,height_increase
F02,77,FEEDING_NORMAL,height_increase
F02,78,FEEDING_NORMAL,height_increase
F02,79,FEEDING_NORMAL,height_increase
F02,80,FEEDING_NORMAL,height_increase
F02,81,FEEDING_NORMAL,height_increase
F02,82,FEEDING_NORMAL,height_increase
F02,83,FEEDING_NORMAL,height_increase
F02,84,FEEDING_NORMAL,height_increase
F02,85,FEEDING_NORMAL,height_increase
F02,86,FEEDING_NORMAL,height_increase
F02,87,FEEDING_NORMAL,height_increase
F02,88,FEEDING_NORMAL,height_increase
F02,89,FEEDING_NORMAL,height_increase
F02,90,FEEDING_NORMAL,height_increase
F02,91,FEEDING_NORMAL,height_increase
F02,92,FEEDING_NORMAL,height_increase
F02,93,FEEDING_NORMAL,height_increase
F02,94,FEEDING_NORMAL,height_increase
F02,95,FEEDING_NORMAL,height_increase
F02,96,FEEDING_NORMAL,height_increase
F02,97,FEEDING_NORMAL,height_increase
F02,98,FEEDING_NORMAL,height_increase
F02,99,FEEDING_NORMAL,height_increase
F02,100,FEEDING_NORMAL,height_increase
F02,101,FEEDING_NORMAL,height_increase
F02,102,FEEDING_NORMAL,height_increase
F02,103,FEEDING_NORMAL,height_increase
F02,104,FEEDING_NORMAL,height_increase
F02,105,FEEDING_NORMAL,height_increase
F02,106,FEEDING_NORMAL,height_increase
F02,107,FEEDING_NORMAL,height_increase
F02,108,FEEDING_NORMAL,height_increase
F02,109,FEEDING_NORMAL,height_increase
F02,110,FEEDING_NORMAL,height_increase
F02,111,FEEDING_NORMAL,height_increase
F02,112,FEEDING_NORMAL,height_increase
F02,113,FEEDING_NORMAL,height_increase
F02,114,FEEDING_NORMAL,height_increase
F02,115,FEEDING_NORMAL,height_increase
F02,116,FEEDING_NORMAL,height_increase
F02,117,FEEDING_NORMAL,height_increase
F02,118,FEEDING_NORMAL,height_increase
F02,119,FEEDING_NORMAL,height_increase
F02,120,FEEDING_NORMAL,height_increase
F02,121,FEEDING_NORMAL,height_increase
F02,122,FEEDING_NORMAL,height_increase
F02,123,FEEDING_NORMAL,height_increase
F02,124,FEEDING_NORMAL,height_increase
F02,125,FEEDING_NORMAL,height_increase
F02,126,FEEDING_NORMAL,height_increase
F02,127,FEEDING_NORMAL,height_increase
F02,128,FEEDING_NORMAL,height_increase
F02,129,FEEDING_NORMAL,height_increase
F02,130,FEEDING_NORMAL,height_increase
F02,131,FEEDING_NORMAL,height_increase
F02,132,FEEDING_NORMAL,height_increase
F02,133,FEEDING_NORMAL,height_increase
F02,134,FEEDING_NORMAL,height_increase
F02,135,FEEDING_NORMAL,height_increase
F02,136,FEEDING_NORMAL,height_increase
F02,137,FEEDING_NORMAL,height_increase
F02,138,FEEDING_NORMAL,height_increase
F02,139,FEEDING_NORMAL,height_increase
F02,140,FEEDING_NORMAL,height_increase
F02,141,FEEDING_NORMAL,height_increase
F02,142,FEEDING_NORMAL,height_increase
F02,143,FEEDING_NORMAL,height_increase
F02,144,FEEDING_NORMAL,height_increase
F02,145,FEEDING_NORMAL,height_increase
F02,146,FEEDING_NORMAL,height_increase
F02,147,FEEDING_NORMAL,height_increase
F02,148,FEEDING_NORMAL,height_increase
F02,149,FEEDING_NORMAL,height_increase
F02,150,FEEDING_NORMAL,height_increase
F02,151,FEEDING_NORMAL,height_increase
F02,152,FEEDING_NORMAL,height_increase
F02,153,FEEDING_NORMAL,height_increase
F02,154,FEEDING_NORMAL,height_increase
F02,155,FEEDING_NORMAL,height_increase
F02,156,FEEDING_NORMAL,height_increase
F02,157,FEEDING_NORMAL,height_increase
F02,158,FEEDING_NORMAL,height_increase
F02,159,FEEDING_NORMAL,height_increase
F02,160,FEEDING_NORMAL,height_increase
F02,161,FEEDING_NORMAL,height_increase
F02,162,FEEDING_NORMAL,height_increase
F02,163,FEEDING_NORMAL,height_increase
F02,164,FEEDING_NORMAL,height_increase
F02,165,FEEDING_NORMAL,height_increase
F02,166,FEEDING_NORMAL,height_increase
F02,167,FEEDING_NORMAL,height_increase
F02,168,FEEDING_NORMAL,height_increase
F02,169,FEEDING_NORMAL,height_increase
F02,170,FEEDING_NORMAL,height_increase
F02,171,FEEDING_NORMAL,height_increase
F02,172,FEEDING_NORMAL,height_increase
F02,173,FEEDING_NORMAL,height_increase
F02,174,FEEDING_NORMAL,height_increase
F02,175,FEEDING_NORMAL,height_increase
F02,176,FEEDING_NORMAL,height_increase
F02,177,FEEDING_NORMAL,height_increase
F02,178,FEEDING_NORMAL,height_increase
F02,179,FEEDING_NORMAL,height_increase
F02,180,FEEDING_NORMAL,height_increase
F03,1,COLLECTING,normal
F03,2,COLLECTING,normal
F03,3,COLLECTING,normal
F03,4,COLLECTING,normal
F03,5,COLLECTING,normal
F03,6,COLLECTING,normal
F03,7,COLLECTING,normal
F03,8,COLLECTING,normal
F03,9,COLLECTING,normal
F03,10,FEEDING_NORMAL,normal
F03,11,FEEDING_NORMAL,normal
F03,12,FEEDING_NORMAL,normal
F03,13,FEEDING_NORMAL,normal
F03,14,FEEDING_NORMAL,normal
F03,15,FEEDING_NORMAL,normal
F03,16,FEEDING_NORMAL,normal
F03,17,FEEDING_NORMAL,normal
F03,18,FEEDING_NORMAL,normal
F03,19,FEEDING_NORMAL,normal
F03,20,FEEDING_NORMAL,normal
F03,21,FEEDING_NORMAL,normal
F03,22,FEEDING_NORMAL,normal
F03,23,FEEDING_NORMAL,normal
F03,24,FEEDING_NORMAL,normal
F03,25,FEEDING_NORMAL,normal
F03,26,FEEDING_NORMAL,normal
F03,27,FEEDING_NORMAL,normal
F03,28,FEEDING_NORMAL,normal
F03,29,FEEDING_NORMAL,normal
F03,30,FEEDING_NORMAL,normal
F03,31,FEEDING_NORMAL,normal
F03,32,FEEDING_NORMAL,normal
F03,33,FEEDING_NORMAL,normal
F03,34,FEEDING_NORMAL,normal
F03,35,FEEDING_NORMAL,normal
F03,36,FEEDING_NORMAL,normal
F03,37,FEEDING_NORMAL,normal
F03,38,FEEDING_NORMAL,normal
F03,39,FEEDING_NORMAL,normal
F03,40,FEEDING_NORMAL,normal
F03,41,FEEDING_NORMAL,normal
F03,42,FEEDING_NORMAL,normal
F03,43,FEEDING_NORMAL,normal
F03,44,FEEDING_NORMAL,normal
F03,45,FEEDING_NORMAL,normal
F03,46,FEEDING_NORMAL,normal
F03,47,FEEDING_NORMAL,normal
F03,48,FEEDING_NORMAL,normal
F03,49,FEEDING_NORMAL,normal
F03,50,FEEDING_NORMAL,normal
F03,51,FEEDING_NORMAL,normal
F03,52,FEEDING_NORMAL,normal
F03,53,FEEDING_NORMAL,normal
F03,54,FEEDING_NORMAL,normal
F03,55,FEEDING_NORMAL,normal
F03,56,FEEDING_NORMAL,normal
F03,57,FEEDING_NORMAL,normal
F03,58,FEEDING_NORMAL,normal
F03,59,FEEDING_NORMAL,normal
F03,60,FEEDING_NORMAL,normal
F03,61,FEEDING_NORMAL,height_decrease
F03,62,FEEDING_NORMAL,height_decrease
F03,63,FEEDING_NORMAL,height_decrease
F03,64,FEEDING_NORMAL,height_decrease
F03,65,FEEDING_NORMAL,height_decrease
F03,66,FEEDING_NORMAL,height_decrease
F03,67,FEEDING_NORMAL,height_decrease
F03,68,FEEDING_NORMAL,height_decrease
F03,69,FEEDING_NORMAL,height_decrease
F03,70,FEEDING_NORMAL,height_decrease
F03,71,FEEDING_NORMAL,height_decrease
F03,72,FEEDING_NORMAL,height_decrease
F03,73,FEEDING_NORMAL,height_decrease
F03,74,FEEDING_NORMAL,height_decrease
F03,75,FEEDING_NORMAL,height_decrease
F03,76,FEEDING_NORMAL,height_decrease
F03,77,FEEDING_NORMAL,height_decrease
F03,78,FEEDING_NORMAL,height_decrease
F03,79,FEEDING_NORMAL,height_decrease
F03,80,FEEDING_NORMAL,height_decrease
F03,81,FEEDING_NORMAL,height_decrease
F03,82,FEEDING_NORMAL,height_decrease
F03,83,FEEDING_NORMAL,height_decrease
F03,84,FEEDING_NORMAL,height_decrease
F03,85,FEEDING_NORMAL,height_decrease
F03,86,FEEDING_NORMAL,height_decrease
F03,87,FEEDING_NORMAL,height_decrease
F03,88,FEEDING_NORMAL,height_decrease
F03,89,FEEDING_NORMAL,height_decrease
F03,90,FEEDING_NORMAL,height_decrease
F03,91,FEEDING_NORMAL,height_decrease
F03,92,FEEDING_NORMAL,height_decrease
F03,93,FEEDING_NORMAL,height_decrease
F03,94,FEEDING_NORMAL,height_decrease
F03,95,FEEDING_NORMAL,height_decrease
F03,96,FEEDING_NORMAL,height_decrease
F03,97,FEEDING_NORMAL,height_decrease
F03,98,FEEDING_NORMAL,height_decrease
F03,99,FEEDING_NORMAL,height_decrease
F03,100,FEEDING_NORMAL,height_decrease
F03,101,FEEDING_NORMAL,height_decrease
F03,102,FEEDING_NORMAL,height_decrease
F03,103,FEEDING_NORMAL,height_decrease
F03,104,FEEDING_NORMAL,height_decrease
F03,105,FEEDING_NORMAL,height_decrease
F03,106,FEEDING_NORMAL,height_decrease
F03,107,FEEDING_NORMAL,height_decrease
F03,108,FEEDING_NORMAL,height_decrease
F03,109,FEEDING_NORMAL,height_decrease
F03,110,FEEDING_NORMAL,height_decrease
F03,111,FEEDING_NORMAL,height_decrease
F03,112,FEEDING_NORMAL,height_decrease
F03,113,FEEDING_NORMAL,height_decrease
F03,114,FEEDING_NORMAL,height_decrease
F03,115,FEEDING_NORMAL,height_decrease
F03,116,FEEDING_NORMAL,height_decrease
F03,117,FEEDING_NORMAL,height_decrease
F03,118,FEEDING_NORMAL,height_decrease
F03,119,FEEDING_NORMAL,height_decrease
F03,120,FEEDING_NORMAL,height_decrease
F03,121,FEEDING_NORMAL,height_decrease
F03,122,FEEDING_NORMAL,height_decrease
F03,123,FEEDING_NORMAL,height_decrease
F03,124,FEEDING_NORMAL,height_decrease
F03,125,FEEDING_NORMAL,height_decrease
F03,126,FEEDING_NORMAL,height_decrease
F03,127,FEEDING_NORMAL,height_decrease
F03,128,FEEDING_NORMAL,height_decrease
F03,129,FEEDING_NORMAL,height_decrease
F03,130,FEEDING_NORMAL,height_decrease
F03,131,FEEDING_NORMAL,height_decrease
F03,132,FEEDING_NORMAL,height_decrease
F03,133,FEEDING_NORMAL,height_decrease
F03,134,FEEDING_NORMAL,height_decrease
F03,135,FEEDING_NORMAL,height_decrease
F03,136,FEEDING_NORMAL,height_decrease
F03,137,FEEDING_NORMAL,height_decrease
F03,138,FEEDING_NORMAL,height_decrease
F03,139,FEEDING_NORMAL,height_decrease
F03,140,FEEDING_NORMAL,height_decrease
F03,141,FEEDING_NORMAL,height_decrease
F03,142,FEEDING_NORMAL,height_decrease
F03,143,FEEDING_NORMAL,height_decrease
F03,144,FEEDING_NORMAL,height_decrease
F03,145,FEEDING_NORMAL,height_decrease
F03,146,FEEDING_NORMAL,height_decrease
F03,147,FEEDING_NORMAL,height_decrease
F03,148,FEEDING_NORMAL,height_decrease
F03,149,FEEDING_NORMAL,height_decrease
F03,150,FEEDING_NORMAL,height_decrease
F03,151,FEEDING_NORMAL,height_decrease
F03,152,FEEDING_NORMAL,height_decrease
F03,153,FEEDING_NORMAL,height_decrease
F03,154,FEEDING_NORMAL,height_decrease
F03,155,FEEDING_NORMAL,height_decrease
F03,156,FEEDING_NORMAL,height_decrease
F03,157,FEEDING_NORMAL,height_decrease
F03,158,FEEDING_NORMAL,height_decrease
F03,159,FEEDING_NORMAL,height_decrease
F03,160,FEEDING_NORMAL,height_decrease
F03,161,FEEDING_NORMAL,height_decrease
F03,162,FEEDING_NORMAL,height_decrease
F03,163,FEEDING_NORMAL,height_decrease
F03,164,FEEDING_NORMAL,height_decrease
F03,165,FEEDING_NORMAL,height_decrease
F03,166,FEEDING_NORMAL,height_decrease
F03,167,FEEDING_NORMAL,height_decrease
F03,168,FEEDING_NORMAL,height_decrease
F03,169,FEEDING_NORMAL,height_decrease
F03,170,FEEDING_NORMAL,height_decrease
F03,171,FEEDING_NORMAL,height_decrease
F03,172,FEEDING_NORMAL,height_decrease
F03,173,FEEDING_NORMAL,height_decrease
F03,174,FEEDING_NORMAL,height_decrease
F03,175,FEEDING_NORMAL,height_decrease
F03,176,FEEDING_NORMAL,height_decrease
F03,177,FEEDING_NORMAL,height_decrease
F03,178,FEEDING_NORMAL,height_decrease
F03,179,FEEDING_NORMAL,height_decrease
F03,180,FEEDING_NORMAL,height_decrease
F04,1,COLLECTING,normal
F04,2,COLLECTING,normal
F04,3,COLLECTING,normal
F04,4,COLLECTING,normal
F04,5,COLLECTING,normal
F04,6,COLLECTING,normal
F04,7,COLLECTING,normal
F04,8,COLLECTING,normal
F04,9,COLLECTING,normal
F04,10,FEEDING_NORMAL,normal
F04,11,FEEDING_NORMAL,normal
F04,12,FEEDING_NORMAL,normal
F04,13,FEEDING_NORMAL,normal
F04,14,FEEDING_NORMAL,normal
F04,15,FEEDING_NORMAL,normal
F04,16,FEEDING_NORMAL,normal
F04,17,FEEDING_NORMAL,normal
F04,18,FEEDING_NORMAL,normal
F04,19,FEEDING_NORMAL,normal
F04,20,FEEDING_NORMAL,normal
F04,21,FEEDING_NORMAL,normal
F04,22,FEEDING_NORMAL,normal
F04,23,FEEDING_NORMAL,normal
F04,24,FEEDING_NORMAL,normal
F04,25,FEEDING_NORMAL,normal
F04,26,FEEDING_NORMAL,normal
F04,27,FEEDING_NORMAL,normal
F04,28,FEEDING_NORMAL,normal
F04,29,FEEDING_NORMAL,normal
F04,30,FEEDING_NORMAL,normal
F04,31,FEEDING_NORMAL,normal
F04,32,FEEDING_NORMAL,normal
F04,33,FEEDING_NORMAL,normal
F04,34,FEEDING_NORMAL,normal
F04,35,FEEDING_NORMAL,normal
F04,36,FEEDING_NORMAL,normal
F04,37,FEEDING_NORMAL,normal
F04,38,FEEDING_NORMAL,normal
F04,39,FEEDING_NORMAL,normal
F04,40,FEEDING_NORMAL,normal
F04,41,FEEDING_NORMAL,normal
F04,42,FEEDING_NORMAL,normal
F04,43,FEEDING_NORMAL,normal
F04,44,FEEDING_NORMAL,normal
F04,45,FEEDING_NORMAL,normal
F04,46,FEEDING_NORMAL,normal
F04,47,FEEDING_NORMAL,normal
F04,48,FEEDING_NORMAL,normal
F04,49,FEEDING_NORMAL,normal
F04,50,FEEDING_NORMAL,normal
F04,51,FEEDING_NORMAL,normal
F04,52,FEEDING_NORMAL,normal
F04,53,FEEDING_NORMAL,normal
F04,54,FEEDING_NORMAL,normal
F04,55,FEEDING_NORMAL,normal
F04,56,FEEDING_NORMAL,normal
F04,57,FEEDING_NORMAL,normal
F04,58,FEEDING_NORMAL,normal
F04,59,FEEDING_NORMAL,normal
F04,60,FEEDING_NORMAL,normal
F04,61,FEEDING_NORMAL,partial_obstruction
F04,62,FEEDING_NORMAL,partial_obstruction
F04,63,FEEDING_NORMAL,partial_obstruction
F04,64,FEEDING_NORMAL,partial_obstruction
F04,65,FEEDING_NORMAL,partial_obstruction
F04,66,FEEDING_NORMAL,partial_obstruction
F04,67,FEEDING_NORMAL,partial_obstruction
F04,68,FEEDING_NORMAL,partial_obstruction
F04,69,FEEDING_NORMAL,partial_obstruction
F04,70,MONITOR,partial_obstruction
F04,71,MONITOR,partial_obstruction
F04,72,MONITOR,partial_obstruction
F04,73,MONITOR,partial_obstruction
F04,74,MONITOR,partial_obstruction
F04,75,MONITOR,partial_obstruction
F04,76,MONITOR,partial_obstruction
F04,77,MONITOR,partial_obstruction
F04,78,MONITOR,partial_obstruction
F04,79,POSSIBLE_OBSTRUCTION,partial_obstruction
F04,80,POSSIBLE_OBSTRUCTION,partial_obstruction
F04,81,POSSIBLE_OBSTRUCTION,partial_obstruction
F04,82,POSSIBLE_OBSTRUCTION,partial_obstruction
F04,83,POSSIBLE_OBSTRUCTION,partial_obstruction
F04,84,POSSIBLE_OBSTRUCTION,partial_obstruction
F04,85,POSSIBLE_OBSTRUCTION,partial_obstruction
F04,86,POSSIBLE_OBSTRUCTION,partial_obstruction
F04,87,POSSIBLE_OBSTRUCTION,partial_obstruction
F04,88,POSSIBLE_OBSTRUCTION,partial_obstruction
F04,89,POSSIBLE_OBSTRUCTION,partial_obstruction
F04,90,POSSIBLE_OBSTRUCTION,partial_obstruction
F04,91,POSSIBLE_OBSTRUCTION,partial_obstruction
F04,92,POSSIBLE_OBSTRUCTION,partial_obstruction
F04,93,POSSIBLE_OBSTRUCTION,partial_obstruction
F04,94,POSSIBLE_OBSTRUCTION,partial_obstruction
F04,95,POSSIBLE_OBSTRUCTION,partial_obstruction
F04,96,POSSIBLE_OBSTRUCTION,partial_obstruction
F04,97,POSSIBLE_OBSTRUCTION,partial_obstruction
F04,98,POSSIBLE_OBSTRUCTION,partial_obstruction
F04,99,POSSIBLE_OBSTRUCTION,partial_obstruction
F04,100,POSSIBLE_OBSTRUCTION,partial_obstruction
F04,101,POSSIBLE_OBSTRUCTION,partial_obstruction
F04,102,POSSIBLE_OBSTRUCTION,partial_obstruction
F04,103,POSSIBLE_OBSTRUCTION,partial_obstruction
F04,104,POSSIBLE_OBSTRUCTION,partial_obstruction
F04,105,POSSIBLE_OBSTRUCTION,partial_obstruction
F04,106,POSSIBLE_OBSTRUCTION,partial_obstruction
F04,107,POSSIBLE_OBSTRUCTION,partial_obstruction
F04,108,POSSIBLE_OBSTRUCTION,partial_obstruction
F04,109,POSSIBLE_OBSTRUCTION,partial_obstruction
F04,110,POSSIBLE_OBSTRUCTION,partial_obstruction
F04,111,POSSIBLE_OBSTRUCTION,partial_obstruction
F04,112,POSSIBLE_OBSTRUCTION,partial_obstruction
F04,113,POSSIBLE_OBSTRUCTION,partial_obstruction
F04,114,POSSIBLE_OBSTRUCTION,partial_obstruction
F04,115,POSSIBLE_OBSTRUCTION,partial_obstruction
F04,116,POSSIBLE_OBSTRUCTION,partial_obstruction
F04,117,POSSIBLE_OBSTRUCTION,partial_obstruction
F04,118,POSSIBLE_OBSTRUCTION,partial_obstruction
F04,119,POSSIBLE_OBSTRUCTION,partial_obstruction
F04,120,POSSIBLE_OBSTRUCTION,partial_obstruction
F04,121,POSSIBLE_OBSTRUCTION,partial_obstruction
F04,122,POSSIBLE_OBSTRUCTION,partial_obstruction
F04,123,POSSIBLE_OBSTRUCTION,partial_obstruction
F04,124,POSSIBLE_OBSTRUCTION,partial_obstruction
F04,125,POSSIBLE_OBSTRUCTION,partial_obstruction
F04,126,POSSIBLE_OBSTRUCTION,partial_obstruction
F04,127,POSSIBLE_OBSTRUCTION,partial_obstruction
F04,128,POSSIBLE_OBSTRUCTION,partial_obstruction
F04,129,POSSIBLE_OBSTRUCTION,partial_obstruction
F04,130,POSSIBLE_OBSTRUCTION,partial_obstruction
F04,131,POSSIBLE_OBSTRUCTION,partial_obstruction
F04,132,POSSIBLE_OBSTRUCTION,partial_obstruction
F04,133,POSSIBLE_OBSTRUCTION,partial_obstruction
F04,134,POSSIBLE_OBSTRUCTION,partial_obstruction
F04,135,POSSIBLE_OBSTRUCTION,partial_obstruction
F04,136,POSSIBLE_OBSTRUCTION,partial_obstruction
F04,137,POSSIBLE_OBSTRUCTION,partial_obstruction
F04,138,POSSIBLE_OBSTRUCTION,partial_obstruction
F04,139,POSSIBLE_OBSTRUCTION,partial_obstruction
F04,140,POSSIBLE_OBSTRUCTION,partial_obstruction
F04,141,POSSIBLE_OBSTRUCTION,partial_obstruction
F04,142,POSSIBLE_OBSTRUCTION,partial_obstruction
F04,143,POSSIBLE_OBSTRUCTION,partial_obstruction
F04,144,POSSIBLE_OBSTRUCTION,partial_obstruction
F04,145,POSSIBLE_OBSTRUCTION,partial_obstruction
F04,146,POSSIBLE_OBSTRUCTION,partial_obstruction
F04,147,POSSIBLE_OBSTRUCTION,partial_obstruction
F04,148,POSSIBLE_OBSTRUCTION,partial_obstruction
F04,149,POSSIBLE_OBSTRUCTION,partial_obstruction
F04,150,POSSIBLE_OBSTRUCTION,partial_obstruction
F04,151,POSSIBLE_OBSTRUCTION,partial_obstruction
F04,152,POSSIBLE_OBSTRUCTION,partial_obstruction
F04,153,POSSIBLE_OBSTRUCTION,partial_obstruction
F04,154,POSSIBLE_OBSTRUCTION,partial_obstruction
F04,155,POSSIBLE_OBSTRUCTION,partial_obstruction
F04,156,POSSIBLE_OBSTRUCTION,partial_obstruction
F04,157,POSSIBLE_OBSTRUCTION,partial_obstruction
F04,158,POSSIBLE_OBSTRUCTION,partial_obstruction
F04,159,POSSIBLE_OBSTRUCTION,partial_obstruction
F04,160,POSSIBLE_OBSTRUCTION,partial_obstruction
F04,161,POSSIBLE_OBSTRUCTION,partial_obstruction
F04,162,POSSIBLE_OBSTRUCTION,partial_obstruction
F04,163,POSSIBLE_OBSTRUCTION,partial_obstruction
F04,164,POSSIBLE_OBSTRUCTION,partial_obstruction
F04,165,POSSIBLE_OBSTRUCTION,partial_obstruction
F04,166,POSSIBLE_OBSTRUCTION,partial_obstruction
F04,167,POSSIBLE_OBSTRUCTION,partial_obstruction
F04,168,POSSIBLE_OBSTRUCTION,partial_obstruction
F04,169,POSSIBLE_OBSTRUCTION,partial_obstruction
F04,170,POSSIBLE_OBSTRUCTION,partial_obstruction
F04,171,POSSIBLE_OBSTRUCTION,partial_obstruction
F04,172,POSSIBLE_OBSTRUCTION,partial_obstruction
F04,173,POSSIBLE_OBSTRUCTION,partial_obstruction
F04,174,POSSIBLE_OBSTRUCTION,partial_obstruction
F04,175,POSSIBLE_OBSTRUCTION,partial_obstruction
F04,176,POSSIBLE_OBSTRUCTION,partial_obstruction
F04,177,POSSIBLE_OBSTRUCTION,partial_obstruction
F04,178,POSSIBLE_OBSTRUCTION,partial_obstruction
F04,179,POSSIBLE_OBSTRUCTION,partial_obstruction
F04,180,POSSIBLE_OBSTRUCTION,partial_obstruction
F05,1,COLLECTING,normal
F05,2,COLLECTING,normal
F05,3,COLLECTING,normal
F05,4,COLLECTING,normal
F05,5,COLLECTING,normal
F05,6,COLLECTING,normal
F05,7,COLLECTING,normal
F05,8,COLLECTING,normal
F05,9,COLLECTING,normal
F05,10,FEEDING_NORMAL,normal
F05,11,FEEDING_NORMAL,normal
F05,12,FEEDING_NORMAL,normal
F05,13,FEEDING_NORMAL,normal
F05,14,FEEDING_NORMAL,normal
F05,15,FEEDING_NORMAL,normal
F05,16,FEEDING_NORMAL,normal
F05,17,FEEDING_NORMAL,normal
F05,18,FEEDING_NORMAL,normal
F05,19,FEEDING_NORMAL,normal
F05,20,FEEDING_NORMAL,normal
F05,21,FEEDING_NORMAL,normal
F05,22,FEEDING_NORMAL,normal
F05,23,FEEDING_NORMAL,normal
F05,24,FEEDING_NORMAL,normal
F05,25,FEEDING_NORMAL,normal
F05,26,FEEDING_NORMAL,normal
F05,27,FEEDING_NORMAL,normal
F05,28,FEEDING_NORMAL,normal
F05,29,FEEDING_NORMAL,normal
F05,30,FEEDING_NORMAL,normal
F05,31,FEEDING_NORMAL,normal
F05,32,FEEDING_NORMAL,normal
F05,33,FEEDING_NORMAL,normal
F05,34,FEEDING_NORMAL,normal
F05,35,FEEDING_NORMAL,normal
F05,36,FEEDING_NORMAL,normal
F05,37,FEEDING_NORMAL,normal
F05,38,FEEDING_NORMAL,normal
F05,39,FEEDING_NORMAL,normal
F05,40,FEEDING_NORMAL,normal
F05,41,FEEDING_NORMAL,normal
F05,42,FEEDING_NORMAL,normal
F05,43,FEEDING_NORMAL,normal
F05,44,FEEDING_NORMAL,normal
F05,45,FEEDING_NORMAL,normal
F05,46,FEEDING_NORMAL,normal
F05,47,FEEDING_NORMAL,normal
F05,48,FEEDING_NORMAL,normal
F05,49,FEEDING_NORMAL,normal
F05,50,FEEDING_NORMAL,normal
F05,51,FEEDING_NORMAL,normal
F05,52,FEEDING_NORMAL,normal
F05,53,FEEDING_NORMAL,normal
F05,54,FEEDING_NORMAL,normal
F05,55,FEEDING_NORMAL,normal
F05,56,FEEDING_NORMAL,normal
F05,57,FEEDING_NORMAL,normal
F05,58,FEEDING_NORMAL,normal
F05,59,FEEDING_NORMAL,normal
F05,60,FEEDING_NORMAL,normal
F05,61,FEEDING_NORMAL,complete_obstruction
F05,62,FEEDING_NORMAL,complete_obstruction
F05,63,FEEDING_NORMAL,complete_obstruction
F05,64,FEEDING_NORMAL,complete_obstruction
F05,65,FEEDING_NORMAL,complete_obstruction
F05,66,FEEDING_NORMAL,complete_obstruction
F05,67,FEEDING_NORMAL,complete_obstruction
F05,68,FEEDING_NORMAL,complete_obstruction
F05,69,MONITOR,complete_obstruction
F05,70,MONITOR,complete_obstruction
F05,71,MONITOR,complete_obstruction
F05,72,MONITOR,complete_obstruction
F05,73,MONITOR,complete_obstruction
F05,74,MONITOR,complete_obstruction
F05,75,MONITOR,complete_obstruction
F05,76,MONITOR,complete_obstruction
F05,77,MONITOR,complete_obstruction
F05,78,POSSIBLE_OBSTRUCTION,complete_obstruction
F05,79,POSSIBLE_OBSTRUCTION,complete_obstruction
F05,80,POSSIBLE_OBSTRUCTION,complete_obstruction
F05,81,POSSIBLE_OBSTRUCTION,complete_obstruction
F05,82,POSSIBLE_OBSTRUCTION,complete_obstruction
F05,83,POSSIBLE_OBSTRUCTION,complete_obstruction
F05,84,POSSIBLE_OBSTRUCTION,complete_obstruction
F05,85,POSSIBLE_OBSTRUCTION,complete_obstruction
F05,86,POSSIBLE_OBSTRUCTION,complete_obstruction
F05,87,POSSIBLE_OBSTRUCTION,complete_obstruction
F05,88,POSSIBLE_OBSTRUCTION,complete_obstruction
F05,89,POSSIBLE_OBSTRUCTION,complete_obstruction
F05,90,POSSIBLE_OBSTRUCTION,complete_obstruction
F05,91,POSSIBLE_OBSTRUCTION,complete_obstruction
F05,92,POSSIBLE_OBSTRUCTION,complete_obstruction
F05,93,POSSIBLE_OBSTRUCTION,complete_obstruction
F05,94,POSSIBLE_OBSTRUCTION,complete_obstruction
F05,95,POSSIBLE_OBSTRUCTION,complete_obstruction
F05,96,POSSIBLE_OBSTRUCTION,complete_obstruction
F05,97,POSSIBLE_OBSTRUCTION,complete_obstruction
F05,98,POSSIBLE_OBSTRUCTION,complete_obstruction
F05,99,POSSIBLE_OBSTRUCTION,complete_obstruction
F05,100,POSSIBLE_OBSTRUCTION,complete_obstruction
F05,101,OBSTRUCTION_ALERT,complete_obstruction
F05,102,OBSTRUCTION_ALERT,complete_obstruction
F05,103,OBSTRUCTION_ALERT,complete_obstruction
F05,104,OBSTRUCTION_ALERT,complete_obstruction
F05,105,OBSTRUCTION_ALERT,complete_obstruction
F05,106,OBSTRUCTION_ALERT,complete_obstruction
F05,107,OBSTRUCTION_ALERT,complete_obstruction
F05,108,OBSTRUCTION_ALERT,complete_obstruction
F05,109,OBSTRUCTION_ALERT,complete_obstruction
F05,110,OBSTRUCTION_ALERT,complete_obstruction
F05,111,OBSTRUCTION_ALERT,complete_obstruction
F05,112,OBSTRUCTION_ALERT,complete_obstruction
F05,113,OBSTRUCTION_ALERT,complete_obstruction
F05,114,OBSTRUCTION_ALERT,complete_obstruction
F05,115,OBSTRUCTION_ALERT,complete_obstruction
F05,116,OBSTRUCTION_ALERT,complete_obstruction
F05,117,OBSTRUCTION_ALERT,complete_obstruction
F05,118,OBSTRUCTION_ALERT,complete_obstruction
F05,119,OBSTRUCTION_ALERT,complete_obstruction
F05,120,OBSTRUCTION_ALERT,complete_obstruction
F05,121,OBSTRUCTION_ALERT,complete_obstruction
F05,122,OBSTRUCTION_ALERT,complete_obstruction
F05,123,OBSTRUCTION_ALERT,complete_obstruction
F05,124,OBSTRUCTION_ALERT,complete_obstruction
F05,125,OBSTRUCTION_ALERT,complete_obstruction
F05,126,OBSTRUCTION_ALERT,complete_obstruction
F05,127,OBSTRUCTION_ALERT,complete_obstruction
F05,128,OBSTRUCTION_ALERT,complete_obstruction
F05,129,OBSTRUCTION_ALERT,complete_obstruction
F05,130,OBSTRUCTION_ALERT,complete_obstruction
F05,131,OBSTRUCTION_ALERT,complete_obstruction
F05,132,OBSTRUCTION_ALERT,complete_obstruction
F05,133,OBSTRUCTION_ALERT,complete_obstruction
F05,134,OBSTRUCTION_ALERT,complete_obstruction
F05,135,OBSTRUCTION_ALERT,complete_obstruction
F05,136,OBSTRUCTION_ALERT,complete_obstruction
F05,137,OBSTRUCTION_ALERT,complete_obstruction
F05,138,OBSTRUCTION_ALERT,complete_obstruction
F05,139,OBSTRUCTION_ALERT,complete_obstruction
F05,140,OBSTRUCTION_ALERT,complete_obstruction
F05,141,OBSTRUCTION_ALERT,complete_obstruction
F05,142,OBSTRUCTION_ALERT,complete_obstruction
F05,143,OBSTRUCTION_ALERT,complete_obstruction
F05,144,OBSTRUCTION_ALERT,complete_obstruction
F05,145,OBSTRUCTION_ALERT,complete_obstruction
F05,146,OBSTRUCTION_ALERT,complete_obstruction
F05,147,OBSTRUCTION_ALERT,complete_obstruction
F05,148,OBSTRUCTION_ALERT,complete_obstruction
F05,149,OBSTRUCTION_ALERT,complete_obstruction
F05,150,OBSTRUCTION_ALERT,complete_obstruction
F05,151,OBSTRUCTION_ALERT,complete_obstruction
F05,152,OBSTRUCTION_ALERT,complete_obstruction
F05,153,OBSTRUCTION_ALERT,complete_obstruction
F05,154,OBSTRUCTION_ALERT,complete_obstruction
F05,155,OBSTRUCTION_ALERT,complete_obstruction
F05,156,OBSTRUCTION_ALERT,complete_obstruction
F05,157,OBSTRUCTION_ALERT,complete_obstruction
F05,158,OBSTRUCTION_ALERT,complete_obstruction
F05,159,OBSTRUCTION_ALERT,complete_obstruction
F05,160,OBSTRUCTION_ALERT,complete_obstruction
F05,161,OBSTRUCTION_ALERT,complete_obstruction
F05,162,OBSTRUCTION_ALERT,complete_obstruction
F05,163,OBSTRUCTION_ALERT,complete_obstruction
F05,164,OBSTRUCTION_ALERT,complete_obstruction
F05,165,OBSTRUCTION_ALERT,complete_obstruction
F05,166,OBSTRUCTION_ALERT,complete_obstruction
F05,167,OBSTRUCTION_ALERT,complete_obstruction
F05,168,OBSTRUCTION_ALERT,complete_obstruction
F05,169,OBSTRUCTION_ALERT,complete_obstruction
F05,170,OBSTRUCTION_ALERT,complete_obstruction
F05,171,OBSTRUCTION_ALERT,complete_obstruction
F05,172,OBSTRUCTION_ALERT,complete_obstruction
F05,173,OBSTRUCTION_ALERT,complete_obstruction
F05,174,OBSTRUCTION_ALERT,complete_obstruction
F05,175,OBSTRUCTION_ALERT,complete_obstruction
F05,176,OBSTRUCTION_ALERT,complete_obstruction
F05,177,OBSTRUCTION_ALERT,complete_obstruction
F05,178,OBSTRUCTION_ALERT,complete_obstruction
F05,179,OBSTRUCTION_ALERT,complete_obstruction
F05,180,OBSTRUCTION_ALERT,complete_obstruction
F06,1,COLLECTING,normal
F06,2,COLLECTING,normal
F06,3,COLLECTING,normal
F06,4,COLLECTING,normal
F06,5,COLLECTING,normal
F06,6,COLLECTING,normal
F06,7,COLLECTING,normal
F06,8,COLLECTING,normal
F06,9,COLLECTING,normal
F06,10,FEEDING_NORMAL,normal
F06,11,FEEDING_NORMAL,normal
F06,12,FEEDING_NORMAL,normal
F06,13,FEEDING_NORMAL,normal
F06,14,FEEDING_NORMAL,normal
F06,15,FEEDING_NORMAL,normal
F06,16,FEEDING_NORMAL,normal
F06,17,FEEDING_NORMAL,normal
F06,18,FEEDING_NORMAL,normal
F06,19,FEEDING_NORMAL,normal
F06,20,FEEDING_NORMAL,normal
F06,21,FEEDING_NORMAL,normal
F06,22,FEEDING_NORMAL,normal
F06,23,FEEDING_NORMAL,normal
F06,24,FEEDING_NORMAL,normal
F06,25,FEEDING_NORMAL,normal
F06,26,FEEDING_NORMAL,normal
F06,27,FEEDING_NORMAL,normal
F06,28,FEEDING_NORMAL,normal
F06,29,FEEDING_NORMAL,normal
F06,30,FEEDING_NORMAL,normal
F06,31,FEEDING_NORMAL,normal
F06,32,FEEDING_NORMAL,normal
F06,33,FEEDING_NORMAL,normal
F06,34,FEEDING_NORMAL,normal
F06,35,FEEDING_NORMAL,normal
F06,36,FEEDING_NORMAL,normal
F06,37,FEEDING_NORMAL,normal
F06,38,FEEDING_NORMAL,normal
F06,39,FEEDING_NORMAL,normal
F06,40,FEEDING_NORMAL,normal
F06,41,FEEDING_NORMAL,normal
F06,42,FEEDING_NORMAL,normal
F06,43,FEEDING_NORMAL,normal
F06,44,FEEDING_NORMAL,normal
F06,45,FEEDING_NORMAL,normal
F06,46,FEEDING_NORMAL,normal
F06,47,FEEDING_NORMAL,normal
F06,48,FEEDING_NORMAL,normal
F06,49,FEEDING_NORMAL,normal
F06,50,FEEDING_NORMAL,normal
F06,51,FEEDING_NORMAL,normal
F06,52,FEEDING_NORMAL,normal
F06,53,FEEDING_NORMAL,normal
F06,54,FEEDING_NORMAL,normal
F06,55,FEEDING_NORMAL,normal
F06,56,FEEDING_NORMAL,normal
F06,57,FEEDING_NORMAL,normal
F06,58,FEEDING_NORMAL,normal
F06,59,FEEDING_NORMAL,normal
F06,60,FEEDING_NORMAL,normal
F06,61,FEEDING_NORMAL,simulated_leak
F06,62,FEEDING_NORMAL,simulated_leak
F06,63,FEEDING_NORMAL,simulated_leak
F06,64,FEEDING_NORMAL,simulated_leak
F06,65,FEEDING_NORMAL,simulated_leak
F06,66,FEEDING_NORMAL,simulated_leak
F06,67,FEEDING_NORMAL,simulated_leak
F06,68,FEEDING_NORMAL,simulated_leak
F06,69,FEEDING_NORMAL,simulated_leak
F06,70,FEEDING_NORMAL,simulated_leak
F06,71,FEEDING_NORMAL,simulated_leak
F06,72,FEEDING_NORMAL,simulated_leak
F06,73,FEEDING_NORMAL,simulated_leak
F06,74,MONITOR,simulated_leak
F06,75,MONITOR,simulated_leak
F06,76,MONITOR,simulated_leak
F06,77,MONITOR,simulated_leak
F06,78,MONITOR,simulated_leak
F06,79,MONITOR,simulated_leak
F06,80,MONITOR,simulated_leak
F06,81,MONITOR,simulated_leak
F06,82,MONITOR,simulated_leak
F06,83,DELIVERY_MISMATCH,simulated_leak
F06,84,DELIVERY_MISMATCH,simulated_leak
F06,85,DELIVERY_MISMATCH,simulated_leak
F06,86,DELIVERY_MISMATCH,simulated_leak
F06,87,DELIVERY_MISMATCH,simulated_leak
F06,88,DELIVERY_MISMATCH,simulated_leak
F06,89,DELIVERY_MISMATCH,simulated_leak
F06,90,DELIVERY_MISMATCH,simulated_leak
F06,91,DELIVERY_MISMATCH,simulated_leak
F06,92,DELIVERY_MISMATCH,simulated_leak
F06,93,DELIVERY_MISMATCH,simulated_leak
F06,94,DELIVERY_MISMATCH,simulated_leak
F06,95,DELIVERY_MISMATCH,simulated_leak
F06,96,DELIVERY_MISMATCH,simulated_leak
F06,97,DELIVERY_MISMATCH,simulated_leak
F06,98,DELIVERY_MISMATCH,simulated_leak
F06,99,DELIVERY_MISMATCH,simulated_leak
F06,100,DELIVERY_MISMATCH,simulated_leak
F06,101,DELIVERY_MISMATCH,simulated_leak
F06,102,DELIVERY_MISMATCH,simulated_leak
F06,103,DELIVERY_MISMATCH,simulated_leak
F06,104,DELIVERY_MISMATCH,simulated_leak
F06,105,DELIVERY_MISMATCH,simulated_leak
F06,106,DELIVERY_MISMATCH,simulated_leak
F06,107,DELIVERY_MISMATCH,simulated_leak
F06,108,DELIVERY_MISMATCH,simulated_leak
F06,109,DELIVERY_MISMATCH,simulated_leak
F06,110,DELIVERY_MISMATCH,simulated_leak
F06,111,DELIVERY_MISMATCH,simulated_leak
F06,112,DELIVERY_MISMATCH,simulated_leak
F06,113,DELIVERY_MISMATCH,simulated_leak
F06,114,DELIVERY_MISMATCH,simulated_leak
F06,115,DELIVERY_MISMATCH,simulated_leak
F06,116,DELIVERY_MISMATCH,simulated_leak
F06,117,DELIVERY_MISMATCH,simulated_leak
F06,118,DELIVERY_MISMATCH,simulated_leak
F06,119,DELIVERY_MISMATCH,simulated_leak
F06,120,DELIVERY_MISMATCH,simulated_leak
F06,121,DELIVERY_MISMATCH,simulated_leak
F06,122,DELIVERY_MISMATCH,simulated_leak
F06,123,DELIVERY_MISMATCH,simulated_leak
F06,124,DELIVERY_MISMATCH,simulated_leak
F06,125,DELIVERY_MISMATCH,simulated_leak
F06,126,DELIVERY_MISMATCH,simulated_leak
F06,127,DELIVERY_MISMATCH,simulated_leak
F06,128,DELIVERY_MISMATCH,simulated_leak
F06,129,DELIVERY_MISMATCH,simulated_leak
F06,130,DELIVERY_MISMATCH,simulated_leak
F06,131,DELIVERY_MISMATCH,simulated_leak
F06,132,DELIVERY_MISMATCH,simulated_leak
F06,133,DELIVERY_MISMATCH,simulated_leak
F06,134,DELIVERY_MISMATCH,simulated_leak
F06,135,DELIVERY_MISMATCH,simulated_leak
F06,136,DELIVERY_MISMATCH,simulated_leak
F06,137,DELIVERY_MISMATCH,simulated_leak
F06,138,DELIVERY_MISMATCH,simulated_leak
F06,139,DELIVERY_MISMATCH,simulated_leak
F06,140,DELIVERY_MISMATCH,simulated_leak
F06,141,DELIVERY_MISMATCH,simulated_leak
F06,142,DELIVERY_MISMATCH,simulated_leak
F06,143,DELIVERY_MISMATCH,simulated_leak
F06,144,DELIVERY_MISMATCH,simulated_leak
F06,145,DELIVERY_MISMATCH,simulated_leak
F06,146,DELIVERY_MISMATCH,simulated_leak
F06,147,DELIVERY_MISMATCH,simulated_leak
F06,148,DELIVERY_MISMATCH,simulated_leak
F06,149,DELIVERY_MISMATCH,simulated_leak
F06,150,DELIVERY_MISMATCH,simulated_leak
F06,151,DELIVERY_MISMATCH,simulated_leak
F06,152,DELIVERY_MISMATCH,simulated_leak
F06,153,DELIVERY_MISMATCH,simulated_leak
F06,154,DELIVERY_MISMATCH,simulated_leak
F06,155,DELIVERY_MISMATCH,simulated_leak
F06,156,DELIVERY_MISMATCH,simulated_leak
F06,157,DELIVERY_MISMATCH,simulated_leak
F06,158,DELIVERY_MISMATCH,simulated_leak
F06,159,DELIVERY_MISMATCH,simulated_leak
F06,160,DELIVERY_MISMATCH,simulated_leak
F06,161,DELIVERY_MISMATCH,simulated_leak
F06,162,DELIVERY_MISMATCH,simulated_leak
F06,163,DELIVERY_MISMATCH,simulated_leak
F06,164,DELIVERY_MISMATCH,simulated_leak
F06,165,DELIVERY_MISMATCH,simulated_leak
F06,166,DELIVERY_MISMATCH,simulated_leak
F06,167,DELIVERY_MISMATCH,simulated_leak
F06,168,DELIVERY_MISMATCH,simulated_leak
F06,169,DELIVERY_MISMATCH,simulated_leak
F06,170,DELIVERY_MISMATCH,simulated_leak
F06,171,DELIVERY_MISMATCH,simulated_leak
F06,172,DELIVERY_MISMATCH,simulated_leak
F06,173,DELIVERY_MISMATCH,simulated_leak
F06,174,DELIVERY_MISMATCH,simulated_leak
F06,175,DELIVERY_MISMATCH,simulated_leak
F06,176,DELIVERY_MISMATCH,simulated_leak
F06,177,DELIVERY_MISMATCH,simulated_leak
F06,178,DELIVERY_MISMATCH,simulated_leak
F06,179,DELIVERY_MISMATCH,simulated_leak
F06,180,DELIVERY_MISMATCH,simulated_leak
F07,1,COLLECTING,normal
F07,2,COLLECTING,normal
F07,3,COLLECTING,normal
F07,4,COLLECTING,normal
F07,5,COLLECTING,normal
F07,6,COLLECTING,normal
F07,7,COLLECTING,normal
F07,8,COLLECTING,normal
F07,9,COLLECTING,normal
F07,10,FEEDING_NORMAL,normal
F07,11,FEEDING_NORMAL,normal
F07,12,FEEDING_NORMAL,normal
F07,13,FEEDING_NORMAL,normal
F07,14,FEEDING_NORMAL,normal
F07,15,FEEDING_NORMAL,normal
F07,16,FEEDING_NORMAL,normal
F07,17,FEEDING_NORMAL,normal
F07,18,FEEDING_NORMAL,normal
F07,19,FEEDING_NORMAL,normal
F07,20,FEEDING_NORMAL,normal
F07,21,FEEDING_NORMAL,normal
F07,22,FEEDING_NORMAL,normal
F07,23,FEEDING_NORMAL,normal
F07,24,FEEDING_NORMAL,normal
F07,25,FEEDING_NORMAL,normal
F07,26,FEEDING_NORMAL,normal
F07,27,FEEDING_NORMAL,normal
F07,28,FEEDING_NORMAL,normal
F07,29,FEEDING_NORMAL,normal
F07,30,FEEDING_NORMAL,normal
F07,31,FEEDING_NORMAL,normal
F07,32,FEEDING_NORMAL,normal
F07,33,FEEDING_NORMAL,normal
F07,34,FEEDING_NORMAL,normal
F07,35,FEEDING_NORMAL,normal
F07,36,FEEDING_NORMAL,normal
F07,37,FEEDING_NORMAL,normal
F07,38,FEEDING_NORMAL,normal
F07,39,FEEDING_NORMAL,normal
F07,40,FEEDING_NORMAL,normal
F07,41,FEEDING_NORMAL,normal
F07,42,FEEDING_NORMAL,normal
F07,43,FEEDING_NORMAL,normal
F07,44,FEEDING_NORMAL,normal
F07,45,FEEDING_NORMAL,normal
F07,46,FEEDING_NORMAL,normal
F07,47,FEEDING_NORMAL,normal
F07,48,FEEDING_NORMAL,normal
F07,49,FEEDING_NORMAL,normal
F07,50,FEEDING_NORMAL,normal
F07,51,FEEDING_NORMAL,normal
F07,52,FEEDING_NORMAL,normal
F07,53,FEEDING_NORMAL,normal
F07,54,FEEDING_NORMAL,normal
F07,55,FEEDING_NORMAL,normal
F07,56,FEEDING_NORMAL,normal
F07,57,FEEDING_NORMAL,normal
F07,58,FEEDING_NORMAL,normal
F07,59,FEEDING_NORMAL,normal
F07,60,FEEDING_NORMAL,normal
F07,61,FEEDING_NORMAL,normal
F07,62,FEEDING_NORMAL,normal
F07,63,FEEDING_NORMAL,normal
F07,64,FEEDING_NORMAL,normal
F07,65,FEEDING_NORMAL,normal
F07,66,FEEDING_NORMAL,normal
F07,67,FEEDING_NORMAL,normal
F07,68,FEEDING_NORMAL,normal
F07,69,FEEDING_NORMAL,normal
F07,70,FEEDING_NORMAL,normal
F07,71,FEEDING_NORMAL,normal
F07,72,FEEDING_NORMAL,normal
F07,73,FEEDING_NORMAL,normal
F07,74,FEEDING_NORMAL,normal
F07,75,FEEDING_NORMAL,normal
F07,76,FEEDING_NORMAL,normal
F07,77,FEEDING_NORMAL,normal
F07,78,FEEDING_NORMAL,normal
F07,79,FEEDING_NORMAL,normal
F07,80,SENSOR_UNAVAILABLE,connection_dropout
F07,81,SENSOR_UNAVAILABLE,connection_dropout
F07,82,SENSOR_UNAVAILABLE,connection_dropout
F07,83,SENSOR_UNAVAILABLE,connection_dropout
F07,84,SENSOR_UNAVAILABLE,connection_dropout
F07,85,SENSOR_UNAVAILABLE,connection_dropout
F07,86,SENSOR_UNAVAILABLE,connection_dropout
F07,87,SENSOR_UNAVAILABLE,connection_dropout
F07,88,SENSOR_UNAVAILABLE,connection_dropout
F07,89,SENSOR_UNAVAILABLE,connection_dropout
F07,90,SENSOR_UNAVAILABLE,connection_dropout
F07,91,SENSOR_UNAVAILABLE,connection_dropout
F07,92,SENSOR_UNAVAILABLE,connection_dropout
F07,93,SENSOR_UNAVAILABLE,connection_dropout
F07,94,SENSOR_UNAVAILABLE,connection_dropout
F07,95,SENSOR_UNAVAILABLE,connection_dropout
F07,96,SENSOR_UNAVAILABLE,connection_dropout
F07,97,SENSOR_UNAVAILABLE,connection_dropout
F07,98,SENSOR_UNAVAILABLE,connection_dropout
F07,99,SENSOR_UNAVAILABLE,connection_dropout
F07,100,COLLECTING,normal
F07,101,COLLECTING,normal
F07,102,COLLECTING,normal
F07,103,COLLECTING,normal
F07,104,COLLECTING,normal
F07,105,COLLECTING,normal
F07,106,COLLECTING,normal
F07,107,COLLECTING,normal
F07,108,COLLECTING,normal
F07,109,FEEDING_NORMAL,normal
F07,110,FEEDING_NORMAL,normal
F07,111,FEEDING_NORMAL,normal
F07,112,FEEDING_NORMAL,normal
F07,113,FEEDING_NORMAL,normal
F07,114,FEEDING_NORMAL,normal
F07,115,FEEDING_NORMAL,normal
F07,116,FEEDING_NORMAL,normal
F07,117,FEEDING_NORMAL,normal
F07,118,FEEDING_NORMAL,normal
F07,119,FEEDING_NORMAL,normal
F07,120,FEEDING_NORMAL,normal
F07,121,FEEDING_NORMAL,normal
F07,122,FEEDING_NORMAL,normal
F07,123,FEEDING_NORMAL,normal
F07,124,FEEDING_NORMAL,normal
F07,125,FEEDING_NORMAL,normal
F07,126,FEEDING_NORMAL,normal
F07,127,FEEDING_NORMAL,normal
F07,128,FEEDING_NORMAL,normal
F07,129,FEEDING_NORMAL,normal
F07,130,FEEDING_NORMAL,normal
F07,131,FEEDING_NORMAL,normal
F07,132,FEEDING_NORMAL,normal
F07,133,FEEDING_NORMAL,normal
F07,134,FEEDING_NORMAL,normal
F07,135,FEEDING_NORMAL,normal
F07,136,FEEDING_NORMAL,normal
F07,137,FEEDING_NORMAL,normal
F07,138,FEEDING_NORMAL,normal
F07,139,FEEDING_NORMAL,normal
F07,140,FEEDING_NORMAL,normal
F07,141,FEEDING_NORMAL,normal
F07,142,FEEDING_NORMAL,normal
F07,143,FEEDING_NORMAL,normal
F07,144,FEEDING_NORMAL,normal
F07,145,FEEDING_NORMAL,normal
F07,146,FEEDING_NORMAL,normal
F07,147,FEEDING_NORMAL,normal
F07,148,FEEDING_NORMAL,normal
F07,149,FEEDING_NORMAL,normal
F07,150,FEEDING_NORMAL,normal
F07,151,FEEDING_NORMAL,normal
F07,152,FEEDING_NORMAL,normal
F07,153,FEEDING_NORMAL,normal
F07,154,FEEDING_NORMAL,normal
F07,155,FEEDING_NORMAL,normal
F07,156,FEEDING_NORMAL,normal
F07,157,FEEDING_NORMAL,normal
F07,158,FEEDING_NORMAL,normal
F07,159,FEEDING_NORMAL,normal
F07,160,FEEDING_NORMAL,normal
F07,161,FEEDING_NORMAL,normal
F07,162,FEEDING_NORMAL,normal
F07,163,FEEDING_NORMAL,normal
F07,164,FEEDING_NORMAL,normal
F07,165,FEEDING_NORMAL,normal
F07,166,FEEDING_NORMAL,normal
F07,167,FEEDING_NORMAL,normal
F07,168,FEEDING_NORMAL,normal
F07,169,FEEDING_NORMAL,normal
F07,170,FEEDING_NORMAL,normal
F07,171,FEEDING_NORMAL,normal
F07,172,FEEDING_NORMAL,normal
F07,173,FEEDING_NORMAL,normal
F07,174,FEEDING_NORMAL,normal
F07,175,FEEDING_NORMAL,normal
F07,176,FEEDING_NORMAL,normal
F07,177,FEEDING_NORMAL,normal
F07,178,FEEDING_NORMAL,normal
F07,179,FEEDING_NORMAL,normal
F07,180,FEEDING_NORMAL,normal
F08,1,COLLECTING,normal
F08,2,COLLECTING,normal
F08,3,COLLECTING,normal
F08,4,COLLECTING,normal
F08,5,COLLECTING,normal
F08,6,COLLECTING,normal
F08,7,COLLECTING,normal
F08,8,COLLECTING,normal
F08,9,COLLECTING,normal
F08,10,FEEDING_NORMAL,normal
F08,11,FEEDING_NORMAL,normal
F08,12,FEEDING_NORMAL,normal
F08,13,FEEDING_NORMAL,normal
F08,14,FEEDING_NORMAL,normal
F08,15,FEEDING_NORMAL,normal
F08,16,FEEDING_NORMAL,normal
F08,17,FEEDING_NORMAL,normal
F08,18,FEEDING_NORMAL,normal
F08,19,FEEDING_NORMAL,normal
F08,20,FEEDING_NORMAL,normal
F08,21,FEEDING_NORMAL,normal
F08,22,FEEDING_NORMAL,normal
F08,23,FEEDING_NORMAL,normal
F08,24,FEEDING_NORMAL,normal
F08,25,FEEDING_NORMAL,normal
F08,26,FEEDING_NORMAL,normal
F08,27,FEEDING_NORMAL,normal
F08,28,FEEDING_NORMAL,normal
F08,29,FEEDING_NORMAL,normal
F08,30,FEEDING_NORMAL,normal
F08,31,FEEDING_NORMAL,normal
F08,32,FEEDING_NORMAL,normal
F08,33,FEEDING_NORMAL,normal
F08,34,FEEDING_NORMAL,normal
F08,35,FEEDING_NORMAL,normal
F08,36,FEEDING_NORMAL,normal
F08,37,FEEDING_NORMAL,normal
F08,38,FEEDING_NORMAL,normal
F08,39,FEEDING_NORMAL,normal
F08,40,FEEDING_NORMAL,normal
F08,41,FEEDING_NORMAL,normal
F08,42,FEEDING_NORMAL,normal
F08,43,FEEDING_NORMAL,normal
F08,44,FEEDING_NORMAL,normal
F08,45,FEEDING_NORMAL,normal
F08,46,FEEDING_NORMAL,normal
F08,47,FEEDING_NORMAL,normal
F08,48,FEEDING_NORMAL,normal
F08,49,FEEDING_NORMAL,normal
F08,50,FEEDING_NORMAL,normal
F08,51,FEEDING_NORMAL,normal
F08,52,FEEDING_NORMAL,normal
F08,53,FEEDING_NORMAL,normal
F08,54,FEEDING_NORMAL,normal
F08,55,FEEDING_NORMAL,normal
F08,56,FEEDING_NORMAL,normal
F08,57,FEEDING_NORMAL,normal
F08,58,FEEDING_NORMAL,normal
F08,59,FEEDING_NORMAL,normal
F08,60,FEEDING_NORMAL,normal
F08,61,FEEDING_NORMAL,increased_resistance
F08,62,FEEDING_NORMAL,increased_resistance
F08,63,FEEDING_NORMAL,increased_resistance
F08,64,FEEDING_NORMAL,increased_resistance
F08,65,FEEDING_NORMAL,increased_resistance
F08,66,FEEDING_NORMAL,increased_resistance
F08,67,FEEDING_NORMAL,increased_resistance
F08,68,FEEDING_NORMAL,increased_resistance
F08,69,FEEDING_NORMAL,increased_resistance
F08,70,FEEDING_NORMAL,increased_resistance
F08,71,FEEDING_NORMAL,increased_resistance
F08,72,FEEDING_NORMAL,increased_resistance
F08,73,MONITOR,increased_resistance
F08,74,MONITOR,increased_resistance
F08,75,MONITOR,increased_resistance
F08,76,MONITOR,increased_resistance
F08,77,MONITOR,increased_resistance
F08,78,MONITOR,increased_resistance
F08,79,MONITOR,increased_resistance
F08,80,MONITOR,increased_resistance
F08,81,MONITOR,increased_resistance
F08,82,HIGH_RESISTANCE,increased_resistance
F08,83,HIGH_RESISTANCE,increased_resistance
F08,84,HIGH_RESISTANCE,increased_resistance
F08,85,HIGH_RESISTANCE,increased_resistance
F08,86,HIGH_RESISTANCE,increased_resistance
F08,87,HIGH_RESISTANCE,increased_resistance
F08,88,HIGH_RESISTANCE,increased_resistance
F08,89,HIGH_RESISTANCE,increased_resistance
F08,90,HIGH_RESISTANCE,increased_resistance
F08,91,HIGH_RESISTANCE,increased_resistance
F08,92,HIGH_RESISTANCE,increased_resistance
F08,93,HIGH_RESISTANCE,increased_resistance
F08,94,HIGH_RESISTANCE,increased_resistance
F08,95,HIGH_RESISTANCE,increased_resistance
F08,96,HIGH_RESISTANCE,increased_resistance
F08,97,HIGH_RESISTANCE,increased_resistance
F08,98,HIGH_RESISTANCE,increased_resistance
F08,99,HIGH_RESISTANCE,increased_resistance
F08,100,HIGH_RESISTANCE,increased_resistance
F08,101,HIGH_RESISTANCE,increased_resistance
F08,102,HIGH_RESISTANCE,increased_resistance
F08,103,HIGH_RESISTANCE,increased_resistance
F08,104,HIGH_RESISTANCE,increased_resistance
F08,105,HIGH_RESISTANCE,increased_resistance
F08,106,HIGH_RESISTANCE,increased_resistance
F08,107,HIGH_RESISTANCE,increased_resistance
F08,108,HIGH_RESISTANCE,increased_resistance
F08,109,HIGH_RESISTANCE,increased_resistance
F08,110,HIGH_RESISTANCE,increased_resistance
F08,111,HIGH_RESISTANCE,increased_resistance
F08,112,HIGH_RESISTANCE,increased_resistance
F08,113,HIGH_RESISTANCE,increased_resistance
F08,114,HIGH_RESISTANCE,increased_resistance
F08,115,HIGH_RESISTANCE,increased_resistance
F08,116,HIGH_RESISTANCE,increased_resistance
F08,117,HIGH_RESISTANCE,increased_resistance
F08,118,HIGH_RESISTANCE,increased_resistance
F08,119,HIGH_RESISTANCE,increased_resistance
F08,120,HIGH_RESISTANCE,increased_resistance
F08,121,HIGH_RESISTANCE,increased_resistance
F08,122,HIGH_RESISTANCE,increased_resistance
F08,123,HIGH_RESISTANCE,increased_resistance
F08,124,HIGH_RESISTANCE,increased_resistance
F08,125,HIGH_RESISTANCE,increased_resistance
F08,126,HIGH_RESISTANCE,increased_resistance
F08,127,HIGH_RESISTANCE,increased_resistance
F08,128,HIGH_RESISTANCE,increased_resistance
F08,129,HIGH_RESISTANCE,increased_resistance
F08,130,HIGH_RESISTANCE,increased_resistance
F08,131,HIGH_RESISTANCE,increased_resistance
F08,132,HIGH_RESISTANCE,increased_resistance
F08,133,HIGH_RESISTANCE,increased_resistance
F08,134,HIGH_RESISTANCE,increased_resistance
F08,135,HIGH_RESISTANCE,increased_resistance
F08,136,HIGH_RESISTANCE,increased_resistance
F08,137,HIGH_RESISTANCE,increased_resistance
F08,138,HIGH_RESISTANCE,increased_resistance
F08,139,HIGH_RESISTANCE,increased_resistance
F08,140,HIGH_RESISTANCE,increased_resistance
F08,141,HIGH_RESISTANCE,increased_resistance
F08,142,HIGH_RESISTANCE,increased_resistance
F08,143,HIGH_RESISTANCE,increased_resistance
F08,144,HIGH_RESISTANCE,increased_resistance
F08,145,HIGH_RESISTANCE,increased_resistance
F08,146,HIGH_RESISTANCE,increased_resistance
F08,147,HIGH_RESISTANCE,increased_resistance
F08,148,HIGH_RESISTANCE,increased_resistance
F08,149,HIGH_RESISTANCE,increased_resistance
F08,150,HIGH_RESISTANCE,increased_resistance
F08,151,HIGH_RESISTANCE,increased_resistance
F08,152,HIGH_RESISTANCE,increased_resistance
F08,153,HIGH_RESISTANCE,increased_resistance
F08,154,HIGH_RESISTANCE,increased_resistance
F08,155,HIGH_RESISTANCE,increased_resistance
F08,156,HIGH_RESISTANCE,increased_resistance
F08,157,HIGH_RESISTANCE,increased_resistance
F08,158,HIGH_RESISTANCE,increased_resistance
F08,159,HIGH_RESISTANCE,increased_resistance
F08,160,HIGH_RESISTANCE,increased_resistance
F08,161,HIGH_RESISTANCE,increased_resistance
F08,162,HIGH_RESISTANCE,increased_resistance
F08,163,HIGH_RESISTANCE,increased_resistance
F08,164,HIGH_RESISTANCE,increased_resistance
F08,165,HIGH_RESISTANCE,increased_resistance
F08,166,HIGH_RESISTANCE,increased_resistance
F08,167,HIGH_RESISTANCE,increased_resistance
F08,168,HIGH_RESISTANCE,increased_resistance
F08,169,HIGH_RESISTANCE,increased_resistance
F08,170,HIGH_RESISTANCE,increased_resistance
F08,171,HIGH_RESISTANCE,increased_resistance
F08,172,HIGH_RESISTANCE,increased_resistance
F08,173,HIGH_RESISTANCE,increased_resistance
F08,174,HIGH_RESISTANCE,increased_resistance
F08,175,HIGH_RESISTANCE,increased_resistance
F08,176,HIGH_RESISTANCE,increased_resistance
F08,177,HIGH_RESISTANCE,increased_resistance
F08,178,HIGH_RESISTANCE,increased_resistance
F08,179,HIGH_RESISTANCE,increased_resistance
F08,180,HIGH_RESISTANCE,increased_resistance
F09,1,COLLECTING,normal
F09,2,COLLECTING,normal
F09,3,COLLECTING,normal
F09,4,COLLECTING,normal
F09,5,COLLECTING,normal
F09,6,COLLECTING,normal
F09,7,COLLECTING,normal
F09,8,COLLECTING,normal
F09,9,COLLECTING,normal
F09,10,FEEDING_NORMAL,normal
F09,11,FEEDING_NORMAL,normal
F09,12,FEEDING_NORMAL,normal
F09,13,FEEDING_NORMAL,normal
F09,14,FEEDING_NORMAL,normal
F09,15,FEEDING_NORMAL,normal
F09,16,FEEDING_NORMAL,normal
F09,17,FEEDING_NORMAL,normal
F09,18,FEEDING_NORMAL,normal
F09,19,FEEDING_NORMAL,normal
F09,20,FEEDING_NORMAL,normal
F09,21,FEEDING_NORMAL,normal
F09,22,FEEDING_NORMAL,normal
F09,23,FEEDING_NORMAL,normal
F09,24,FEEDING_NORMAL,normal
F09,25,FEEDING_NORMAL,normal
F09,26,FEEDING_NORMAL,normal
F09,27,FEEDING_NORMAL,normal
F09,28,FEEDING_NORMAL,normal
F09,29,FEEDING_NORMAL,normal
F09,30,FEEDING_NORMAL,normal
F09,31,FEEDING_NORMAL,normal
F09,32,FEEDING_NORMAL,normal
F09,33,FEEDING_NORMAL,normal
F09,34,FEEDING_NORMAL,normal
F09,35,FEEDING_NORMAL,normal
F09,36,FEEDING_NORMAL,normal
F09,37,FEEDING_NORMAL,normal
F09,38,FEEDING_NORMAL,normal
F09,39,FEEDING_NORMAL,normal
F09,40,FEEDING_NORMAL,normal
F09,41,FEEDING_NORMAL,normal
F09,42,FEEDING_NORMAL,normal
F09,43,FEEDING_NORMAL,normal
F09,44,FEEDING_NORMAL,normal
F09,45,FEEDING_NORMAL,normal
F09,46,FEEDING_NORMAL,normal
F09,47,FEEDING_NORMAL,normal
F09,48,FEEDING_NORMAL,normal
F09,49,FEEDING_NORMAL,normal
F09,50,FEEDING_NORMAL,normal
F09,51,FEEDING_NORMAL,normal
F09,52,FEEDING_NORMAL,normal
F09,53,FEEDING_NORMAL,normal
F09,54,FEEDING_NORMAL,normal
F09,55,FEEDING_NORMAL,normal
F09,56,FEEDING_NORMAL,normal
F09,57,FEEDING_NORMAL,normal
F09,58,FEEDING_NORMAL,normal
F09,59,FEEDING_NORMAL,normal
F09,60,PAUSED,planned_pause
F09,61,PAUSED,planned_pause
F09,62,PAUSED,planned_pause
F09,63,PAUSED,planned_pause
F09,64,PAUSED,planned_pause
F09,65,PAUSED,planned_pause
F09,66,PAUSED,planned_pause
F09,67,PAUSED,planned_pause
F09,68,PAUSED,planned_pause
F09,69,PAUSED,planned_pause
F09,70,PAUSED,planned_pause
F09,71,PAUSED,planned_pause
F09,72,PAUSED,planned_pause
F09,73,PAUSED,planned_pause
F09,74,PAUSED,planned_pause
F09,75,PAUSED,planned_pause
F09,76,PAUSED,planned_pause
F09,77,PAUSED,planned_pause
F09,78,PAUSED,planned_pause
F09,79,PAUSED,planned_pause
F09,80,PAUSED,planned_pause
F09,81,PAUSED,planned_pause
F09,82,PAUSED,planned_pause
F09,83,PAUSED,planned_pause
F09,84,PAUSED,planned_pause
F09,85,PAUSED,planned_pause
F09,86,PAUSED,planned_pause
F09,87,PAUSED,planned_pause
F09,88,PAUSED,planned_pause
F09,89,PAUSED,planned_pause
F09,90,PAUSED,planned_pause
F09,91,PAUSED,planned_pause
F09,92,PAUSED,planned_pause
F09,93,PAUSED,planned_pause
F09,94,PAUSED,planned_pause
F09,95,PAUSED,planned_pause
F09,96,PAUSED,planned_pause
F09,97,PAUSED,planned_pause
F09,98,PAUSED,planned_pause
F09,99,PAUSED,planned_pause
F09,100,FEEDING_NORMAL,normal
F09,101,FEEDING_NORMAL,normal
F09,102,FEEDING_NORMAL,normal
F09,103,FEEDING_NORMAL,normal
F09,104,FEEDING_NORMAL,normal
F09,105,FEEDING_NORMAL,normal
F09,106,FEEDING_NORMAL,normal
F09,107,FEEDING_NORMAL,normal
F09,108,FEEDING_NORMAL,normal
F09,109,FEEDING_NORMAL,normal
F09,110,FEEDING_NORMAL,normal
F09,111,FEEDING_NORMAL,normal
F09,112,FEEDING_NORMAL,normal
F09,113,FEEDING_NORMAL,normal
F09,114,FEEDING_NORMAL,normal
F09,115,FEEDING_NORMAL,normal
F09,116,FEEDING_NORMAL,normal
F09,117,FEEDING_NORMAL,normal
F09,118,FEEDING_NORMAL,normal
F09,119,FEEDING_NORMAL,normal
F09,120,FEEDING_NORMAL,normal
F09,121,FEEDING_NORMAL,normal
F09,122,FEEDING_NORMAL,normal
F09,123,FEEDING_NORMAL,normal
F09,124,FEEDING_NORMAL,normal
F09,125,FEEDING_NORMAL,normal
F09,126,FEEDING_NORMAL,normal
F09,127,FEEDING_NORMAL,normal
F09,128,FEEDING_NORMAL,normal
F09,129,FEEDING_NORMAL,normal
F09,130,FEEDING_NORMAL,normal
F09,131,FEEDING_NORMAL,normal
F09,132,FEEDING_NORMAL,normal
F09,133,FEEDING_NORMAL,normal
F09,134,FEEDING_NORMAL,normal
F09,135,FEEDING_NORMAL,normal
F09,136,FEEDING_NORMAL,normal
F09,137,FEEDING_NORMAL,normal
F09,138,FEEDING_NORMAL,normal
F09,139,FEEDING_NORMAL,normal
F09,140,FEEDING_NORMAL,normal
F09,141,FEEDING_NORMAL,normal
F09,142,FEEDING_NORMAL,normal
F09,143,FEEDING_NORMAL,normal
F09,144,FEEDING_NORMAL,normal
F09,145,FEEDING_NORMAL,normal
F09,146,FEEDING_NORMAL,normal
F09,147,FEEDING_NORMAL,normal
F09,148,FEEDING_NORMAL,normal
F09,149,FEEDING_NORMAL,normal
F09,150,FEEDING_NORMAL,normal
F09,151,FEEDING_NORMAL,normal
F09,152,FEEDING_NORMAL,normal
F09,153,FEEDING_NORMAL,normal
F09,154,FEEDING_NORMAL,normal
F09,155,FEEDING_NORMAL,normal
F09,156,FEEDING_NORMAL,normal
F09,157,FEEDING_NORMAL,normal
F09,158,FEEDING_NORMAL,normal
F09,159,FEEDING_NORMAL,normal
F09,160,FEEDING_NORMAL,normal
F09,161,FEEDING_NORMAL,normal
F09,162,FEEDING_NORMAL,normal
F09,163,FEEDING_NORMAL,normal
F09,164,FEEDING_NORMAL,normal
F09,165,FEEDING_NORMAL,normal
F09,166,FEEDING_NORMAL,normal
F09,167,FEEDING_NORMAL,normal
F09,168,FEEDING_NORMAL,normal
F09,169,FEEDING_NORMAL,normal
F09,170,FEEDING_NORMAL,normal
F09,171,FEEDING_NORMAL,normal
F09,172,FEEDING_NORMAL,normal
F09,173,FEEDING_NORMAL,normal
F09,174,FEEDING_NORMAL,normal
F09,175,FEEDING_NORMAL,normal
F09,176,FEEDING_NORMAL,normal
F09,177,FEEDING_NORMAL,normal
F09,178,FEEDING_NORMAL,normal
F09,179,FEEDING_NORMAL,normal
F09,180,FEEDING_NORMAL,normal
