scenario_id,device_id,timestamp_utc,elapsed_s,interval_s,commanded_flow_ml_hr,proximal_flow_ml_hr,distal_flow_ml_hr,proximal_pressure_kpa,distal_pressure_kpa,height_prox_minus_dist_m,connected,sensors_valid,pump_state
F01,DEMO-DEVICE-01,2026-10-03T20:00:01.000Z,1,1,60,60.3527,60.3527,0.9923,1.0049,0.3,1,1,RUNNING
F01,DEMO-DEVICE-01,2026-10-03T20:00:02.000Z,2,1,60,60.5706,60.5706,1.0079,1.0096,0.3,1,1,RUNNING
F01,DEMO-DEVICE-01,2026-10-03T20:00:03.000Z,3,1,60,60.5706,60.5706,1.0119,1.0136,0.3,1,1,RUNNING
F01,DEMO-DEVICE-01,2026-10-03T20:00:04.000Z,4,1,60,60.3527,60.3527,1.0042,1.0168,0.3,1,1,RUNNING
F01,DEMO-DEVICE-01,2026-10-03T20:00:05.000Z,5,1,60,60,60,0.9887,1.019,0.3,1,1,RUNNING
F01,DEMO-DEVICE-01,2026-10-03T20:00:06.000Z,6,1,60,59.6473,59.6473,0.972,1.0199,0.3,1,1,RUNNING
F01,DEMO-DEVICE-01,2026-10-03T20:00:07.000Z,7,1,60,59.4294,59.4294,0.9609,1.0197,0.3,1,1,RUNNING
F01,DEMO-DEVICE-01,2026-10-03T20:00:08.000Z,8,1,60,59.4294,59.4294,0.9594,1.0182,0.3,1,1,RUNNING
F01,DEMO-DEVICE-01,2026-10-03T20:00:09.000Z,9,1,60,59.6473,59.6473,0.9677,1.0156,0.3,1,1,RUNNING
F01,DEMO-DEVICE-01,2026-10-03T20:00:10.000Z,10,1,60,60,60,0.9817,1.012,0.3,1,1,RUNNING
F01,DEMO-DEVICE-01,2026-10-03T20:00:11.000Z,11,1,60,60.3527,60.3527,0.995,1.0076,0.3,1,1,RUNNING
F01,DEMO-DEVICE-01,2026-10-03T20:00:12.000Z,12,1,60,60.5706,60.5706,1.0011,1.0028,0.3,1,1,RUNNING
F01,DEMO-DEVICE-01,2026-10-03T20:00:13.000Z,13,1,60,60.5706,60.5706,0.9961,0.9978,0.3,1,1,RUNNING
F01,DEMO-DEVICE-01,2026-10-03T20:00:14.000Z,14,1,60,60.3527,60.3527,0.9804,0.993,0.3,1,1,RUNNING
F01,DEMO-DEVICE-01,2026-10-03T20:00:15.000Z,15,1,60,60,60,0.9583,0.9886,0.3,1,1,RUNNING
F01,DEMO-DEVICE-01,2026-10-03T20:00:16.000Z,16,1,60,59.6473,59.6473,0.937,0.9849,0.3,1,1,RUNNING
F01,DEMO-DEVICE-01,2026-10-03T20:00:17.000Z,17,1,60,59.4294,59.4294,0.9233,0.9821,0.3,1,1,RUNNING
F01,DEMO-DEVICE-01,2026-10-03T20:00:18.000Z,18,1,60,59.4294,59.4294,0.9216,0.9804,0.3,1,1,RUNNING
F01,DEMO-DEVICE-01,2026-10-03T20:00:19.000Z,19,1,60,59.6473,59.6473,0.9321,0.98,0.3,1,1,RUNNING
F01,DEMO-DEVICE-01,2026-10-03T20:00:20.000Z,20,1,60,60,60,0.9505,0.9808,0.3,1,1,RUNNING
F01,DEMO-DEVICE-01,2026-10-03T20:00:21.000Z,21,1,60,60.3527,60.3527,0.9702,0.9828,0.3,1,1,RUNNING
F01,DEMO-DEVICE-01,2026-10-03T20:00:22.000Z,22,1,60,60.5706,60.5706,0.9842,0.9859,0.3,1,1,RUNNING
F01,DEMO-DEVICE-01,2026-10-03T20:00:23.000Z,23,1,60,60.5706,60.5706,0.9881,0.9898,0.3,1,1,RUNNING
F01,DEMO-DEVICE-01,2026-10-03T20:00:24.000Z,24,1,60,60.3527,60.3527,0.9818,0.9944,0.3,1,1,RUNNING
F01,DEMO-DEVICE-01,2026-10-03T20:00:25.000Z,25,1,60,60,60,0.969,0.9993,0.3,1,1,RUNNING
F01,DEMO-DEVICE-01,2026-10-03T20:00:26.000Z,26,1,60,59.6473,59.6473,0.9564,1.0043,0.3,1,1,RUNNING
F01,DEMO-DEVICE-01,2026-10-03T20:00:27.000Z,27,1,60,59.4294,59.4294,0.9502,1.009,0.3,1,1,RUNNING
F01,DEMO-DEVICE-01,2026-10-03T20:00:28.000Z,28,1,60,59.4294,59.4294,0.9543,1.0131,0.3,1,1,RUNNING
F01,DEMO-DEVICE-01,2026-10-03T20:00:29.000Z,29,1,60,59.6473,59.6473,0.9686,1.0165,0.3,1,1,RUNNING
F01,DEMO-DEVICE-01,2026-10-03T20:00:30.000Z,30,1,60,60,60,0.9885,1.0188,0.3,1,1,RUNNING
F01,DEMO-DEVICE-01,2026-10-03T20:00:31.000Z,31,1,60,60.3527,60.3527,1.0073,1.0199,0.3,1,1,RUNNING
F01,DEMO-DEVICE-01,2026-10-03T20:00:32.000Z,32,1,60,60.5706,60.5706,1.0181,1.0198,0.3,1,1,RUNNING
F01,DEMO-DEVICE-01,2026-10-03T20:00:33.000Z,33,1,60,60.5706,60.5706,1.0168,1.0185,0.3,1,1,RUNNING
F01,DEMO-DEVICE-01,2026-10-03T20:00:34.000Z,34,1,60,60.3527,60.3527,1.0034,1.016,0.3,1,1,RUNNING
F01,DEMO-DEVICE-01,2026-10-03T20:00:35.000Z,35,1,60,60,60,0.9822,1.0125,0.3,1,1,RUNNING
F01,DEMO-DEVICE-01,2026-10-03T20:00:36.000Z,36,1,60,59.6473,59.6473,0.9603,1.0082,0.3,1,1,RUNNING
F01,DEMO-DEVICE-01,2026-10-03T20:00:37.000Z,37,1,60,59.4294,59.4294,0.9447,1.0035,0.3,1,1,RUNNING
F01,DEMO-DEVICE-01,2026-10-03T20:00:38.000Z,38,1,60,59.4294,59.4294,0.9397,0.9985,0.3,1,1,RUNNING
F01,DEMO-DEVICE-01,2026-10-03T20:00:39.000Z,39,1,60,59.6473,59.6473,0.9457,0.9936,0.3,1,1,RUNNING
F01,DEMO-DEVICE-01,2026-10-03T20:00:40.000Z,40,1,60,60,60,0.9588,0.9891,0.3,1,1,RUNNING
F01,DEMO-DEVICE-01,2026-10-03T20:00:41.000Z,41,1,60,60.3527,60.3527,0.9727,0.9853,0.3,1,1,RUNNING
F01,DEMO-DEVICE-01,2026-10-03T20:00:42.000Z,42,1,60,60.5706,60.5706,0.9807,0.9824,0.3,1,1,RUNNING
F01,DEMO-DEVICE-01,2026-10-03T20:00:43.000Z,43,1,60,60.5706,60.5706,0.9789,0.9806,0.3,1,1,RUNNING
F01,DEMO-DEVICE-01,2026-10-03T20:00:44.000Z,44,1,60,60.3527,60.3527,0.9674,0.98,0.3,1,1,RUNNING
F01,DEMO-DEVICE-01,2026-10-03T20:00:45.000Z,45,1,60,60,60,0.9503,0.9806,0.3,1,1,RUNNING
F01,DEMO-DEVICE-01,2026-10-03T20:00:46.000Z,46,1,60,59.6473,59.6473,0.9346,0.9825,0.3,1,1,RUNNING
F01,DEMO-DEVICE-01,2026-10-03T20:00:47.000Z,47,1,60,59.4294,59.4294,0.9266,0.9854,0.3,1,1,RUNNING
F01,DEMO-DEVICE-01,2026-10-03T20:00:48.000Z,48,1,60,59.4294,59.4294,0.9305,0.9893,0.3,1,1,RUNNING
F01,DEMO-DEVICE-01,2026-10-03T20:00:49.000Z,49,1,60,59.6473,59.6473,0.9459,0.9938,0.3,1,1,RUNNING
F01,DEMO-DEVICE-01,2026-10-03T20:00:50.000Z,50,1,60,60,60,0.9684,0.9987,0.3,1,1,RUNNING
F01,DEMO-DEVICE-01,2026-10-03T20:00:51.000Z,51,1,60,60.3527,60.3527,0.9911,1.0037,0.3,1,1,RUNNING
F01,DEMO-DEVICE-01,2026-10-03T20:00:52.000Z,52,1,60,60.5706,60.5706,1.0067,1.0084,0.3,1,1,RUNNING
F01,DEMO-DEVICE-01,2026-10-03T20:00:53.000Z,53,1,60,60.5706,60.5706,1.0109,1.0126,0.3,1,1,RUNNING
F01,DEMO-DEVICE-01,2026-10-03T20:00:54.000Z,54,1,60,60.3527,60.3527,1.0035,1.0161,0.3,1,1,RUNNING
F01,DEMO-DEVICE-01,2026-10-03T20:00:55.000Z,55,1,60,60,60,0.9882,1.0185,0.3,1,1,RUNNING
F01,DEMO-DEVICE-01,2026-10-03T20:00:56.000Z,56,1,60,59.6473,59.6473,0.9719,1.0198,0.3,1,1,RUNNING
F01,DEMO-DEVICE-01,2026-10-03T20:00:57.000Z,57,1,60,59.4294,59.4294,0.9611,1.0199,0.3,1,1,RUNNING
F01,DEMO-DEVICE-01,2026-10-03T20:00:58.000Z,58,1,60,59.4294,59.4294,0.9599,1.0187,0.3,1,1,RUNNING
F01,DEMO-DEVICE-01,2026-10-03T20:00:59.000Z,59,1,60,59.6473,59.6473,0.9685,1.0164,0.3,1,1,RUNNING
F01,DEMO-DEVICE-01,2026-10-03T20:01:00.000Z,60,1,60,60,60,0.9827,1.013,0.3,1,1,RUNNING
F01,DEMO-DEVICE-01,2026-10-03T20:01:01.000Z,61,1,60,60.3527,60.3527,0.9962,1.0088,0.3,1,1,RUNNING
F01,DEMO-DEVICE-01,2026-10-03T20:01:02.000Z,62,1,60,60.5706,60.5706,1.0024,1.0041,0.3,1,1,RUNNING
F01,DEMO-DEVICE-01,2026-10-03T20:01:03.000Z,63,1,60,60.5706,60.5706,0.9975,0.9992,0.3,1,1,RUNNING
F01,DEMO-DEVICE-01,2026-10-03T20:01:04.000Z,64,1,60,60.3527,60.3527,0.9816,0.9942,0.3,1,1,RUNNING
F01,DEMO-DEVICE-01,2026-10-03T20:01:05.000Z,65,1,60,60,60,0.9594,0.9897,0.3,1,1,RUNNING
F01,DEMO-DEVICE-01,2026-10-03T20:01:06.000Z,66,1,60,59.6473,59.6473,0.9379,0.9858,0.3,1,1,RUNNING
F01,DEMO-DEVICE-01,2026-10-03T20:01:07.000Z,67,1,60,59.4294,59.4294,0.9239,0.9827,0.3,1,1,RUNNING
F01,DEMO-DEVICE-01,2026-10-03T20:01:08.000Z,68,1,60,59.4294,59.4294,0.922,0.9808,0.3,1,1,RUNNING
F01,DEMO-DEVICE-01,2026-10-03T20:01:09.000Z,69,1,60,59.6473,59.6473,0.9321,0.98,0.3,1,1,RUNNING
F01,DEMO-DEVICE-01,2026-10-03T20:01:10.000Z,70,1,60,60,60,0.9502,0.9805,0.3,1,1,RUNNING
F01,DEMO-DEVICE-01,2026-10-03T20:01:11.000Z,71,1,60,60.3527,60.3527,0.9696,0.9822,0.3,1,1,RUNNING
F01,DEMO-DEVICE-01,2026-10-03T20:01:12.000Z,72,1,60,60.5706,60.5706,0.9833,0.985,0.3,1,1,RUNNING
F01,DEMO-DEVICE-01,2026-10-03T20:01:13.000Z,73,1,60,60.5706,60.5706,0.987,0.9887,0.3,1,1,RUNNING
F01,DEMO-DEVICE-01,2026-10-03T20:01:14.000Z,74,1,60,60.3527,60.3527,0.9806,0.9932,0.3,1,1,RUNNING
F01,DEMO-DEVICE-01,2026-10-03T20:01:15.000Z,75,1,60,60,60,0.9677,0.998,0.3,1,1,RUNNING
F01,DEMO-DEVICE-01,2026-10-03T20:01:16.000Z,76,1,60,59.6473,59.6473,0.9551,1.003,0.3,1,1,RUNNING
F01,DEMO-DEVICE-01,2026-10-03T20:01:17.000Z,77,1,60,59.4294,59.4294,0.949,1.0078,0.3,1,1,RUNNING
F01,DEMO-DEVICE-01,2026-10-03T20:01:18.000Z,78,1,60,59.4294,59.4294,0.9533,1.0121,0.3,1,1,RUNNING
F01,DEMO-DEVICE-01,2026-10-03T20:01:19.000Z,79,1,60,59.6473,59.6473,0.9678,1.0157,0.3,1,1,RUNNING
F01,DEMO-DEVICE-01,2026-10-03T20:01:20.000Z,80,1,60,60,60,0.988,1.0183,0.3,1,1,RUNNING
F01,DEMO-DEVICE-01,2026-10-03T20:01:21.000Z,81,1,60,60.3527,60.3527,1.0071,1.0197,0.3,1,1,RUNNING
F01,DEMO-DEVICE-01,2026-10-03T20:01:22.000Z,82,1,60,60.5706,60.5706,1.0182,1.0199,0.3,1,1,RUNNING
F01,DEMO-DEVICE-01,2026-10-03T20:01:23.000Z,83,1,60,60.5706,60.5706,1.0172,1.0189,0.3,1,1,RUNNING
F01,DEMO-DEVICE-01,2026-10-03T20:01:24.000Z,84,1,60,60.3527,60.3527,1.0041,1.0167,0.3,1,1,RUNNING
F01,DEMO-DEVICE-01,2026-10-03T20:01:25.000Z,85,1,60,60,60,0.9832,1.0135,0.3,1,1,RUNNING
F01,DEMO-DEVICE-01,2026-10-03T20:01:26.000Z,86,1,60,59.6473,59.6473,0.9615,1.0094,0.3,1,1,RUNNING
F01,DEMO-DEVICE-01,2026-10-03T20:01:27.000Z,87,1,60,59.4294,59.4294,0.946,1.0048,0.3,1,1,RUNNING
F01,DEMO-DEVICE-01,2026-10-03T20:01:28.000Z,88,1,60,59.4294,59.4294,0.941,0.9998,0.3,1,1,RUNNING
F01,DEMO-DEVICE-01,2026-10-03T20:01:29.000Z,89,1,60,59.6473,59.6473,0.947,0.9949,0.3,1,1,RUNNING
F01,DEMO-DEVICE-01,2026-10-03T20:01:30.000Z,90,1,60,60,60,0.96,0.9903,0.3,1,1,RUNNING
F01,DEMO-DEVICE-01,2026-10-03T20:01:31.000Z,91,1,60,60.3527,60.3527,0.9736,0.9862,0.3,1,1,RUNNING
F01,DEMO-DEVICE-01,2026-10-03T20:01:32.000Z,92,1,60,60.5706,60.5706,0.9814,0.9831,0.3,1,1,RUNNING
F01,DEMO-DEVICE-01,2026-10-03T20:01:33.000Z,93,1,60,60.5706,60.5706,0.9793,0.981,0.3,1,1,RUNNING
F01,DEMO-DEVICE-01,2026-10-03T20:01:34.000Z,94,1,60,60.3527,60.3527,0.9674,0.98,0.3,1,1,RUNNING
F01,DEMO-DEVICE-01,2026-10-03T20:01:35.000Z,95,1,60,60,60,0.9501,0.9804,0.3,1,1,RUNNING
F01,DEMO-DEVICE-01,2026-10-03T20:01:36.000Z,96,1,60,59.6473,59.6473,0.934,0.9819,0.3,1,1,RUNNING
F01,DEMO-DEVICE-01,2026-10-03T20:01:37.000Z,97,1,60,59.4294,59.4294,0.9258,0.9846,0.3,1,1,RUNNING
F01,DEMO-DEVICE-01,2026-10-03T20:01:38.000Z,98,1,60,59.4294,59.4294,0.9294,0.9882,0.3,1,1,RUNNING
F01,DEMO-DEVICE-01,2026-10-03T20:01:39.000Z,99,1,60,59.6473,59.6473,0.9446,0.9925,0.3,1,1,RUNNING
F01,DEMO-DEVICE-01,2026-10-03T20:01:40.000Z,100,1,60,60,60,0.9671,0.9974,0.3,1,1,RUNNING
F01,DEMO-DEVICE-01,2026-10-03T20:01:41.000Z,101,1,60,60.3527,60.3527,0.9897,1.0023,0.3,1,1,RUNNING
F01,DEMO-DEVICE-01,2026-10-03T20:01:42.000Z,102,1,60,60.5706,60.5706,1.0055,1.0072,0.3,1,1,RUNNING
F01,DEMO-DEVICE-01,2026-10-03T20:01:43.000Z,103,1,60,60.5706,60.5706,1.0099,1.0116,0.3,1,1,RUNNING
F01,DEMO-DEVICE-01,2026-10-03T20:01:44.000Z,104,1,60,60.3527,60.3527,1.0027,1.0153,0.3,1,1,RUNNING
F01,DEMO-DEVICE-01,2026-10-03T20:01:45.000Z,105,1,60,60,60,0.9877,1.018,0.3,1,1,RUNNING
F01,DEMO-DEVICE-01,2026-10-03T20:01:46.000Z,106,1,60,59.6473,59.6473,0.9717,1.0196,0.3,1,1,RUNNING
F01,DEMO-DEVICE-01,2026-10-03T20:01:47.000Z,107,1,60,59.4294,59.4294,0.9612,1.02,0.3,1,1,RUNNING
F01,DEMO-DEVICE-01,2026-10-03T20:01:48.000Z,108,1,60,59.4294,59.4294,0.9603,1.0191,0.3,1,1,RUNNING
F01,DEMO-DEVICE-01,2026-10-03T20:01:49.000Z,109,1,60,59.6473,59.6473,0.9692,1.0171,0.3,1,1,RUNNING
F01,DEMO-DEVICE-01,2026-10-03T20:01:50.000Z,110,1,60,60,60,0.9837,1.014,0.3,1,1,RUNNING
F01,DEMO-DEVICE-01,2026-10-03T20:01:51.000Z,111,1,60,60.3527,60.3527,0.9974,1.01,0.3,1,1,RUNNING
F01,DEMO-DEVICE-01,2026-10-03T20:01:52.000Z,112,1,60,60.5706,60.5706,1.0037,1.0054,0.3,1,1,RUNNING
F01,DEMO-DEVICE-01,2026-10-03T20:01:53.000Z,113,1,60,60.5706,60.5706,0.9988,1.0005,0.3,1,1,RUNNING
F01,DEMO-DEVICE-01,2026-10-03T20:01:54.000Z,114,1,60,60.3527,60.3527,0.9829,0.9955,0.3,1,1,RUNNING
F01,DEMO-DEVICE-01,2026-10-03T20:01:55.000Z,115,1,60,60,60,0.9605,0.9908,0.3,1,1,RUNNING
F01,DEMO-DEVICE-01,2026-10-03T20:01:56.000Z,116,1,60,59.6473,59.6473,0.9388,0.9867,0.3,1,1,RUNNING
F01,DEMO-DEVICE-01,2026-10-03T20:01:57.000Z,117,1,60,59.4294,59.4294,0.9246,0.9834,0.3,1,1,RUNNING
F01,DEMO-DEVICE-01,2026-10-03T20:01:58.000Z,118,1,60,59.4294,59.4294,0.9224,0.9812,0.3,1,1,RUNNING
F01,DEMO-DEVICE-01,2026-10-03T20:01:59.000Z,119,1,60,59.6473,59.6473,0.9322,0.9801,0.3,1,1,RUNNING
F01,DEMO-DEVICE-01,2026-10-03T20:02:00.000Z,120,1,60,60,60,0.9499,0.9802,0.3,1,1,RUNNING
F01,DEMO-DEVICE-01,2026-10-03T20:02:01.000Z,121,1,60,60.3527,60.3527,0.969,0.9816,0.3,1,1,RUNNING
F01,DEMO-DEVICE-01,2026-10-03T20:02:02.000Z,122,1,60,60.5706,60.5706,0.9824,0.9841,0.3,1,1,RUNNING
F01,DEMO-DEVICE-01,2026-10-03T20:02:03.000Z,123,1,60,60.5706,60.5706,0.9859,0.9876,0.3,1,1,RUNNING
F01,DEMO-DEVICE-01,2026-10-03T20:02:04.000Z,124,1,60,60.3527,60.3527,0.9793,0.9919,0.3,1,1,RUNNING
F01,DEMO-DEVICE-01,2026-10-03T20:02:05.000Z,125,1,60,60,60,0.9664,0.9967,0.3,1,1,RUNNING
F01,DEMO-DEVICE-01,2026-10-03T20:02:06.000Z,126,1,60,59.6473,59.6473,0.9538,1.0017,0.3,1,1,RUNNING
F01,DEMO-DEVICE-01,2026-10-03T20:02:07.000Z,127,1,60,59.4294,59.4294,0.9478,1.0066,0.3,1,1,RUNNING
F01,DEMO-DEVICE-01,2026-10-03T20:02:08.000Z,128,1,60,59.4294,59.4294,0.9522,1.011,0.3,1,1,RUNNING
F01,DEMO-DEVICE-01,2026-10-03T20:02:09.000Z,129,1,60,59.6473,59.6473,0.9669,1.0148,0.3,1,1,RUNNING
F01,DEMO-DEVICE-01,2026-10-03T20:02:10.000Z,130,1,60,60,60,0.9874,1.0177,0.3,1,1,RUNNING
F01,DEMO-DEVICE-01,2026-10-03T20:02:11.000Z,131,1,60,60.3527,60.3527,1.0068,1.0194,0.3,1,1,RUNNING
F01,DEMO-DEVICE-01,2026-10-03T20:02:12.000Z,132,1,60,60.5706,60.5706,1.0183,1.02,0.3,1,1,RUNNING
F01,DEMO-DEVICE-01,2026-10-03T20:02:13.000Z,133,1,60,60.5706,60.5706,1.0176,1.0193,0.3,1,1,RUNNING
F01,DEMO-DEVICE-01,2026-10-03T20:02:14.000Z,134,1,60,60.3527,60.3527,1.0048,1.0174,0.3,1,1,RUNNING
F01,DEMO-DEVICE-01,2026-10-03T20:02:15.000Z,135,1,60,60,60,0.9842,1.0145,0.3,1,1,RUNNING
F01,DEMO-DEVICE-01,2026-10-03T20:02:16.000Z,136,1,60,59.6473,59.6473,0.9627,1.0106,0.3,1,1,RUNNING
F01,DEMO-DEVICE-01,2026-10-03T20:02:17.000Z,137,1,60,59.4294,59.4294,0.9473,1.0061,0.3,1,1,RUNNING
F01,DEMO-DEVICE-01,2026-10-03T20:02:18.000Z,138,1,60,59.4294,59.4294,0.9423,1.0011,0.3,1,1,RUNNING
F01,DEMO-DEVICE-01,2026-10-03T20:02:19.000Z,139,1,60,59.6473,59.6473,0.9483,0.9962,0.3,1,1,RUNNING
F01,DEMO-DEVICE-01,2026-10-03T20:02:20.000Z,140,1,60,60,60,0.9611,0.9914,0.3,1,1,RUNNING
F01,DEMO-DEVICE-01,2026-10-03T20:02:21.000Z,141,1,60,60.3527,60.3527,0.9746,0.9872,0.3,1,1,RUNNING
F01,DEMO-DEVICE-01,2026-10-03T20:02:22.000Z,142,1,60,60.5706,60.5706,0.9821,0.9838,0.3,1,1,RUNNING
F01,DEMO-DEVICE-01,2026-10-03T20:02:23.000Z,143,1,60,60.5706,60.5706,0.9797,0.9814,0.3,1,1,RUNNING
F01,DEMO-DEVICE-01,2026-10-03T20:02:24.000Z,144,1,60,60.3527,60.3527,0.9676,0.9802,0.3,1,1,RUNNING
F01,DEMO-DEVICE-01,2026-10-03T20:02:25.000Z,145,1,60,60,60,0.9498,0.9801,0.3,1,1,RUNNING
F01,DEMO-DEVICE-01,2026-10-03T20:02:26.000Z,146,1,60,59.6473,59.6473,0.9335,0.9814,0.3,1,1,RUNNING
F01,DEMO-DEVICE-01,2026-10-03T20:02:27.000Z,147,1,60,59.4294,59.4294,0.9249,0.9837,0.3,1,1,RUNNING
F01,DEMO-DEVICE-01,2026-10-03T20:02:28.000Z,148,1,60,59.4294,59.4294,0.9283,0.9871,0.3,1,1,RUNNING
F01,DEMO-DEVICE-01,2026-10-03T20:02:29.000Z,149,1,60,59.6473,59.6473,0.9434,0.9913,0.3,1,1,RUNNING
F01,DEMO-DEVICE-01,2026-10-03T20:02:30.000Z,150,1,60,60,60,0.9657,0.996,0.3,1,1,RUNNING
F01,DEMO-DEVICE-01,2026-10-03T20:02:31.000Z,151,1,60,60.3527,60.3527,0.9884,1.001,0.3,1,1,RUNNING
F01,DEMO-DEVICE-01,2026-10-03T20:02:32.000Z,152,1,60,60.5706,60.5706,1.0042,1.0059,0.3,1,1,RUNNING
F01,DEMO-DEVICE-01,2026-10-03T20:02:33.000Z,153,1,60,60.5706,60.5706,1.0088,1.0105,0.3,1,1,RUNNING
F01,DEMO-DEVICE-01,2026-10-03T20:02:34.000Z,154,1,60,60.3527,60.3527,1.0018,1.0144,0.3,1,1,RUNNING
F01,DEMO-DEVICE-01,2026-10-03T20:02:35.000Z,155,1,60,60,60,0.9871,1.0174,0.3,1,1,RUNNING
F01,DEMO-DEVICE-01,2026-10-03T20:02:36.000Z,156,1,60,59.6473,59.6473,0.9714,1.0193,0.3,1,1,RUNNING
F01,DEMO-DEVICE-01,2026-10-03T20:02:37.000Z,157,1,60,59.4294,59.4294,0.9612,1.02,0.3,1,1,RUNNING
F01,DEMO-DEVICE-01,2026-10-03T20:02:38.000Z,158,1,60,59.4294,59.4294,0.9607,1.0195,0.3,1,1,RUNNING
F01,DEMO-DEVICE-01,2026-10-03T20:02:39.000Z,159,1,60,59.6473,59.6473,0.9698,1.0177,0.3,1,1,RUNNING
F01,DEMO-DEVICE-01,2026-10-03T20:02:40.000Z,160,1,60,60,60,0.9846,1.0149,0.3,1,1,RUNNING
F01,DEMO-DEVICE-01,2026-10-03T20:02:41.000Z,161,1,60,60.3527,60.3527,0.9985,1.0111,0.3,1,1,RUNNING
F01,DEMO-DEVICE-01,2026-10-03T20:02:42.000Z,162,1,60,60.5706,60.5706,1.005,1.0067,0.3,1,1,RUNNING
F01,DEMO-DEVICE-01,2026-10-03T20:02:43.000Z,163,1,60,60.5706,60.5706,1.0001,1.0018,0.3,1,1,RUNNING
F01,DEMO-DEVICE-01,2026-10-03T20:02:44.000Z,164,1,60,60.3527,60.3527,0.9842,0.9968,0.3,1,1,RUNNING
F01,DEMO-DEVICE-01,2026-10-03T20:02:45.000Z,165,1,60,60,60,0.9617,0.992,0.3,1,1,RUNNING
F01,DEMO-DEVICE-01,2026-10-03T20:02:46.000Z,166,1,60,59.6473,59.6473,0.9398,0.9877,0.3,1,1,RUNNING
F01,DEMO-DEVICE-01,2026-10-03T20:02:47.000Z,167,1,60,59.4294,59.4294,0.9254,0.9842,0.3,1,1,RUNNING
F01,DEMO-DEVICE-01,2026-10-03T20:02:48.000Z,168,1,60,59.4294,59.4294,0.9229,0.9817,0.3,1,1,RUNNING
F01,DEMO-DEVICE-01,2026-10-03T20:02:49.000Z,169,1,60,59.6473,59.6473,0.9324,0.9803,0.3,1,1,RUNNING
F01,DEMO-DEVICE-01,2026-10-03T20:02:50.000Z,170,1,60,60,60,0.9498,0.9801,0.3,1,1,RUNNING
F01,DEMO-DEVICE-01,2026-10-03T20:02:51.000Z,171,1,60,60.3527,60.3527,0.9685,0.9811,0.3,1,1,RUNNING
F01,DEMO-DEVICE-01,2026-10-03T20:02:52.000Z,172,1,60,60.5706,60.5706,0.9817,0.9834,0.3,1,1,RUNNING
F01,DEMO-DEVICE-01,2026-10-03T20:02:53.000Z,173,1,60,60.5706,60.5706,0.9849,0.9866,0.3,1,1,RUNNING
F01,DEMO-DEVICE-01,2026-10-03T20:02:54.000Z,174,1,60,60.3527,60.3527,0.9781,0.9907,0.3,1,1,RUNNING
F01,DEMO-DEVICE-01,2026-10-03T20:02:55.000Z,175,1,60,60,60,0.9651,0.9954,0.3,1,1,RUNNING
F01,DEMO-DEVICE-01,2026-10-03T20:02:56.000Z,176,1,60,59.6473,59.6473,0.9525,1.0004,0.3,1,1,RUNNING
F01,DEMO-DEVICE-01,2026-10-03T20:02:57.000Z,177,1,60,59.4294,59.4294,0.9465,1.0053,0.3,1,1,RUNNING
F01,DEMO-DEVICE-01,2026-10-03T20:02:58.000Z,178,1,60,59.4294,59.4294,0.9511,1.0099,0.3,1,1,RUNNING
F01,DEMO-DEVICE-01,2026-10-03T20:02:59.000Z,179,1,60,59.6473,59.6473,0.966,1.0139,0.3,1,1,RUNNING
F01,DEMO-DEVICE-01,2026-10-03T20:03:00.000Z,180,1,60,60,60,0.9867,1.017,0.3,1,1,RUNNING
F01,DEMO-DEVICE-01,2026-10-03T20:03:01.000Z,181,1,60,60.3527,60.3527,1.0065,1.0191,0.3,1,1,RUNNING
F01,DEMO-DEVICE-01,2026-10-03T20:03:02.000Z,182,1,60,60.5706,60.5706,1.0183,1.02,0.3,1,1,RUNNING
F01,DEMO-DEVICE-01,2026-10-03T20:03:03.000Z,183,1,60,60.5706,60.5706,1.0179,1.0196,0.3,1,1,RUNNING
F01,DEMO-DEVICE-01,2026-10-03T20:03:04.000Z,184,1,60,60.3527,60.3527,1.0054,1.018,0.3,1,1,RUNNING
F01,DEMO-DEVICE-01,2026-10-03T20:03:05.000Z,185,1,60,60,60,0.985,1.0153,0.3,1,1,RUNNING
F01,DEMO-DEVICE-01,2026-10-03T20:03:06.000Z,186,1,60,59.6473,59.6473,0.9638,1.0117,0.3,1,1,RUNNING
F01,DEMO-DEVICE-01,2026-10-03T20:03:07.000Z,187,1,60,59.4294,59.4294,0.9485,1.0073,0.3,1,1,RUNNING
F01,DEMO-DEVICE-01,2026-10-03T20:03:08.000Z,188,1,60,59.4294,59.4294,0.9437,1.0025,0.3,1,1,RUNNING
F01,DEMO-DEVICE-01,2026-10-03T20:03:09.000Z,189,1,60,59.6473,59.6473,0.9496,0.9975,0.3,1,1,RUNNING
F01,DEMO-DEVICE-01,2026-10-03T20:03:10.000Z,190,1,60,60,60,0.9624,0.9927,0.3,1,1,RUNNING
F01,DEMO-DEVICE-01,2026-10-03T20:03:11.000Z,191,1,60,60.3527,60.3527,0.9757,0.9883,0.3,1,1,RUNNING
F01,DEMO-DEVICE-01,2026-10-03T20:03:12.000Z,192,1,60,60.5706,60.5706,0.9829,0.9846,0.3,1,1,RUNNING
F01,DEMO-DEVICE-01,2026-10-03T20:03:13.000Z,193,1,60,60.5706,60.5706,0.9802,0.9819,0.3,1,1,RUNNING
F01,DEMO-DEVICE-01,2026-10-03T20:03:14.000Z,194,1,60,60.3527,60.3527,0.9678,0.9804,0.3,1,1,RUNNING
F01,DEMO-DEVICE-01,2026-10-03T20:03:15.000Z,195,1,60,60,60,0.9497,0.98,0.3,1,1,RUNNING
F01,DEMO-DEVICE-01,2026-10-03T20:03:16.000Z,196,1,60,59.6473,59.6473,0.933,0.9809,0.3,1,1,RUNNING
F01,DEMO-DEVICE-01,2026-10-03T20:03:17.000Z,197,1,60,59.4294,59.4294,0.9242,0.983,0.3,1,1,RUNNING
F01,DEMO-DEVICE-01,2026-10-03T20:03:18.000Z,198,1,60,59.4294,59.4294,0.9273,0.9861,0.3,1,1,RUNNING
F01,DEMO-DEVICE-01,2026-10-03T20:03:19.000Z,199,1,60,59.6473,59.6473,0.9422,0.9901,0.3,1,1,RUNNING
F01,DEMO-DEVICE-01,2026-10-03T20:03:20.000Z,200,1,60,60,60,0.9645,0.9948,0.3,1,1,RUNNING
F01,DEMO-DEVICE-01,2026-10-03T20:03:21.000Z,201,1,60,60.3527,60.3527,0.9871,0.9997,0.3,1,1,RUNNING
F01,DEMO-DEVICE-01,2026-10-03T20:03:22.000Z,202,1,60,60.5706,60.5706,1.0029,1.0046,0.3,1,1,RUNNING
F01,DEMO-DEVICE-01,2026-10-03T20:03:23.000Z,203,1,60,60.5706,60.5706,1.0076,1.0093,0.3,1,1,RUNNING
F01,DEMO-DEVICE-01,2026-10-03T20:03:24.000Z,204,1,60,60.3527,60.3527,1.0008,1.0134,0.3,1,1,RUNNING
F01,DEMO-DEVICE-01,2026-10-03T20:03:25.000Z,205,1,60,60,60,0.9864,1.0167,0.3,1,1,RUNNING
F01,DEMO-DEVICE-01,2026-10-03T20:03:26.000Z,206,1,60,59.6473,59.6473,0.971,1.0189,0.3,1,1,RUNNING
F01,DEMO-DEVICE-01,2026-10-03T20:03:27.000Z,207,1,60,59.4294,59.4294,0.9611,1.0199,0.3,1,1,RUNNING
F01,DEMO-DEVICE-01,2026-10-03T20:03:28.000Z,208,1,60,59.4294,59.4294,0.9609,1.0197,0.3,1,1,RUNNING
F01,DEMO-DEVICE-01,2026-10-03T20:03:29.000Z,209,1,60,59.6473,59.6473,0.9704,1.0183,0.3,1,1,RUNNING
F01,DEMO-DEVICE-01,2026-10-03T20:03:30.000Z,210,1,60,60,60,0.9855,1.0158,0.3,1,1,RUNNING
F01,DEMO-DEVICE-01,2026-10-03T20:03:31.000Z,211,1,60,60.3527,60.3527,0.9996,1.0122,0.3,1,1,RUNNING
F01,DEMO-DEVICE-01,2026-10-03T20:03:32.000Z,212,1,60,60.5706,60.5706,1.0062,1.0079,0.3,1,1,RUNNING
F01,DEMO-DEVICE-01,2026-10-03T20:03:33.000Z,213,1,60,60.5706,60.5706,1.0014,1.0031,0.3,1,1,RUNNING
F01,DEMO-DEVICE-01,2026-10-03T20:03:34.000Z,214,1,60,60.3527,60.3527,0.9855,0.9981,0.3,1,1,RUNNING
F01,DEMO-DEVICE-01,2026-10-03T20:03:35.000Z,215,1,60,60,60,0.963,0.9933,0.3,1,1,RUNNING
F01,DEMO-DEVICE-01,2026-10-03T20:03:36.000Z,216,1,60,59.6473,59.6473,0.9409,0.9888,0.3,1,1,RUNNING
F01,DEMO-DEVICE-01,2026-10-03T20:03:37.000Z,217,1,60,59.4294,59.4294,0.9263,0.9851,0.3,1,1,RUNNING
F01,DEMO-DEVICE-01,2026-10-03T20:03:38.000Z,218,1,60,59.4294,59.4294,0.9234,0.9822,0.3,1,1,RUNNING
F01,DEMO-DEVICE-01,2026-10-03T20:03:39.000Z,219,1,60,59.6473,59.6473,0.9326,0.9805,0.3,1,1,RUNNING
F01,DEMO-DEVICE-01,2026-10-03T20:03:40.000Z,220,1,60,60,60,0.9497,0.98,0.3,1,1,RUNNING
F01,DEMO-DEVICE-01,2026-10-03T20:03:41.000Z,221,1,60,60.3527,60.3527,0.9681,0.9807,0.3,1,1,RUNNING
F01,DEMO-DEVICE-01,2026-10-03T20:03:42.000Z,222,1,60,60.5706,60.5706,0.981,0.9827,0.3,1,1,RUNNING
F01,DEMO-DEVICE-01,2026-10-03T20:03:43.000Z,223,1,60,60.5706,60.5706,0.984,0.9857,0.3,1,1,RUNNING
F01,DEMO-DEVICE-01,2026-10-03T20:03:44.000Z,224,1,60,60.3527,60.3527,0.977,0.9896,0.3,1,1,RUNNING
F01,DEMO-DEVICE-01,2026-10-03T20:03:45.000Z,225,1,60,60,60,0.9638,0.9941,0.3,1,1,RUNNING
F01,DEMO-DEVICE-01,2026-10-03T20:03:46.000Z,226,1,60,59.6473,59.6473,0.9511,0.999,0.3,1,1,RUNNING
F01,DEMO-DEVICE-01,2026-10-03T20:03:47.000Z,227,1,60,59.4294,59.4294,0.9452,1.004,0.3,1,1,RUNNING
F01,DEMO-DEVICE-01,2026-10-03T20:03:48.000Z,228,1,60,59.4294,59.4294,0.9499,1.0087,0.3,1,1,RUNNING
F01,DEMO-DEVICE-01,2026-10-03T20:03:49.000Z,229,1,60,59.6473,59.6473,0.965,1.0129,0.3,1,1,RUNNING
F01,DEMO-DEVICE-01,2026-10-03T20:03:50.000Z,230,1,60,60,60,0.986,1.0163,0.3,1,1,RUNNING
F01,DEMO-DEVICE-01,2026-10-03T20:03:51.000Z,231,1,60,60.3527,60.3527,1.0061,1.0187,0.3,1,1,RUNNING
F01,DEMO-DEVICE-01,2026-10-03T20:03:52.000Z,232,1,60,60.5706,60.5706,1.0182,1.0199,0.3,1,1,RUNNING
F01,DEMO-DEVICE-01,2026-10-03T20:03:53.000Z,233,1,60,60.5706,60.5706,1.0181,1.0198,0.3,1,1,RUNNING
F01,DEMO-DEVICE-01,2026-10-03T20:03:54.000Z,234,1,60,60.3527,60.3527,1.006,1.0186,0.3,1,1,RUNNING
F01,DEMO-DEVICE-01,2026-10-03T20:03:55.000Z,235,1,60,60,60,0.9859,1.0162,0.3,1,1,RUNNING
F01,DEMO-DEVICE-01,2026-10-03T20:03:56.000Z,236,1,60,59.6473,59.6473,0.9648,1.0127,0.3,1,1,RUNNING
F01,DEMO-DEVICE-01,2026-10-03T20:03:57.000Z,237,1,60,59.4294,59.4294,0.9497,1.0085,0.3,1,1,RUNNING
F01,DEMO-DEVICE-01,2026-10-03T20:03:58.000Z,238,1,60,59.4294,59.4294,0.945,1.0038,0.3,1,1,RUNNING
F01,DEMO-DEVICE-01,2026-10-03T20:03:59.000Z,239,1,60,59.6473,59.6473,0.9509,0.9988,0.3,1,1,RUNNING
F01,DEMO-DEVICE-01,2026-10-03T20:04:00.000Z,240,1,60,60,60,0.9636,0.9939,0.3,1,1,RUNNING
F01,DEMO-DEVICE-01,2026-10-03T20:04:01.000Z,241,1,60,60.3527,60.3527,0.9768,0.9894,0.3,1,1,RUNNING
F01,DEMO-DEVICE-01,2026-10-03T20:04:02.000Z,242,1,60,60.5706,60.5706,0.9838,0.9855,0.3,1,1,RUNNING
F01,DEMO-DEVICE-01,2026-10-03T20:04:03.000Z,243,1,60,60.5706,60.5706,0.9809,0.9826,0.3,1,1,RUNNING
F01,DEMO-DEVICE-01,2026-10-03T20:04:04.000Z,244,1,60,60.3527,60.3527,0.9681,0.9807,0.3,1,1,RUNNING
F01,DEMO-DEVICE-01,2026-10-03T20:04:05.000Z,245,1,60,60,60,0.9497,0.98,0.3,1,1,RUNNING
F01,DEMO-DEVICE-01,2026-10-03T20:04:06.000Z,246,1,60,59.6473,59.6473,0.9327,0.9806,0.3,1,1,RUNNING
F01,DEMO-DEVICE-01,2026-10-03T20:04:07.000Z,247,1,60,59.4294,59.4294,0.9235,0.9823,0.3,1,1,RUNNING
F01,DEMO-DEVICE-01,2026-10-03T20:04:08.000Z,248,1,60,59.4294,59.4294,0.9264,0.9852,0.3,1,1,RUNNING
F01,DEMO-DEVICE-01,2026-10-03T20:04:09.000Z,249,1,60,59.6473,59.6473,0.9411,0.989,0.3,1,1,RUNNING
F01,DEMO-DEVICE-01,2026-10-03T20:04:10.000Z,250,1,60,60,60,0.9632,0.9935,0.3,1,1,RUNNING
F01,DEMO-DEVICE-01,2026-10-03T20:04:11.000Z,251,1,60,60.3527,60.3527,0.9858,0.9984,0.3,1,1,RUNNING
F01,DEMO-DEVICE-01,2026-10-03T20:04:12.000Z,252,1,60,60.5706,60.5706,1.0016,1.0033,0.3,1,1,RUNNING
F01,DEMO-DEVICE-01,2026-10-03T20:04:13.000Z,253,1,60,60.5706,60.5706,1.0064,1.0081,0.3,1,1,RUNNING
F01,DEMO-DEVICE-01,2026-10-03T20:04:14.000Z,254,1,60,60.3527,60.3527,0.9998,1.0124,0.3,1,1,RUNNING
F01,DEMO-DEVICE-01,2026-10-03T20:04:15.000Z,255,1,60,60,60,0.9856,1.0159,0.3,1,1,RUNNING
F01,DEMO-DEVICE-01,2026-10-03T20:04:16.000Z,256,1,60,59.6473,59.6473,0.9705,1.0184,0.3,1,1,RUNNING
F01,DEMO-DEVICE-01,2026-10-03T20:04:17.000Z,257,1,60,59.4294,59.4294,0.961,1.0198,0.3,1,1,RUNNING
F01,DEMO-DEVICE-01,2026-10-03T20:04:18.000Z,258,1,60,59.4294,59.4294,0.9611,1.0199,0.3,1,1,RUNNING
F01,DEMO-DEVICE-01,2026-10-03T20:04:19.000Z,259,1,60,59.6473,59.6473,0.9709,1.0188,0.3,1,1,RUNNING
F01,DEMO-DEVICE-01,2026-10-03T20:04:20.000Z,260,1,60,60,60,0.9862,1.0165,0.3,1,1,RUNNING
F01,DEMO-DEVICE-01,2026-10-03T20:04:21.000Z,261,1,60,60.3527,60.3527,1.0006,1.0132,0.3,1,1,RUNNING
F01,DEMO-DEVICE-01,2026-10-03T20:04:22.000Z,262,1,60,60.5706,60.5706,1.0074,1.0091,0.3,1,1,RUNNING
F01,DEMO-DEVICE-01,2026-10-03T20:04:23.000Z,263,1,60,60.5706,60.5706,1.0027,1.0044,0.3,1,1,RUNNING
F01,DEMO-DEVICE-01,2026-10-03T20:04:24.000Z,264,1,60,60.3527,60.3527,0.9869,0.9995,0.3,1,1,RUNNING
F01,DEMO-DEVICE-01,2026-10-03T20:04:25.000Z,265,1,60,60,60,0.9642,0.9945,0.3,1,1,RUNNING
F01,DEMO-DEVICE-01,2026-10-03T20:04:26.000Z,266,1,60,59.6473,59.6473,0.942,0.9899,0.3,1,1,RUNNING
F01,DEMO-DEVICE-01,2026-10-03T20:04:27.000Z,267,1,60,59.4294,59.4294,0.9272,0.986,0.3,1,1,RUNNING
F01,DEMO-DEVICE-01,2026-10-03T20:04:28.000Z,268,1,60,59.4294,59.4294,0.9241,0.9829,0.3,1,1,RUNNING
F01,DEMO-DEVICE-01,2026-10-03T20:04:29.000Z,269,1,60,59.6473,59.6473,0.933,0.9809,0.3,1,1,RUNNING
F01,DEMO-DEVICE-01,2026-10-03T20:04:30.000Z,270,1,60,60,60,0.9497,0.98,0.3,1,1,RUNNING
F01,DEMO-DEVICE-01,2026-10-03T20:04:31.000Z,271,1,60,60.3527,60.3527,0.9678,0.9804,0.3,1,1,RUNNING
F01,DEMO-DEVICE-01,2026-10-03T20:04:32.000Z,272,1,60,60.5706,60.5706,0.9803,0.982,0.3,1,1,RUNNING
F01,DEMO-DEVICE-01,2026-10-03T20:04:33.000Z,273,1,60,60.5706,60.5706,0.9831,0.9848,0.3,1,1,RUNNING
F01,DEMO-DEVICE-01,2026-10-03T20:04:34.000Z,274,1,60,60.3527,60.3527,0.9759,0.9885,0.3,1,1,RUNNING
F01,DEMO-DEVICE-01,2026-10-03T20:04:35.000Z,275,1,60,60,60,0.9626,0.9929,0.3,1,1,RUNNING
F01,DEMO-DEVICE-01,2026-10-03T20:04:36.000Z,276,1,60,59.6473,59.6473,0.9498,0.9977,0.3,1,1,RUNNING
F01,DEMO-DEVICE-01,2026-10-03T20:04:37.000Z,277,1,60,59.4294,59.4294,0.9439,1.0027,0.3,1,1,RUNNING
F01,DEMO-DEVICE-01,2026-10-03T20:04:38.000Z,278,1,60,59.4294,59.4294,0.9487,1.0075,0.3,1,1,RUNNING
F01,DEMO-DEVICE-01,2026-10-03T20:04:39.000Z,279,1,60,59.6473,59.6473,0.964,1.0119,0.3,1,1,RUNNING
F01,DEMO-DEVICE-01,2026-10-03T20:04:40.000Z,280,1,60,60,60,0.9852,1.0155,0.3,1,1,RUNNING
F01,DEMO-DEVICE-01,2026-10-03T20:04:41.000Z,281,1,60,60.3527,60.3527,1.0055,1.0181,0.3,1,1,RUNNING
F01,DEMO-DEVICE-01,2026-10-03T20:04:42.000Z,282,1,60,60.5706,60.5706,1.018,1.0197,0.3,1,1,RUNNING
F01,DEMO-DEVICE-01,2026-10-03T20:04:43.000Z,283,1,60,60.5706,60.5706,1.0183,1.02,0.3,1,1,RUNNING
F01,DEMO-DEVICE-01,2026-10-03T20:04:44.000Z,284,1,60,60.3527,60.3527,1.0064,1.019,0.3,1,1,RUNNING
F01,DEMO-DEVICE-01,2026-10-03T20:04:45.000Z,285,1,60,60,60,0.9866,1.0169,0.3,1,1,RUNNING
F01,DEMO-DEVICE-01,2026-10-03T20:04:46.000Z,286,1,60,59.6473,59.6473,0.9658,1.0137,0.3,1,1,RUNNING
F01,DEMO-DEVICE-01,2026-10-03T20:04:47.000Z,287,1,60,59.4294,59.4294,0.9509,1.0097,0.3,1,1,RUNNING
F01,DEMO-DEVICE-01,2026-10-03T20:04:48.000Z,288,1,60,59.4294,59.4294,0.9463,1.0051,0.3,1,1,RUNNING
F01,DEMO-DEVICE-01,2026-10-03T20:04:49.000Z,289,1,60,59.6473,59.6473,0.9522,1.0001,0.3,1,1,RUNNING
F01,DEMO-DEVICE-01,2026-10-03T20:04:50.000Z,290,1,60,60,60,0.9649,0.9952,0.3,1,1,RUNNING
F01,DEMO-DEVICE-01,2026-10-03T20:04:51.000Z,291,1,60,60.3527,60.3527,0.9779,0.9905,0.3,1,1,RUNNING
F01,DEMO-DEVICE-01,2026-10-03T20:04:52.000Z,292,1,60,60.5706,60.5706,0.9848,0.9865,0.3,1,1,RUNNING
F01,DEMO-DEVICE-01,2026-10-03T20:04:53.000Z,293,1,60,60.5706,60.5706,0.9815,0.9832,0.3,1,1,RUNNING
F01,DEMO-DEVICE-01,2026-10-03T20:04:54.000Z,294,1,60,60.3527,60.3527,0.9685,0.9811,0.3,1,1,RUNNING
F01,DEMO-DEVICE-01,2026-10-03T20:04:55.000Z,295,1,60,60,60,0.9498,0.9801,0.3,1,1,RUNNING
F01,DEMO-DEVICE-01,2026-10-03T20:04:56.000Z,296,1,60,59.6473,59.6473,0.9324,0.9803,0.3,1,1,RUNNING
F01,DEMO-DEVICE-01,2026-10-03T20:04:57.000Z,297,1,60,59.4294,59.4294,0.923,0.9818,0.3,1,1,RUNNING
F01,DEMO-DEVICE-01,2026-10-03T20:04:58.000Z,298,1,60,59.4294,59.4294,0.9256,0.9844,0.3,1,1,RUNNING
F01,DEMO-DEVICE-01,2026-10-03T20:04:59.000Z,299,1,60,59.6473,59.6473,0.94,0.9879,0.3,1,1,RUNNING
F01,DEMO-DEVICE-01,2026-10-03T20:05:00.000Z,300,1,60,60,60,0.9619,0.9922,0.3,1,1,RUNNING
F01,DEMO-DEVICE-01,2026-10-03T20:05:01.000Z,301,1,60,60.3527,60.3527,0.9844,0.997,0.3,1,1,RUNNING
F01,DEMO-DEVICE-01,2026-10-03T20:05:02.000Z,302,1,60,60.5706,60.5706,1.0003,1.002,0.3,1,1,RUNNING
F01,DEMO-DEVICE-01,2026-10-03T20:05:03.000Z,303,1,60,60.5706,60.5706,1.0052,1.0069,0.3,1,1,RUNNING
F01,DEMO-DEVICE-01,2026-10-03T20:05:04.000Z,304,1,60,60.3527,60.3527,0.9987,1.0113,0.3,1,1,RUNNING
F01,DEMO-DEVICE-01,2026-10-03T20:05:05.000Z,305,1,60,60,60,0.9847,1.015,0.3,1,1,RUNNING
F01,DEMO-DEVICE-01,2026-10-03T20:05:06.000Z,306,1,60,59.6473,59.6473,0.9699,1.0178,0.3,1,1,RUNNING
F01,DEMO-DEVICE-01,2026-10-03T20:05:07.000Z,307,1,60,59.4294,59.4294,0.9607,1.0195,0.3,1,1,RUNNING
F01,DEMO-DEVICE-01,2026-10-03T20:05:08.000Z,308,1,60,59.4294,59.4294,0.9612,1.02,0.3,1,1,RUNNING
F01,DEMO-DEVICE-01,2026-10-03T20:05:09.000Z,309,1,60,59.6473,59.6473,0.9713,1.0192,0.3,1,1,RUNNING
F01,DEMO-DEVICE-01,2026-10-03T20:05:10.000Z,310,1,60,60,60,0.9869,1.0172,0.3,1,1,RUNNING
F01,DEMO-DEVICE-01,2026-10-03T20:05:11.000Z,311,1,60,60.3527,60.3527,1.0016,1.0142,0.3,1,1,RUNNING
F01,DEMO-DEVICE-01,2026-10-03T20:05:12.000Z,312,1,60,60.5706,60.5706,1.0086,1.0103,0.3,1,1,RUNNING
F01,DEMO-DEVICE-01,2026-10-03T20:05:13.000Z,313,1,60,60.5706,60.5706,1.004,1.0057,0.3,1,1,RUNNING
F01,DEMO-DEVICE-01,2026-10-03T20:05:14.000Z,314,1,60,60.3527,60.3527,0.9882,1.0008,0.3,1,1,RUNNING
F01,DEMO-DEVICE-01,2026-10-03T20:05:15.000Z,315,1,60,60,60,0.9655,0.9958,0.3,1,1,RUNNING
F01,DEMO-DEVICE-01,2026-10-03T20:05:16.000Z,316,1,60,59.6473,59.6473,0.9432,0.9911,0.3,1,1,RUNNING
F01,DEMO-DEVICE-01,2026-10-03T20:05:17.000Z,317,1,60,59.4294,59.4294,0.9282,0.987,0.3,1,1,RUNNING
F01,DEMO-DEVICE-01,2026-10-03T20:05:18.000Z,318,1,60,59.4294,59.4294,0.9248,0.9836,0.3,1,1,RUNNING
F01,DEMO-DEVICE-01,2026-10-03T20:05:19.000Z,319,1,60,59.6473,59.6473,0.9334,0.9813,0.3,1,1,RUNNING
F01,DEMO-DEVICE-01,2026-10-03T20:05:20.000Z,320,1,60,60,60,0.9498,0.9801,0.3,1,1,RUNNING
F01,DEMO-DEVICE-01,2026-10-03T20:05:21.000Z,321,1,60,60.3527,60.3527,0.9676,0.9802,0.3,1,1,RUNNING
F01,DEMO-DEVICE-01,2026-10-03T20:05:22.000Z,322,1,60,60.5706,60.5706,0.9798,0.9815,0.3,1,1,RUNNING
F01,DEMO-DEVICE-01,2026-10-03T20:05:23.000Z,323,1,60,60.5706,60.5706,0.9823,0.984,0.3,1,1,RUNNING
F01,DEMO-DEVICE-01,2026-10-03T20:05:24.000Z,324,1,60,60.3527,60.3527,0.9748,0.9874,0.3,1,1,RUNNING
F01,DEMO-DEVICE-01,2026-10-03T20:05:25.000Z,325,1,60,60,60,0.9613,0.9916,0.3,1,1,RUNNING
F01,DEMO-DEVICE-01,2026-10-03T20:05:26.000Z,326,1,60,59.6473,59.6473,0.9485,0.9964,0.3,1,1,RUNNING
F01,DEMO-DEVICE-01,2026-10-03T20:05:27.000Z,327,1,60,59.4294,59.4294,0.9426,1.0014,0.3,1,1,RUNNING
F01,DEMO-DEVICE-01,2026-10-03T20:05:28.000Z,328,1,60,59.4294,59.4294,0.9475,1.0063,0.3,1,1,RUNNING
F01,DEMO-DEVICE-01,2026-10-03T20:05:29.000Z,329,1,60,59.6473,59.6473,0.9629,1.0108,0.3,1,1,RUNNING
F01,DEMO-DEVICE-01,2026-10-03T20:05:30.000Z,330,1,60,60,60,0.9843,1.0146,0.3,1,1,RUNNING
F01,DEMO-DEVICE-01,2026-10-03T20:05:31.000Z,331,1,60,60.3527,60.3527,1.0049,1.0175,0.3,1,1,RUNNING
F01,DEMO-DEVICE-01,2026-10-03T20:05:32.000Z,332,1,60,60.5706,60.5706,1.0177,1.0194,0.3,1,1,RUNNING
F01,DEMO-DEVICE-01,2026-10-03T20:05:33.000Z,333,1,60,60.5706,60.5706,1.0183,1.02,0.3,1,1,RUNNING
F01,DEMO-DEVICE-01,2026-10-03T20:05:34.000Z,334,1,60,60.3527,60.3527,1.0068,1.0194,0.3,1,1,RUNNING
F01,DEMO-DEVICE-01,2026-10-03T20:05:35.000Z,335,1,60,60,60,0.9873,1.0176,0.3,1,1,RUNNING
F01,DEMO-DEVICE-01,2026-10-03T20:05:36.000Z,336,1,60,59.6473,59.6473,0.9668,1.0147,0.3,1,1,RUNNING
F01,DEMO-DEVICE-01,2026-10-03T20:05:37.000Z,337,1,60,59.4294,59.4294,0.952,1.0108,0.3,1,1,RUNNING
F01,DEMO-DEVICE-01,2026-10-03T20:05:38.000Z,338,1,60,59.4294,59.4294,0.9475,1.0063,0.3,1,1,RUNNING
F01,DEMO-DEVICE-01,2026-10-03T20:05:39.000Z,339,1,60,59.6473,59.6473,0.9536,1.0015,0.3,1,1,RUNNING
F01,DEMO-DEVICE-01,2026-10-03T20:05:40.000Z,340,1,60,60,60,0.9662,0.9965,0.3,1,1,RUNNING
F01,DEMO-DEVICE-01,2026-10-03T20:05:41.000Z,341,1,60,60.3527,60.3527,0.9791,0.9917,0.3,1,1,RUNNING
F01,DEMO-DEVICE-01,2026-10-03T20:05:42.000Z,342,1,60,60.5706,60.5706,0.9858,0.9875,0.3,1,1,RUNNING
F01,DEMO-DEVICE-01,2026-10-03T20:05:43.000Z,343,1,60,60.5706,60.5706,0.9823,0.984,0.3,1,1,RUNNING
F01,DEMO-DEVICE-01,2026-10-03T20:05:44.000Z,344,1,60,60.3527,60.3527,0.9689,0.9815,0.3,1,1,RUNNING
F01,DEMO-DEVICE-01,2026-10-03T20:05:45.000Z,345,1,60,60,60,0.9499,0.9802,0.3,1,1,RUNNING
F01,DEMO-DEVICE-01,2026-10-03T20:05:46.000Z,346,1,60,59.6473,59.6473,0.9322,0.9801,0.3,1,1,RUNNING
F01,DEMO-DEVICE-01,2026-10-03T20:05:47.000Z,347,1,60,59.4294,59.4294,0.9225,0.9813,0.3,1,1,RUNNING
F01,DEMO-DEVICE-01,2026-10-03T20:05:48.000Z,348,1,60,59.4294,59.4294,0.9248,0.9836,0.3,1,1,RUNNING
F01,DEMO-DEVICE-01,2026-10-03T20:05:49.000Z,349,1,60,59.6473,59.6473,0.939,0.9869,0.3,1,1,RUNNING
F01,DEMO-DEVICE-01,2026-10-03T20:05:50.000Z,350,1,60,60,60,0.9607,0.991,0.3,1,1,RUNNING
F01,DEMO-DEVICE-01,2026-10-03T20:05:51.000Z,351,1,60,60.3527,60.3527,0.9831,0.9957,0.3,1,1,RUNNING
F01,DEMO-DEVICE-01,2026-10-03T20:05:52.000Z,352,1,60,60.5706,60.5706,0.999,1.0007,0.3,1,1,RUNNING
F01,DEMO-DEVICE-01,2026-10-03T20:05:53.000Z,353,1,60,60.5706,60.5706,1.0039,1.0056,0.3,1,1,RUNNING
F01,DEMO-DEVICE-01,2026-10-03T20:05:54.000Z,354,1,60,60.3527,60.3527,0.9976,1.0102,0.3,1,1,RUNNING
F01,DEMO-DEVICE-01,2026-10-03T20:05:55.000Z,355,1,60,60,60,0.9838,1.0141,0.3,1,1,RUNNING
F01,DEMO-DEVICE-01,2026-10-03T20:05:56.000Z,356,1,60,59.6473,59.6473,0.9693,1.0172,0.3,1,1,RUNNING
F01,DEMO-DEVICE-01,2026-10-03T20:05:57.000Z,357,1,60,59.4294,59.4294,0.9604,1.0192,0.3,1,1,RUNNING
F01,DEMO-DEVICE-01,2026-10-03T20:05:58.000Z,358,1,60,59.4294,59.4294,0.9612,1.02,0.3,1,1,RUNNING
F01,DEMO-DEVICE-01,2026-10-03T20:05:59.000Z,359,1,60,59.6473,59.6473,0.9716,1.0195,0.3,1,1,RUNNING
F01,DEMO-DEVICE-01,2026-10-03T20:06:00.000Z,360,1,60,60,60,0.9876,1.0179,0.3,1,1,RUNNING
F01,DEMO-DEVICE-01,2026-10-03T20:06:01.000Z,361,1,60,60.3527,60.3527,1.0025,1.0151,0.3,1,1,RUNNING
F01,DEMO-DEVICE-01,2026-10-03T20:06:02.000Z,362,1,60,60.5706,60.5706,1.0097,1.0114,0.3,1,1,RUNNING
F01,DEMO-DEVICE-01,2026-10-03T20:06:03.000Z,363,1,60,60.5706,60.5706,1.0053,1.007,0.3,1,1,RUNNING
F01,DEMO-DEVICE-01,2026-10-03T20:06:04.000Z,364,1,60,60.3527,60.3527,0.9895,1.0021,0.3,1,1,RUNNING
F01,DEMO-DEVICE-01,2026-10-03T20:06:05.000Z,365,1,60,60,60,0.9668,0.9971,0.3,1,1,RUNNING
F01,DEMO-DEVICE-01,2026-10-03T20:06:06.000Z,366,1,60,59.6473,59.6473,0.9444,0.9923,0.3,1,1,RUNNING
F01,DEMO-DEVICE-01,2026-10-03T20:06:07.000Z,367,1,60,59.4294,59.4294,0.9292,0.988,0.3,1,1,RUNNING
F01,DEMO-DEVICE-01,2026-10-03T20:06:08.000Z,368,1,60,59.4294,59.4294,0.9256,0.9844,0.3,1,1,RUNNING
F01,DEMO-DEVICE-01,2026-10-03T20:06:09.000Z,369,1,60,59.6473,59.6473,0.9339,0.9818,0.3,1,1,RUNNING
F01,DEMO-DEVICE-01,2026-10-03T20:06:10.000Z,370,1,60,60,60,0.95,0.9803,0.3,1,1,RUNNING
F01,DEMO-DEVICE-01,2026-10-03T20:06:11.000Z,371,1,60,60.3527,60.3527,0.9675,0.9801,0.3,1,1,RUNNING
F01,DEMO-DEVICE-01,2026-10-03T20:06:12.000Z,372,1,60,60.5706,60.5706,0.9793,0.981,0.3,1,1,RUNNING
F01,DEMO-DEVICE-01,2026-10-03T20:06:13.000Z,373,1,60,60.5706,60.5706,0.9815,0.9832,0.3,1,1,RUNNING
F01,DEMO-DEVICE-01,2026-10-03T20:06:14.000Z,374,1,60,60.3527,60.3527,0.9738,0.9864,0.3,1,1,RUNNING
F01,DEMO-DEVICE-01,2026-10-03T20:06:15.000Z,375,1,60,60,60,0.9602,0.9905,0.3,1,1,RUNNING
F01,DEMO-DEVICE-01,2026-10-03T20:06:16.000Z,376,1,60,59.6473,59.6473,0.9472,0.9951,0.3,1,1,RUNNING
F01,DEMO-DEVICE-01,2026-10-03T20:06:17.000Z,377,1,60,59.4294,59.4294,0.9412,1,0.3,1,1,RUNNING
F01,DEMO-DEVICE-01,2026-10-03T20:06:18.000Z,378,1,60,59.4294,59.4294,0.9462,1.005,0.3,1,1,RUNNING
F01,DEMO-DEVICE-01,2026-10-03T20:06:19.000Z,379,1,60,59.6473,59.6473,0.9617,1.0096,0.3,1,1,RUNNING
F01,DEMO-DEVICE-01,2026-10-03T20:06:20.000Z,380,1,60,60,60,0.9834,1.0137,0.3,1,1,RUNNING
F01,DEMO-DEVICE-01,2026-10-03T20:06:21.000Z,381,1,60,60.3527,60.3527,1.0043,1.0169,0.3,1,1,RUNNING
F01,DEMO-DEVICE-01,2026-10-03T20:06:22.000Z,382,1,60,60.5706,60.5706,1.0173,1.019,0.3,1,1,RUNNING
F01,DEMO-DEVICE-01,2026-10-03T20:06:23.000Z,383,1,60,60.5706,60.5706,1.0183,1.02,0.3,1,1,RUNNING
F01,DEMO-DEVICE-01,2026-10-03T20:06:24.000Z,384,1,60,60.3527,60.3527,1.0071,1.0197,0.3,1,1,RUNNING
F01,DEMO-DEVICE-01,2026-10-03T20:06:25.000Z,385,1,60,60,60,0.9879,1.0182,0.3,1,1,RUNNING
F01,DEMO-DEVICE-01,2026-10-03T20:06:26.000Z,386,1,60,59.6473,59.6473,0.9676,1.0155,0.3,1,1,RUNNING
F01,DEMO-DEVICE-01,2026-10-03T20:06:27.000Z,387,1,60,59.4294,59.4294,0.9531,1.0119,0.3,1,1,RUNNING
F01,DEMO-DEVICE-01,2026-10-03T20:06:28.000Z,388,1,60,59.4294,59.4294,0.9488,1.0076,0.3,1,1,RUNNING
F01,DEMO-DEVICE-01,2026-10-03T20:06:29.000Z,389,1,60,59.6473,59.6473,0.9549,1.0028,0.3,1,1,RUNNING
F01,DEMO-DEVICE-01,2026-10-03T20:06:30.000Z,390,1,60,60,60,0.9675,0.9978,0.3,1,1,RUNNING
F01,DEMO-DEVICE-01,2026-10-03T20:06:31.000Z,391,1,60,60.3527,60.3527,0.9803,0.9929,0.3,1,1,RUNNING
F01,DEMO-DEVICE-01,2026-10-03T20:06:32.000Z,392,1,60,60.5706,60.5706,0.9868,0.9885,0.3,1,1,RUNNING
F01,DEMO-DEVICE-01,2026-10-03T20:06:33.000Z,393,1,60,60.5706,60.5706,0.9831,0.9848,0.3,1,1,RUNNING
F01,DEMO-DEVICE-01,2026-10-03T20:06:34.000Z,394,1,60,60.3527,60.3527,0.9695,0.9821,0.3,1,1,RUNNING
F01,DEMO-DEVICE-01,2026-10-03T20:06:35.000Z,395,1,60,60,60,0.9501,0.9804,0.3,1,1,RUNNING
F01,DEMO-DEVICE-01,2026-10-03T20:06:36.000Z,396,1,60,59.6473,59.6473,0.9321,0.98,0.3,1,1,RUNNING
F01,DEMO-DEVICE-01,2026-10-03T20:06:37.000Z,397,1,60,59.4294,59.4294,0.922,0.9808,0.3,1,1,RUNNING
F01,DEMO-DEVICE-01,2026-10-03T20:06:38.000Z,398,1,60,59.4294,59.4294,0.924,0.9828,0.3,1,1,RUNNING
F01,DEMO-DEVICE-01,2026-10-03T20:06:39.000Z,399,1,60,59.6473,59.6473,0.938,0.9859,0.3,1,1,RUNNING
F01,DEMO-DEVICE-01,2026-10-03T20:06:40.000Z,400,1,60,60,60,0.9596,0.9899,0.3,1,1,RUNNING
F01,DEMO-DEVICE-01,2026-10-03T20:06:41.000Z,401,1,60,60.3527,60.3527,0.9819,0.9945,0.3,1,1,RUNNING
F01,DEMO-DEVICE-01,2026-10-03T20:06:42.000Z,402,1,60,60.5706,60.5706,0.9977,0.9994,0.3,1,1,RUNNING
F01,DEMO-DEVICE-01,2026-10-03T20:06:43.000Z,403,1,60,60.5706,60.5706,1.0026,1.0043,0.3,1,1,RUNNING
F01,DEMO-DEVICE-01,2026-10-03T20:06:44.000Z,404,1,60,60.3527,60.3527,0.9964,1.009,0.3,1,1,RUNNING
F01,DEMO-DEVICE-01,2026-10-03T20:06:45.000Z,405,1,60,60,60,0.9829,1.0132,0.3,1,1,RUNNING
F01,DEMO-DEVICE-01,2026-10-03T20:06:46.000Z,406,1,60,59.6473,59.6473,0.9686,1.0165,0.3,1,1,RUNNING
F01,DEMO-DEVICE-01,2026-10-03T20:06:47.000Z,407,1,60,59.4294,59.4294,0.96,1.0188,0.3,1,1,RUNNING
F01,DEMO-DEVICE-01,2026-10-03T20:06:48.000Z,408,1,60,59.4294,59.4294,0.9611,1.0199,0.3,1,1,RUNNING
F01,DEMO-DEVICE-01,2026-10-03T20:06:49.000Z,409,1,60,59.6473,59.6473,0.9719,1.0198,0.3,1,1,RUNNING
F01,DEMO-DEVICE-01,2026-10-03T20:06:50.000Z,410,1,60,60,60,0.9881,1.0184,0.3,1,1,RUNNING
F01,DEMO-DEVICE-01,2026-10-03T20:06:51.000Z,411,1,60,60.3527,60.3527,1.0033,1.0159,0.3,1,1,RUNNING
F01,DEMO-DEVICE-01,2026-10-03T20:06:52.000Z,412,1,60,60.5706,60.5706,1.0108,1.0125,0.3,1,1,RUNNING
F01,DEMO-DEVICE-01,2026-10-03T20:06:53.000Z,413,1,60,60.5706,60.5706,1.0065,1.0082,0.3,1,1,RUNNING
F01,DEMO-DEVICE-01,2026-10-03T20:06:54.000Z,414,1,60,60.3527,60.3527,0.9908,1.0034,0.3,1,1,RUNNING
F01,DEMO-DEVICE-01,2026-10-03T20:06:55.000Z,415,1,60,60,60,0.9682,0.9985,0.3,1,1,RUNNING
F01,DEMO-DEVICE-01,2026-10-03T20:06:56.000Z,416,1,60,59.6473,59.6473,0.9457,0.9936,0.3,1,1,RUNNING
F01,DEMO-DEVICE-01,2026-10-03T20:06:57.000Z,417,1,60,59.4294,59.4294,0.9303,0.9891,0.3,1,1,RUNNING
F01,DEMO-DEVICE-01,2026-10-03T20:06:58.000Z,418,1,60,59.4294,59.4294,0.9265,0.9853,0.3,1,1,RUNNING
F01,DEMO-DEVICE-01,2026-10-03T20:06:59.000Z,419,1,60,59.6473,59.6473,0.9345,0.9824,0.3,1,1,RUNNING
F01,DEMO-DEVICE-01,2026-10-03T20:07:00.000Z,420,1,60,60,60,0.9503,0.9806,0.3,1,1,RUNNING
F01,DEMO-DEVICE-01,2026-10-03T20:07:01.000Z,421,1,60,60.3527,60.3527,0.9674,0.98,0.3,1,1,RUNNING
F01,DEMO-DEVICE-01,2026-10-03T20:07:02.000Z,422,1,60,60.5706,60.5706,0.979,0.9807,0.3,1,1,RUNNING
F01,DEMO-DEVICE-01,2026-10-03T20:07:03.000Z,423,1,60,60.5706,60.5706,0.9808,0.9825,0.3,1,1,RUNNING
F01,DEMO-DEVICE-01,2026-10-03T20:07:04.000Z,424,1,60,60.3527,60.3527,0.9729,0.9855,0.3,1,1,RUNNING
F01,DEMO-DEVICE-01,2026-10-03T20:07:05.000Z,425,1,60,60,60,0.959,0.9893,0.3,1,1,RUNNING
F01,DEMO-DEVICE-01,2026-10-03T20:07:06.000Z,426,1,60,59.6473,59.6473,0.9459,0.9938,0.3,1,1,RUNNING
F01,DEMO-DEVICE-01,2026-10-03T20:07:07.000Z,427,1,60,59.4294,59.4294,0.9399,0.9987,0.3,1,1,RUNNING
F01,DEMO-DEVICE-01,2026-10-03T20:07:08.000Z,428,1,60,59.4294,59.4294,0.9449,1.0037,0.3,1,1,RUNNING
F01,DEMO-DEVICE-01,2026-10-03T20:07:09.000Z,429,1,60,59.6473,59.6473,0.9605,1.0084,0.3,1,1,RUNNING
F01,DEMO-DEVICE-01,2026-10-03T20:07:10.000Z,430,1,60,60,60,0.9824,1.0127,0.3,1,1,RUNNING
F01,DEMO-DEVICE-01,2026-10-03T20:07:11.000Z,431,1,60,60.3527,60.3527,1.0035,1.0161,0.3,1,1,RUNNING
F01,DEMO-DEVICE-01,2026-10-03T20:07:12.000Z,432,1,60,60.5706,60.5706,1.0168,1.0185,0.3,1,1,RUNNING
F01,DEMO-DEVICE-01,2026-10-03T20:07:13.000Z,433,1,60,60.5706,60.5706,1.0181,1.0198,0.3,1,1,RUNNING
F01,DEMO-DEVICE-01,2026-10-03T20:07:14.000Z,434,1,60,60.3527,60.3527,1.0073,1.0199,0.3,1,1,RUNNING
F01,DEMO-DEVICE-01,2026-10-03T20:07:15.000Z,435,1,60,60,60,0.9884,1.0187,0.3,1,1,RUNNING
F01,DEMO-DEVICE-01,2026-10-03T20:07:16.000Z,436,1,60,59.6473,59.6473,0.9684,1.0163,0.3,1,1,RUNNING
F01,DEMO-DEVICE-01,2026-10-03T20:07:17.000Z,437,1,60,59.4294,59.4294,0.9542,1.013,0.3,1,1,RUNNING
F01,DEMO-DEVICE-01,2026-10-03T20:07:18.000Z,438,1,60,59.4294,59.4294,0.95,1.0088,0.3,1,1,RUNNING
F01,DEMO-DEVICE-01,2026-10-03T20:07:19.000Z,439,1,60,59.6473,59.6473,0.9562,1.0041,0.3,1,1,RUNNING
F01,DEMO-DEVICE-01,2026-10-03T20:07:20.000Z,440,1,60,60,60,0.9688,0.9991,0.3,1,1,RUNNING
F01,DEMO-DEVICE-01,2026-10-03T20:07:21.000Z,441,1,60,60.3527,60.3527,0.9816,0.9942,0.3,1,1,RUNNING
F01,DEMO-DEVICE-01,2026-10-03T20:07:22.000Z,442,1,60,60.5706,60.5706,0.9879,0.9896,0.3,1,1,RUNNING
F01,DEMO-DEVICE-01,2026-10-03T20:07:23.000Z,443,1,60,60.5706,60.5706,0.984,0.9857,0.3,1,1,RUNNING
F01,DEMO-DEVICE-01,2026-10-03T20:07:24.000Z,444,1,60,60.3527,60.3527,0.9701,0.9827,0.3,1,1,RUNNING
F01,DEMO-DEVICE-01,2026-10-03T20:07:25.000Z,445,1,60,60,60,0.9505,0.9808,0.3,1,1,RUNNING
F01,DEMO-DEVICE-01,2026-10-03T20:07:26.000Z,446,1,60,59.6473,59.6473,0.9321,0.98,0.3,1,1,RUNNING
F01,DEMO-DEVICE-01,2026-10-03T20:07:27.000Z,447,1,60,59.4294,59.4294,0.9217,0.9805,0.3,1,1,RUNNING
F01,DEMO-DEVICE-01,2026-10-03T20:07:28.000Z,448,1,60,59.4294,59.4294,0.9234,0.9822,0.3,1,1,RUNNING
F01,DEMO-DEVICE-01,2026-10-03T20:07:29.000Z,449,1,60,59.6473,59.6473,0.9371,0.985,0.3,1,1,RUNNING
F01,DEMO-DEVICE-01,2026-10-03T20:07:30.000Z,450,1,60,60,60,0.9585,0.9888,0.3,1,1,RUNNING
F01,DEMO-DEVICE-01,2026-10-03T20:07:31.000Z,451,1,60,60.3527,60.3527,0.9806,0.9932,0.3,1,1,RUNNING
F01,DEMO-DEVICE-01,2026-10-03T20:07:32.000Z,452,1,60,60.5706,60.5706,0.9964,0.9981,0.3,1,1,RUNNING
F01,DEMO-DEVICE-01,2026-10-03T20:07:33.000Z,453,1,60,60.5706,60.5706,1.0013,1.003,0.3,1,1,RUNNING
F01,DEMO-DEVICE-01,2026-10-03T20:07:34.000Z,454,1,60,60.3527,60.3527,0.9952,1.0078,0.3,1,1,RUNNING
F01,DEMO-DEVICE-01,2026-10-03T20:07:35.000Z,455,1,60,60,60,0.9818,1.0121,0.3,1,1,RUNNING
F01,DEMO-DEVICE-01,2026-10-03T20:07:36.000Z,456,1,60,59.6473,59.6473,0.9678,1.0157,0.3,1,1,RUNNING
F01,DEMO-DEVICE-01,2026-10-03T20:07:37.000Z,457,1,60,59.4294,59.4294,0.9595,1.0183,0.3,1,1,RUNNING
F01,DEMO-DEVICE-01,2026-10-03T20:07:38.000Z,458,1,60,59.4294,59.4294,0.9609,1.0197,0.3,1,1,RUNNING
F01,DEMO-DEVICE-01,2026-10-03T20:07:39.000Z,459,1,60,59.6473,59.6473,0.972,1.0199,0.3,1,1,RUNNING
F01,DEMO-DEVICE-01,2026-10-03T20:07:40.000Z,460,1,60,60,60,0.9886,1.0189,0.3,1,1,RUNNING
F01,DEMO-DEVICE-01,2026-10-03T20:07:41.000Z,461,1,60,60.3527,60.3527,1.0041,1.0167,0.3,1,1,RUNNING
F01,DEMO-DEVICE-01,2026-10-03T20:07:42.000Z,462,1,60,60.5706,60.5706,1.0118,1.0135,0.3,1,1,RUNNING
F01,DEMO-DEVICE-01,2026-10-03T20:07:43.000Z,463,1,60,60.5706,60.5706,1.0077,1.0094,0.3,1,1,RUNNING
F01,DEMO-DEVICE-01,2026-10-03T20:07:44.000Z,464,1,60,60.3527,60.3527,0.9921,1.0047,0.3,1,1,RUNNING
F01,DEMO-DEVICE-01,2026-10-03T20:07:45.000Z,465,1,60,60,60,0.9695,0.9998,0.3,1,1,RUNNING
F01,DEMO-DEVICE-01,2026-10-03T20:07:46.000Z,466,1,60,59.6473,59.6473,0.9469,0.9948,0.3,1,1,RUNNING
F01,DEMO-DEVICE-01,2026-10-03T20:07:47.000Z,467,1,60,59.4294,59.4294,0.9314,0.9902,0.3,1,1,RUNNING
F01,DEMO-DEVICE-01,2026-10-03T20:07:48.000Z,468,1,60,59.4294,59.4294,0.9274,0.9862,0.3,1,1,RUNNING
F01,DEMO-DEVICE-01,2026-10-03T20:07:49.000Z,469,1,60,59.6473,59.6473,0.9352,0.9831,0.3,1,1,RUNNING
F01,DEMO-DEVICE-01,2026-10-03T20:07:50.000Z,470,1,60,60,60,0.9507,0.981,0.3,1,1,RUNNING
F01,DEMO-DEVICE-01,2026-10-03T20:07:51.000Z,471,1,60,60.3527,60.3527,0.9674,0.98,0.3,1,1,RUNNING
F01,DEMO-DEVICE-01,2026-10-03T20:07:52.000Z,472,1,60,60.5706,60.5706,0.9787,0.9804,0.3,1,1,RUNNING
F01,DEMO-DEVICE-01,2026-10-03T20:07:53.000Z,473,1,60,60.5706,60.5706,0.9802,0.9819,0.3,1,1,RUNNING
F01,DEMO-DEVICE-01,2026-10-03T20:07:54.000Z,474,1,60,60.3527,60.3527,0.972,0.9846,0.3,1,1,RUNNING
F01,DEMO-DEVICE-01,2026-10-03T20:07:55.000Z,475,1,60,60,60,0.9579,0.9882,0.3,1,1,RUNNING
F01,DEMO-DEVICE-01,2026-10-03T20:07:56.000Z,476,1,60,59.6473,59.6473,0.9447,0.9926,0.3,1,1,RUNNING
F01,DEMO-DEVICE-01,2026-10-03T20:07:57.000Z,477,1,60,59.4294,59.4294,0.9386,0.9974,0.3,1,1,RUNNING
F01,DEMO-DEVICE-01,2026-10-03T20:07:58.000Z,478,1,60,59.4294,59.4294,0.9436,1.0024,0.3,1,1,RUNNING
F01,DEMO-DEVICE-01,2026-10-03T20:07:59.000Z,479,1,60,59.6473,59.6473,0.9593,1.0072,0.3,1,1,RUNNING
F01,DEMO-DEVICE-01,2026-10-03T20:08:00.000Z,480,1,60,60,60,0.9813,1.0116,0.3,1,1,RUNNING
F01,DEMO-DEVICE-01,2026-10-03T20:08:01.000Z,481,1,60,60.3527,60.3527,1.0027,1.0153,0.3,1,1,RUNNING
F01,DEMO-DEVICE-01,2026-10-03T20:08:02.000Z,482,1,60,60.5706,60.5706,1.0163,1.018,0.3,1,1,RUNNING
F01,DEMO-DEVICE-01,2026-10-03T20:08:03.000Z,483,1,60,60.5706,60.5706,1.0179,1.0196,0.3,1,1,RUNNING
F01,DEMO-DEVICE-01,2026-10-03T20:08:04.000Z,484,1,60,60.3527,60.3527,1.0074,1.02,0.3,1,1,RUNNING
F01,DEMO-DEVICE-01,2026-10-03T20:08:05.000Z,485,1,60,60,60,0.9888,1.0191,0.3,1,1,RUNNING
F01,DEMO-DEVICE-01,2026-10-03T20:08:06.000Z,486,1,60,59.6473,59.6473,0.9692,1.0171,0.3,1,1,RUNNING
F01,DEMO-DEVICE-01,2026-10-03T20:08:07.000Z,487,1,60,59.4294,59.4294,0.9552,1.014,0.3,1,1,RUNNING
F01,DEMO-DEVICE-01,2026-10-03T20:08:08.000Z,488,1,60,59.4294,59.4294,0.9512,1.01,0.3,1,1,RUNNING
F01,DEMO-DEVICE-01,2026-10-03T20:08:09.000Z,489,1,60,59.6473,59.6473,0.9575,1.0054,0.3,1,1,RUNNING
F01,DEMO-DEVICE-01,2026-10-03T20:08:10.000Z,490,1,60,60,60,0.9701,1.0004,0.3,1,1,RUNNING
F01,DEMO-DEVICE-01,2026-10-03T20:08:11.000Z,491,1,60,60.3527,60.3527,0.9829,0.9955,0.3,1,1,RUNNING
F01,DEMO-DEVICE-01,2026-10-03T20:08:12.000Z,492,1,60,60.5706,60.5706,0.9891,0.9908,0.3,1,1,RUNNING
F01,DEMO-DEVICE-01,2026-10-03T20:08:13.000Z,493,1,60,60.5706,60.5706,0.985,0.9867,0.3,1,1,RUNNING
F01,DEMO-DEVICE-01,2026-10-03T20:08:14.000Z,494,1,60,60.3527,60.3527,0.9708,0.9834,0.3,1,1,RUNNING
F01,DEMO-DEVICE-01,2026-10-03T20:08:15.000Z,495,1,60,60,60,0.9509,0.9812,0.3,1,1,RUNNING
F01,DEMO-DEVICE-01,2026-10-03T20:08:16.000Z,496,1,60,59.6473,59.6473,0.9322,0.9801,0.3,1,1,RUNNING
F01,DEMO-DEVICE-01,2026-10-03T20:08:17.000Z,497,1,60,59.4294,59.4294,0.9214,0.9802,0.3,1,1,RUNNING
F01,DEMO-DEVICE-01,2026-10-03T20:08:18.000Z,498,1,60,59.4294,59.4294,0.9228,0.9816,0.3,1,1,RUNNING
F01,DEMO-DEVICE-01,2026-10-03T20:08:19.000Z,499,1,60,59.6473,59.6473,0.9363,0.9842,0.3,1,1,RUNNING
F01,DEMO-DEVICE-01,2026-10-03T20:08:20.000Z,500,1,60,60,60,0.9574,0.9877,0.3,1,1,RUNNING
F01,DEMO-DEVICE-01,2026-10-03T20:08:21.000Z,501,1,60,60.3527,60.3527,0.9794,0.992,0.3,1,1,RUNNING
F01,DEMO-DEVICE-01,2026-10-03T20:08:22.000Z,502,1,60,60.5706,60.5706,0.995,0.9967,0.3,1,1,RUNNING
F01,DEMO-DEVICE-01,2026-10-03T20:08:23.000Z,503,1,60,60.5706,60.5706,1,1.0017,0.3,1,1,RUNNING
F01,DEMO-DEVICE-01,2026-10-03T20:08:24.000Z,504,1,60,60.3527,60.3527,0.994,1.0066,0.3,1,1,RUNNING
F01,DEMO-DEVICE-01,2026-10-03T20:08:25.000Z,505,1,60,60,60,0.9808,1.0111,0.3,1,1,RUNNING
F01,DEMO-DEVICE-01,2026-10-03T20:08:26.000Z,506,1,60,59.6473,59.6473,0.9669,1.0148,0.3,1,1,RUNNING
F01,DEMO-DEVICE-01,2026-10-03T20:08:27.000Z,507,1,60,59.4294,59.4294,0.9589,1.0177,0.3,1,1,RUNNING
F01,DEMO-DEVICE-01,2026-10-03T20:08:28.000Z,508,1,60,59.4294,59.4294,0.9607,1.0195,0.3,1,1,RUNNING
F01,DEMO-DEVICE-01,2026-10-03T20:08:29.000Z,509,1,60,59.6473,59.6473,0.9721,1.02,0.3,1,1,RUNNING
F01,DEMO-DEVICE-01,2026-10-03T20:08:30.000Z,510,1,60,60,60,0.989,1.0193,0.3,1,1,RUNNING
F01,DEMO-DEVICE-01,2026-10-03T20:08:31.000Z,511,1,60,60.3527,60.3527,1.0048,1.0174,0.3,1,1,RUNNING
F01,DEMO-DEVICE-01,2026-10-03T20:08:32.000Z,512,1,60,60.5706,60.5706,1.0127,1.0144,0.3,1,1,RUNNING
F01,DEMO-DEVICE-01,2026-10-03T20:08:33.000Z,513,1,60,60.5706,60.5706,1.0088,1.0105,0.3,1,1,RUNNING
F01,DEMO-DEVICE-01,2026-10-03T20:08:34.000Z,514,1,60,60.3527,60.3527,0.9934,1.006,0.3,1,1,RUNNING
F01,DEMO-DEVICE-01,2026-10-03T20:08:35.000Z,515,1,60,60,60,0.9708,1.0011,0.3,1,1,RUNNING
F01,DEMO-DEVICE-01,2026-10-03T20:08:36.000Z,516,1,60,59.6473,59.6473,0.9482,0.9961,0.3,1,1,RUNNING
F01,DEMO-DEVICE-01,2026-10-03T20:08:37.000Z,517,1,60,59.4294,59.4294,0.9326,0.9914,0.3,1,1,RUNNING
F01,DEMO-DEVICE-01,2026-10-03T20:08:38.000Z,518,1,60,59.4294,59.4294,0.9284,0.9872,0.3,1,1,RUNNING
F01,DEMO-DEVICE-01,2026-10-03T20:08:39.000Z,519,1,60,59.6473,59.6473,0.9359,0.9838,0.3,1,1,RUNNING
F01,DEMO-DEVICE-01,2026-10-03T20:08:40.000Z,520,1,60,60,60,0.9511,0.9814,0.3,1,1,RUNNING
F01,DEMO-DEVICE-01,2026-10-03T20:08:41.000Z,521,1,60,60.3527,60.3527,0.9676,0.9802,0.3,1,1,RUNNING
F01,DEMO-DEVICE-01,2026-10-03T20:08:42.000Z,522,1,60,60.5706,60.5706,0.9785,0.9802,0.3,1,1,RUNNING
F01,DEMO-DEVICE-01,2026-10-03T20:08:43.000Z,523,1,60,60.5706,60.5706,0.9797,0.9814,0.3,1,1,RUNNING
F01,DEMO-DEVICE-01,2026-10-03T20:08:44.000Z,524,1,60,60.3527,60.3527,0.9712,0.9838,0.3,1,1,RUNNING
F01,DEMO-DEVICE-01,2026-10-03T20:08:45.000Z,525,1,60,60,60,0.9569,0.9872,0.3,1,1,RUNNING
F01,DEMO-DEVICE-01,2026-10-03T20:08:46.000Z,526,1,60,59.6473,59.6473,0.9435,0.9914,0.3,1,1,RUNNING
F01,DEMO-DEVICE-01,2026-10-03T20:08:47.000Z,527,1,60,59.4294,59.4294,0.9373,0.9961,0.3,1,1,RUNNING
F01,DEMO-DEVICE-01,2026-10-03T20:08:48.000Z,528,1,60,59.4294,59.4294,0.9423,1.0011,0.3,1,1,RUNNING
F01,DEMO-DEVICE-01,2026-10-03T20:08:49.000Z,529,1,60,59.6473,59.6473,0.9581,1.006,0.3,1,1,RUNNING
F01,DEMO-DEVICE-01,2026-10-03T20:08:50.000Z,530,1,60,60,60,0.9802,1.0105,0.3,1,1,RUNNING
F01,DEMO-DEVICE-01,2026-10-03T20:08:51.000Z,531,1,60,60.3527,60.3527,1.0018,1.0144,0.3,1,1,RUNNING
F01,DEMO-DEVICE-01,2026-10-03T20:08:52.000Z,532,1,60,60.5706,60.5706,1.0157,1.0174,0.3,1,1,RUNNING
F01,DEMO-DEVICE-01,2026-10-03T20:08:53.000Z,533,1,60,60.5706,60.5706,1.0176,1.0193,0.3,1,1,RUNNING
F01,DEMO-DEVICE-01,2026-10-03T20:08:54.000Z,534,1,60,60.3527,60.3527,1.0074,1.02,0.3,1,1,RUNNING
F01,DEMO-DEVICE-01,2026-10-03T20:08:55.000Z,535,1,60,60,60,0.9892,1.0195,0.3,1,1,RUNNING
F01,DEMO-DEVICE-01,2026-10-03T20:08:56.000Z,536,1,60,59.6473,59.6473,0.9698,1.0177,0.3,1,1,RUNNING
F01,DEMO-DEVICE-01,2026-10-03T20:08:57.000Z,537,1,60,59.4294,59.4294,0.9561,1.0149,0.3,1,1,RUNNING
F01,DEMO-DEVICE-01,2026-10-03T20:08:58.000Z,538,1,60,59.4294,59.4294,0.9523,1.0111,0.3,1,1,RUNNING
F01,DEMO-DEVICE-01,2026-10-03T20:08:59.000Z,539,1,60,59.6473,59.6473,0.9587,1.0066,0.3,1,1,RUNNING
F01,DEMO-DEVICE-01,2026-10-03T20:09:00.000Z,540,1,60,60,60,0.9715,1.0018,0.3,1,1,RUNNING
F01,DEMO-DEVICE-01,2026-10-03T20:09:01.000Z,541,1,60,60.3527,60.3527,0.9842,0.9968,0.3,1,1,RUNNING
F01,DEMO-DEVICE-01,2026-10-03T20:09:02.000Z,542,1,60,60.5706,60.5706,0.9903,0.992,0.3,1,1,RUNNING
F01,DEMO-DEVICE-01,2026-10-03T20:09:03.000Z,543,1,60,60.5706,60.5706,0.986,0.9877,0.3,1,1,RUNNING
F01,DEMO-DEVICE-01,2026-10-03T20:09:04.000Z,544,1,60,60.3527,60.3527,0.9716,0.9842,0.3,1,1,RUNNING
F01,DEMO-DEVICE-01,2026-10-03T20:09:05.000Z,545,1,60,60,60,0.9514,0.9817,0.3,1,1,RUNNING
F01,DEMO-DEVICE-01,2026-10-03T20:09:06.000Z,546,1,60,59.6473,59.6473,0.9324,0.9803,0.3,1,1,RUNNING
F01,DEMO-DEVICE-01,2026-10-03T20:09:07.000Z,547,1,60,59.4294,59.4294,0.9213,0.9801,0.3,1,1,RUNNING
F01,DEMO-DEVICE-01,2026-10-03T20:09:08.000Z,548,1,60,59.4294,59.4294,0.9223,0.9811,0.3,1,1,RUNNING
F01,DEMO-DEVICE-01,2026-10-03T20:09:09.000Z,549,1,60,59.6473,59.6473,0.9355,0.9834,0.3,1,1,RUNNING
F01,DEMO-DEVICE-01,2026-10-03T20:09:10.000Z,550,1,60,60,60,0.9564,0.9867,0.3,1,1,RUNNING
F01,DEMO-DEVICE-01,2026-10-03T20:09:11.000Z,551,1,60,60.3527,60.3527,0.9782,0.9908,0.3,1,1,RUNNING
F01,DEMO-DEVICE-01,2026-10-03T20:09:12.000Z,552,1,60,60.5706,60.5706,0.9937,0.9954,0.3,1,1,RUNNING
F01,DEMO-DEVICE-01,2026-10-03T20:09:13.000Z,553,1,60,60.5706,60.5706,0.9987,1.0004,0.3,1,1,RUNNING
F01,DEMO-DEVICE-01,2026-10-03T20:09:14.000Z,554,1,60,60.3527,60.3527,0.9927,1.0053,0.3,1,1,RUNNING
F01,DEMO-DEVICE-01,2026-10-03T20:09:15.000Z,555,1,60,60,60,0.9796,1.0099,0.3,1,1,RUNNING
F01,DEMO-DEVICE-01,2026-10-03T20:09:16.000Z,556,1,60,59.6473,59.6473,0.966,1.0139,0.3,1,1,RUNNING
F01,DEMO-DEVICE-01,2026-10-03T20:09:17.000Z,557,1,60,59.4294,59.4294,0.9582,1.017,0.3,1,1,RUNNING
F01,DEMO-DEVICE-01,2026-10-03T20:09:18.000Z,558,1,60,59.4294,59.4294,0.9603,1.0191,0.3,1,1,RUNNING
F01,DEMO-DEVICE-01,2026-10-03T20:09:19.000Z,559,1,60,59.6473,59.6473,0.9721,1.02,0.3,1,1,RUNNING
F01,DEMO-DEVICE-01,2026-10-03T20:09:20.000Z,560,1,60,60,60,0.9893,1.0196,0.3,1,1,RUNNING
F01,DEMO-DEVICE-01,2026-10-03T20:09:21.000Z,561,1,60,60.3527,60.3527,1.0054,1.018,0.3,1,1,RUNNING
F01,DEMO-DEVICE-01,2026-10-03T20:09:22.000Z,562,1,60,60.5706,60.5706,1.0136,1.0153,0.3,1,1,RUNNING
F01,DEMO-DEVICE-01,2026-10-03T20:09:23.000Z,563,1,60,60.5706,60.5706,1.0099,1.0116,0.3,1,1,RUNNING
F01,DEMO-DEVICE-01,2026-10-03T20:09:24.000Z,564,1,60,60.3527,60.3527,0.9947,1.0073,0.3,1,1,RUNNING
F01,DEMO-DEVICE-01,2026-10-03T20:09:25.000Z,565,1,60,60,60,0.9721,1.0024,0.3,1,1,RUNNING
F01,DEMO-DEVICE-01,2026-10-03T20:09:26.000Z,566,1,60,59.6473,59.6473,0.9495,0.9974,0.3,1,1,RUNNING
F01,DEMO-DEVICE-01,2026-10-03T20:09:27.000Z,567,1,60,59.4294,59.4294,0.9338,0.9926,0.3,1,1,RUNNING
F01,DEMO-DEVICE-01,2026-10-03T20:09:28.000Z,568,1,60,59.4294,59.4294,0.9294,0.9882,0.3,1,1,RUNNING
F01,DEMO-DEVICE-01,2026-10-03T20:09:29.000Z,569,1,60,59.6473,59.6473,0.9367,0.9846,0.3,1,1,RUNNING
F01,DEMO-DEVICE-01,2026-10-03T20:09:30.000Z,570,1,60,60,60,0.9516,0.9819,0.3,1,1,RUNNING
F01,DEMO-DEVICE-01,2026-10-03T20:09:31.000Z,571,1,60,60.3527,60.3527,0.9678,0.9804,0.3,1,1,RUNNING
F01,DEMO-DEVICE-01,2026-10-03T20:09:32.000Z,572,1,60,60.5706,60.5706,0.9783,0.98,0.3,1,1,RUNNING
F01,DEMO-DEVICE-01,2026-10-03T20:09:33.000Z,573,1,60,60.5706,60.5706,0.9792,0.9809,0.3,1,1,RUNNING
F01,DEMO-DEVICE-01,2026-10-03T20:09:34.000Z,574,1,60,60.3527,60.3527,0.9704,0.983,0.3,1,1,RUNNING
F01,DEMO-DEVICE-01,2026-10-03T20:09:35.000Z,575,1,60,60,60,0.9559,0.9862,0.3,1,1,RUNNING
F01,DEMO-DEVICE-01,2026-10-03T20:09:36.000Z,576,1,60,59.6473,59.6473,0.9423,0.9902,0.3,1,1,RUNNING
F01,DEMO-DEVICE-01,2026-10-03T20:09:37.000Z,577,1,60,59.4294,59.4294,0.936,0.9948,0.3,1,1,RUNNING
F01,DEMO-DEVICE-01,2026-10-03T20:09:38.000Z,578,1,60,59.4294,59.4294,0.9409,0.9997,0.3,1,1,RUNNING
F01,DEMO-DEVICE-01,2026-10-03T20:09:39.000Z,579,1,60,59.6473,59.6473,0.9568,1.0047,0.3,1,1,RUNNING
F01,DEMO-DEVICE-01,2026-10-03T20:09:40.000Z,580,1,60,60,60,0.9791,1.0094,0.3,1,1,RUNNING
F01,DEMO-DEVICE-01,2026-10-03T20:09:41.000Z,581,1,60,60.3527,60.3527,1.0008,1.0134,0.3,1,1,RUNNING
F01,DEMO-DEVICE-01,2026-10-03T20:09:42.000Z,582,1,60,60.5706,60.5706,1.015,1.0167,0.3,1,1,RUNNING
F01,DEMO-DEVICE-01,2026-10-03T20:09:43.000Z,583,1,60,60.5706,60.5706,1.0172,1.0189,0.3,1,1,RUNNING
F01,DEMO-DEVICE-01,2026-10-03T20:09:44.000Z,584,1,60,60.3527,60.3527,1.0073,1.0199,0.3,1,1,RUNNING
F01,DEMO-DEVICE-01,2026-10-03T20:09:45.000Z,585,1,60,60,60,0.9894,1.0197,0.3,1,1,RUNNING
F01,DEMO-DEVICE-01,2026-10-03T20:09:46.000Z,586,1,60,59.6473,59.6473,0.9704,1.0183,0.3,1,1,RUNNING
F01,DEMO-DEVICE-01,2026-10-03T20:09:47.000Z,587,1,60,59.4294,59.4294,0.9569,1.0157,0.3,1,1,RUNNING
F01,DEMO-DEVICE-01,2026-10-03T20:09:48.000Z,588,1,60,59.4294,59.4294,0.9534,1.0122,0.3,1,1,RUNNING
F01,DEMO-DEVICE-01,2026-10-03T20:09:49.000Z,589,1,60,59.6473,59.6473,0.96,1.0079,0.3,1,1,RUNNING
F01,DEMO-DEVICE-01,2026-10-03T20:09:50.000Z,590,1,60,60,60,0.9728,1.0031,0.3,1,1,RUNNING
F01,DEMO-DEVICE-01,2026-10-03T20:09:51.000Z,591,1,60,60.3527,60.3527,0.9855,0.9981,0.3,1,1,RUNNING
F01,DEMO-DEVICE-01,2026-10-03T20:09:52.000Z,592,1,60,60.5706,60.5706,0.9915,0.9932,0.3,1,1,RUNNING
F01,DEMO-DEVICE-01,2026-10-03T20:09:53.000Z,593,1,60,60.5706,60.5706,0.9871,0.9888,0.3,1,1,RUNNING
F01,DEMO-DEVICE-01,2026-10-03T20:09:54.000Z,594,1,60,60.3527,60.3527,0.9724,0.985,0.3,1,1,RUNNING
F01,DEMO-DEVICE-01,2026-10-03T20:09:55.000Z,595,1,60,60,60,0.9519,0.9822,0.3,1,1,RUNNING
F01,DEMO-DEVICE-01,2026-10-03T20:09:56.000Z,596,1,60,59.6473,59.6473,0.9326,0.9805,0.3,1,1,RUNNING
F01,DEMO-DEVICE-01,2026-10-03T20:09:57.000Z,597,1,60,59.4294,59.4294,0.9212,0.98,0.3,1,1,RUNNING
F01,DEMO-DEVICE-01,2026-10-03T20:09:58.000Z,598,1,60,59.4294,59.4294,0.9219,0.9807,0.3,1,1,RUNNING
F01,DEMO-DEVICE-01,2026-10-03T20:09:59.000Z,599,1,60,59.6473,59.6473,0.9348,0.9827,0.3,1,1,RUNNING
F01,DEMO-DEVICE-01,2026-10-03T20:10:00.000Z,600,1,60,60,60,0.9554,0.9857,0.3,1,1,RUNNING
F01,DEMO-DEVICE-01,2026-10-03T20:10:01.000Z,601,1,60,60.3527,60.3527,0.977,0.9896,0.3,1,1,RUNNING
F01,DEMO-DEVICE-01,2026-10-03T20:10:02.000Z,602,1,60,60.5706,60.5706,0.9925,0.9942,0.3,1,1,RUNNING
F01,DEMO-DEVICE-01,2026-10-03T20:10:03.000Z,603,1,60,60.5706,60.5706,0.9974,0.9991,0.3,1,1,RUNNING
F01,DEMO-DEVICE-01,2026-10-03T20:10:04.000Z,604,1,60,60.3527,60.3527,0.9914,1.004,0.3,1,1,RUNNING
F01,DEMO-DEVICE-01,2026-10-03T20:10:05.000Z,605,1,60,60,60,0.9785,1.0088,0.3,1,1,RUNNING
F01,DEMO-DEVICE-01,2026-10-03T20:10:06.000Z,606,1,60,59.6473,59.6473,0.965,1.0129,0.3,1,1,RUNNING
F01,DEMO-DEVICE-01,2026-10-03T20:10:07.000Z,607,1,60,59.4294,59.4294,0.9575,1.0163,0.3,1,1,RUNNING
F01,DEMO-DEVICE-01,2026-10-03T20:10:08.000Z,608,1,60,59.4294,59.4294,0.9599,1.0187,0.3,1,1,RUNNING
F01,DEMO-DEVICE-01,2026-10-03T20:10:09.000Z,609,1,60,59.6473,59.6473,0.972,1.0199,0.3,1,1,RUNNING
F01,DEMO-DEVICE-01,2026-10-03T20:10:10.000Z,610,1,60,60,60,0.9895,1.0198,0.3,1,1,RUNNING
F01,DEMO-DEVICE-01,2026-10-03T20:10:11.000Z,611,1,60,60.3527,60.3527,1.006,1.0186,0.3,1,1,RUNNING
F01,DEMO-DEVICE-01,2026-10-03T20:10:12.000Z,612,1,60,60.5706,60.5706,1.0144,1.0161,0.3,1,1,RUNNING
F01,DEMO-DEVICE-01,2026-10-03T20:10:13.000Z,613,1,60,60.5706,60.5706,1.011,1.0127,0.3,1,1,RUNNING
F01,DEMO-DEVICE-01,2026-10-03T20:10:14.000Z,614,1,60,60.3527,60.3527,0.9959,1.0085,0.3,1,1,RUNNING
F01,DEMO-DEVICE-01,2026-10-03T20:10:15.000Z,615,1,60,60,60,0.9734,1.0037,0.3,1,1,RUNNING
F01,DEMO-DEVICE-01,2026-10-03T20:10:16.000Z,616,1,60,59.6473,59.6473,0.9509,0.9988,0.3,1,1,RUNNING
F01,DEMO-DEVICE-01,2026-10-03T20:10:17.000Z,617,1,60,59.4294,59.4294,0.9351,0.9939,0.3,1,1,RUNNING
F01,DEMO-DEVICE-01,2026-10-03T20:10:18.000Z,618,1,60,59.4294,59.4294,0.9305,0.9893,0.3,1,1,RUNNING
F01,DEMO-DEVICE-01,2026-10-03T20:10:19.000Z,619,1,60,59.6473,59.6473,0.9376,0.9855,0.3,1,1,RUNNING
F01,DEMO-DEVICE-01,2026-10-03T20:10:20.000Z,620,1,60,60,60,0.9522,0.9825,0.3,1,1,RUNNING
F01,DEMO-DEVICE-01,2026-10-03T20:10:21.000Z,621,1,60,60.3527,60.3527,0.9681,0.9807,0.3,1,1,RUNNING
F01,DEMO-DEVICE-01,2026-10-03T20:10:22.000Z,622,1,60,60.5706,60.5706,0.9783,0.98,0.3,1,1,RUNNING
F01,DEMO-DEVICE-01,2026-10-03T20:10:23.000Z,623,1,60,60.5706,60.5706,0.9789,0.9806,0.3,1,1,RUNNING
F01,DEMO-DEVICE-01,2026-10-03T20:10:24.000Z,624,1,60,60.3527,60.3527,0.9698,0.9824,0.3,1,1,RUNNING
F01,DEMO-DEVICE-01,2026-10-03T20:10:25.000Z,625,1,60,60,60,0.9549,0.9852,0.3,1,1,RUNNING
F01,DEMO-DEVICE-01,2026-10-03T20:10:26.000Z,626,1,60,59.6473,59.6473,0.9411,0.989,0.3,1,1,RUNNING
F01,DEMO-DEVICE-01,2026-10-03T20:10:27.000Z,627,1,60,59.4294,59.4294,0.9347,0.9935,0.3,1,1,RUNNING
F01,DEMO-DEVICE-01,2026-10-03T20:10:28.000Z,628,1,60,59.4294,59.4294,0.9396,0.9984,0.3,1,1,RUNNING
F01,DEMO-DEVICE-01,2026-10-03T20:10:29.000Z,629,1,60,59.6473,59.6473,0.9555,1.0034,0.3,1,1,RUNNING
F01,DEMO-DEVICE-01,2026-10-03T20:10:30.000Z,630,1,60,60,60,0.9779,1.0082,0.3,1,1,RUNNING
F01,DEMO-DEVICE-01,2026-10-03T20:10:31.000Z,631,1,60,60.3527,60.3527,0.9998,1.0124,0.3,1,1,RUNNING
F01,DEMO-DEVICE-01,2026-10-03T20:10:32.000Z,632,1,60,60.5706,60.5706,1.0142,1.0159,0.3,1,1,RUNNING
F01,DEMO-DEVICE-01,2026-10-03T20:10:33.000Z,633,1,60,60.5706,60.5706,1.0167,1.0184,0.3,1,1,RUNNING
F01,DEMO-DEVICE-01,2026-10-03T20:10:34.000Z,634,1,60,60.3527,60.3527,1.0072,1.0198,0.3,1,1,RUNNING
F01,DEMO-DEVICE-01,2026-10-03T20:10:35.000Z,635,1,60,60,60,0.9896,1.0199,0.3,1,1,RUNNING
F01,DEMO-DEVICE-01,2026-10-03T20:10:36.000Z,636,1,60,59.6473,59.6473,0.9709,1.0188,0.3,1,1,RUNNING
F01,DEMO-DEVICE-01,2026-10-03T20:10:37.000Z,637,1,60,59.4294,59.4294,0.9577,1.0165,0.3,1,1,RUNNING
F01,DEMO-DEVICE-01,2026-10-03T20:10:38.000Z,638,1,60,59.4294,59.4294,0.9544,1.0132,0.3,1,1,RUNNING
F01,DEMO-DEVICE-01,2026-10-03T20:10:39.000Z,639,1,60,59.6473,59.6473,0.9612,1.0091,0.3,1,1,RUNNING
F01,DEMO-DEVICE-01,2026-10-03T20:10:40.000Z,640,1,60,60,60,0.9741,1.0044,0.3,1,1,RUNNING
F01,DEMO-DEVICE-01,2026-10-03T20:10:41.000Z,641,1,60,60.3527,60.3527,0.9868,0.9994,0.3,1,1,RUNNING
F01,DEMO-DEVICE-01,2026-10-03T20:10:42.000Z,642,1,60,60.5706,60.5706,0.9928,0.9945,0.3,1,1,RUNNING
F01,DEMO-DEVICE-01,2026-10-03T20:10:43.000Z,643,1,60,60.5706,60.5706,0.9882,0.9899,0.3,1,1,RUNNING
F01,DEMO-DEVICE-01,2026-10-03T20:10:44.000Z,644,1,60,60.3527,60.3527,0.9734,0.986,0.3,1,1,RUNNING
F01,DEMO-DEVICE-01,2026-10-03T20:10:45.000Z,645,1,60,60,60,0.9526,0.9829,0.3,1,1,RUNNING
F01,DEMO-DEVICE-01,2026-10-03T20:10:46.000Z,646,1,60,59.6473,59.6473,0.9329,0.9808,0.3,1,1,RUNNING
F01,DEMO-DEVICE-01,2026-10-03T20:10:47.000Z,647,1,60,59.4294,59.4294,0.9212,0.98,0.3,1,1,RUNNING
F01,DEMO-DEVICE-01,2026-10-03T20:10:48.000Z,648,1,60,59.4294,59.4294,0.9216,0.9804,0.3,1,1,RUNNING
F01,DEMO-DEVICE-01,2026-10-03T20:10:49.000Z,649,1,60,59.6473,59.6473,0.9342,0.9821,0.3,1,1,RUNNING
F01,DEMO-DEVICE-01,2026-10-03T20:10:50.000Z,650,1,60,60,60,0.9545,0.9848,0.3,1,1,RUNNING
F01,DEMO-DEVICE-01,2026-10-03T20:10:51.000Z,651,1,60,60.3527,60.3527,0.9759,0.9885,0.3,1,1,RUNNING
F01,DEMO-DEVICE-01,2026-10-03T20:10:52.000Z,652,1,60,60.5706,60.5706,0.9912,0.9929,0.3,1,1,RUNNING
F01,DEMO-DEVICE-01,2026-10-03T20:10:53.000Z,653,1,60,60.5706,60.5706,0.996,0.9977,0.3,1,1,RUNNING
F01,DEMO-DEVICE-01,2026-10-03T20:10:54.000Z,654,1,60,60.3527,60.3527,0.9901,1.0027,0.3,1,1,RUNNING
F01,DEMO-DEVICE-01,2026-10-03T20:10:55.000Z,655,1,60,60,60,0.9773,1.0076,0.3,1,1,RUNNING
F01,DEMO-DEVICE-01,2026-10-03T20:10:56.000Z,656,1,60,59.6473,59.6473,0.964,1.0119,0.3,1,1,RUNNING
F01,DEMO-DEVICE-01,2026-10-03T20:10:57.000Z,657,1,60,59.4294,59.4294,0.9567,1.0155,0.3,1,1,RUNNING
F01,DEMO-DEVICE-01,2026-10-03T20:10:58.000Z,658,1,60,59.4294,59.4294,0.9593,1.0181,0.3,1,1,RUNNING
F01,DEMO-DEVICE-01,2026-10-03T20:10:59.000Z,659,1,60,59.6473,59.6473,0.9718,1.0197,0.3,1,1,RUNNING
F01,DEMO-DEVICE-01,2026-10-03T20:11:00.000Z,660,1,60,60,60,0.9897,1.02,0.3,1,1,RUNNING
F01,DEMO-DEVICE-01,2026-10-03T20:11:01.000Z,661,1,60,60.3527,60.3527,1.0064,1.019,0.3,1,1,RUNNING
F01,DEMO-DEVICE-01,2026-10-03T20:11:02.000Z,662,1,60,60.5706,60.5706,1.0152,1.0169,0.3,1,1,RUNNING
F01,DEMO-DEVICE-01,2026-10-03T20:11:03.000Z,663,1,60,60.5706,60.5706,1.012,1.0137,0.3,1,1,RUNNING
F01,DEMO-DEVICE-01,2026-10-03T20:11:04.000Z,664,1,60,60.3527,60.3527,0.9971,1.0097,0.3,1,1,RUNNING
F01,DEMO-DEVICE-01,2026-10-03T20:11:05.000Z,665,1,60,60,60,0.9747,1.005,0.3,1,1,RUNNING
F01,DEMO-DEVICE-01,2026-10-03T20:11:06.000Z,666,1,60,59.6473,59.6473,0.9522,1.0001,0.3,1,1,RUNNING
F01,DEMO-DEVICE-01,2026-10-03T20:11:07.000Z,667,1,60,59.4294,59.4294,0.9363,0.9951,0.3,1,1,RUNNING
F01,DEMO-DEVICE-01,2026-10-03T20:11:08.000Z,668,1,60,59.4294,59.4294,0.9317,0.9905,0.3,1,1,RUNNING
F01,DEMO-DEVICE-01,2026-10-03T20:11:09.000Z,669,1,60,59.6473,59.6473,0.9385,0.9864,0.3,1,1,RUNNING
F01,DEMO-DEVICE-01,2026-10-03T20:11:10.000Z,670,1,60,60,60,0.9529,0.9832,0.3,1,1,RUNNING
F01,DEMO-DEVICE-01,2026-10-03T20:11:11.000Z,671,1,60,60.3527,60.3527,0.9684,0.981,0.3,1,1,RUNNING
F01,DEMO-DEVICE-01,2026-10-03T20:11:12.000Z,672,1,60,60.5706,60.5706,0.9784,0.9801,0.3,1,1,RUNNING
F01,DEMO-DEVICE-01,2026-10-03T20:11:13.000Z,673,1,60,60.5706,60.5706,0.9786,0.9803,0.3,1,1,RUNNING
F01,DEMO-DEVICE-01,2026-10-03T20:11:14.000Z,674,1,60,60.3527,60.3527,0.9692,0.9818,0.3,1,1,RUNNING
F01,DEMO-DEVICE-01,2026-10-03T20:11:15.000Z,675,1,60,60,60,0.9541,0.9844,0.3,1,1,RUNNING
F01,DEMO-DEVICE-01,2026-10-03T20:11:16.000Z,676,1,60,59.6473,59.6473,0.9401,0.988,0.3,1,1,RUNNING
F01,DEMO-DEVICE-01,2026-10-03T20:11:17.000Z,677,1,60,59.4294,59.4294,0.9335,0.9923,0.3,1,1,RUNNING
F01,DEMO-DEVICE-01,2026-10-03T20:11:18.000Z,678,1,60,59.4294,59.4294,0.9383,0.9971,0.3,1,1,RUNNING
F01,DEMO-DEVICE-01,2026-10-03T20:11:19.000Z,679,1,60,59.6473,59.6473,0.9542,1.0021,0.3,1,1,RUNNING
F01,DEMO-DEVICE-01,2026-10-03T20:11:20.000Z,680,1,60,60,60,0.9766,1.0069,0.3,1,1,RUNNING
F01,DEMO-DEVICE-01,2026-10-03T20:11:21.000Z,681,1,60,60.3527,60.3527,0.9988,1.0114,0.3,1,1,RUNNING
F01,DEMO-DEVICE-01,2026-10-03T20:11:22.000Z,682,1,60,60.5706,60.5706,1.0134,1.0151,0.3,1,1,RUNNING
F01,DEMO-DEVICE-01,2026-10-03T20:11:23.000Z,683,1,60,60.5706,60.5706,1.0162,1.0179,0.3,1,1,RUNNING
F01,DEMO-DEVICE-01,2026-10-03T20:11:24.000Z,684,1,60,60.3527,60.3527,1.0069,1.0195,0.3,1,1,RUNNING
F01,DEMO-DEVICE-01,2026-10-03T20:11:25.000Z,685,1,60,60,60,0.9897,1.02,0.3,1,1,RUNNING
F01,DEMO-DEVICE-01,2026-10-03T20:11:26.000Z,686,1,60,59.6473,59.6473,0.9713,1.0192,0.3,1,1,RUNNING
F01,DEMO-DEVICE-01,2026-10-03T20:11:27.000Z,687,1,60,59.4294,59.4294,0.9584,1.0172,0.3,1,1,RUNNING
F01,DEMO-DEVICE-01,2026-10-03T20:11:28.000Z,688,1,60,59.4294,59.4294,0.9554,1.0142,0.3,1,1,RUNNING
F01,DEMO-DEVICE-01,2026-10-03T20:11:29.000Z,689,1,60,59.6473,59.6473,0.9623,1.0102,0.3,1,1,RUNNING
F01,DEMO-DEVICE-01,2026-10-03T20:11:30.000Z,690,1,60,60,60,0.9754,1.0057,0.3,1,1,RUNNING
F01,DEMO-DEVICE-01,2026-10-03T20:11:31.000Z,691,1,60,60.3527,60.3527,0.9882,1.0008,0.3,1,1,RUNNING
F01,DEMO-DEVICE-01,2026-10-03T20:11:32.000Z,692,1,60,60.5706,60.5706,0.9941,0.9958,0.3,1,1,RUNNING
F01,DEMO-DEVICE-01,2026-10-03T20:11:33.000Z,693,1,60,60.5706,60.5706,0.9894,0.9911,0.3,1,1,RUNNING
F01,DEMO-DEVICE-01,2026-10-03T20:11:34.000Z,694,1,60,60.3527,60.3527,0.9743,0.9869,0.3,1,1,RUNNING
F01,DEMO-DEVICE-01,2026-10-03T20:11:35.000Z,695,1,60,60,60,0.9533,0.9836,0.3,1,1,RUNNING
F01,DEMO-DEVICE-01,2026-10-03T20:11:36.000Z,696,1,60,59.6473,59.6473,0.9334,0.9813,0.3,1,1,RUNNING
F01,DEMO-DEVICE-01,2026-10-03T20:11:37.000Z,697,1,60,59.4294,59.4294,0.9213,0.9801,0.3,1,1,RUNNING
F01,DEMO-DEVICE-01,2026-10-03T20:11:38.000Z,698,1,60,59.4294,59.4294,0.9214,0.9802,0.3,1,1,RUNNING
F01,DEMO-DEVICE-01,2026-10-03T20:11:39.000Z,699,1,60,59.6473,59.6473,0.9336,0.9815,0.3,1,1,RUNNING
F01,DEMO-DEVICE-01,2026-10-03T20:11:40.000Z,700,1,60,60,60,0.9537,0.984,0.3,1,1,RUNNING
F01,DEMO-DEVICE-01,2026-10-03T20:11:41.000Z,701,1,60,60.3527,60.3527,0.9748,0.9874,0.3,1,1,RUNNING
F01,DEMO-DEVICE-01,2026-10-03T20:11:42.000Z,702,1,60,60.5706,60.5706,0.99,0.9917,0.3,1,1,RUNNING
F01,DEMO-DEVICE-01,2026-10-03T20:11:43.000Z,703,1,60,60.5706,60.5706,0.9947,0.9964,0.3,1,1,RUNNING
F01,DEMO-DEVICE-01,2026-10-03T20:11:44.000Z,704,1,60,60.3527,60.3527,0.9888,1.0014,0.3,1,1,RUNNING
F01,DEMO-DEVICE-01,2026-10-03T20:11:45.000Z,705,1,60,60,60,0.976,1.0063,0.3,1,1,RUNNING
F01,DEMO-DEVICE-01,2026-10-03T20:11:46.000Z,706,1,60,59.6473,59.6473,0.9629,1.0108,0.3,1,1,RUNNING
F01,DEMO-DEVICE-01,2026-10-03T20:11:47.000Z,707,1,60,59.4294,59.4294,0.9558,1.0146,0.3,1,1,RUNNING
F01,DEMO-DEVICE-01,2026-10-03T20:11:48.000Z,708,1,60,59.4294,59.4294,0.9588,1.0176,0.3,1,1,RUNNING
F01,DEMO-DEVICE-01,2026-10-03T20:11:49.000Z,709,1,60,59.6473,59.6473,0.9715,1.0194,0.3,1,1,RUNNING
F01,DEMO-DEVICE-01,2026-10-03T20:11:50.000Z,710,1,60,60,60,0.9897,1.02,0.3,1,1,RUNNING
F01,DEMO-DEVICE-01,2026-10-03T20:11:51.000Z,711,1,60,60.3527,60.3527,1.0068,1.0194,0.3,1,1,RUNNING
F01,DEMO-DEVICE-01,2026-10-03T20:11:52.000Z,712,1,60,60.5706,60.5706,1.0159,1.0176,0.3,1,1,RUNNING
F01,DEMO-DEVICE-01,2026-10-03T20:11:53.000Z,713,1,60,60.5706,60.5706,1.0129,1.0146,0.3,1,1,RUNNING
F01,DEMO-DEVICE-01,2026-10-03T20:11:54.000Z,714,1,60,60.3527,60.3527,0.9982,1.0108,0.3,1,1,RUNNING
F01,DEMO-DEVICE-01,2026-10-03T20:11:55.000Z,715,1,60,60,60,0.976,1.0063,0.3,1,1,RUNNING
F01,DEMO-DEVICE-01,2026-10-03T20:11:56.000Z,716,1,60,59.6473,59.6473,0.9535,1.0014,0.3,1,1,RUNNING
F01,DEMO-DEVICE-01,2026-10-03T20:11:57.000Z,717,1,60,59.4294,59.4294,0.9376,0.9964,0.3,1,1,RUNNING
F01,DEMO-DEVICE-01,2026-10-03T20:11:58.000Z,718,1,60,59.4294,59.4294,0.9329,0.9917,0.3,1,1,RUNNING
F01,DEMO-DEVICE-01,2026-10-03T20:11:59.000Z,719,1,60,59.6473,59.6473,0.9395,0.9874,0.3,1,1,RUNNING
F01,DEMO-DEVICE-01,2026-10-03T20:12:00.000Z,720,1,60,60,60,0.9537,0.984,0.3,1,1,RUNNING
F01,DEMO-DEVICE-01,2026-10-03T20:12:01.000Z,721,1,60,60.3527,60.3527,0.9689,0.9815,0.3,1,1,RUNNING
F01,DEMO-DEVICE-01,2026-10-03T20:12:02.000Z,722,1,60,60.5706,60.5706,0.9785,0.9802,0.3,1,1,RUNNING
F01,DEMO-DEVICE-01,2026-10-03T20:12:03.000Z,723,1,60,60.5706,60.5706,0.9784,0.9801,0.3,1,1,RUNNING
F01,DEMO-DEVICE-01,2026-10-03T20:12:04.000Z,724,1,60,60.3527,60.3527,0.9687,0.9813,0.3,1,1,RUNNING
F01,DEMO-DEVICE-01,2026-10-03T20:12:05.000Z,725,1,60,60,60,0.9533,0.9836,0.3,1,1,RUNNING
F01,DEMO-DEVICE-01,2026-10-03T20:12:06.000Z,726,1,60,59.6473,59.6473,0.939,0.9869,0.3,1,1,RUNNING
F01,DEMO-DEVICE-01,2026-10-03T20:12:07.000Z,727,1,60,59.4294,59.4294,0.9323,0.9911,0.3,1,1,RUNNING
F01,DEMO-DEVICE-01,2026-10-03T20:12:08.000Z,728,1,60,59.4294,59.4294,0.937,0.9958,0.3,1,1,RUNNING
F01,DEMO-DEVICE-01,2026-10-03T20:12:09.000Z,729,1,60,59.6473,59.6473,0.9529,1.0008,0.3,1,1,RUNNING
F01,DEMO-DEVICE-01,2026-10-03T20:12:10.000Z,730,1,60,60,60,0.9754,1.0057,0.3,1,1,RUNNING
F01,DEMO-DEVICE-01,2026-10-03T20:12:11.000Z,731,1,60,60.3527,60.3527,0.9976,1.0102,0.3,1,1,RUNNING
F01,DEMO-DEVICE-01,2026-10-03T20:12:12.000Z,732,1,60,60.5706,60.5706,1.0125,1.0142,0.3,1,1,RUNNING
F01,DEMO-DEVICE-01,2026-10-03T20:12:13.000Z,733,1,60,60.5706,60.5706,1.0155,1.0172,0.3,1,1,RUNNING
F01,DEMO-DEVICE-01,2026-10-03T20:12:14.000Z,734,1,60,60.3527,60.3527,1.0066,1.0192,0.3,1,1,RUNNING
F01,DEMO-DEVICE-01,2026-10-03T20:12:15.000Z,735,1,60,60,60,0.9897,1.02,0.3,1,1,RUNNING
F01,DEMO-DEVICE-01,2026-10-03T20:12:16.000Z,736,1,60,59.6473,59.6473,0.9716,1.0195,0.3,1,1,RUNNING
F01,DEMO-DEVICE-01,2026-10-03T20:12:17.000Z,737,1,60,59.4294,59.4294,0.9591,1.0179,0.3,1,1,RUNNING
F01,DEMO-DEVICE-01,2026-10-03T20:12:18.000Z,738,1,60,59.4294,59.4294,0.9563,1.0151,0.3,1,1,RUNNING
F01,DEMO-DEVICE-01,2026-10-03T20:12:19.000Z,739,1,60,59.6473,59.6473,0.9635,1.0114,0.3,1,1,RUNNING
F01,DEMO-DEVICE-01,2026-10-03T20:12:20.000Z,740,1,60,60,60,0.9766,1.0069,0.3,1,1,RUNNING
F01,DEMO-DEVICE-01,2026-10-03T20:12:21.000Z,741,1,60,60.3527,60.3527,0.9895,1.0021,0.3,1,1,RUNNING
F01,DEMO-DEVICE-01,2026-10-03T20:12:22.000Z,742,1,60,60.5706,60.5706,0.9954,0.9971,0.3,1,1,RUNNING
F01,DEMO-DEVICE-01,2026-10-03T20:12:23.000Z,743,1,60,60.5706,60.5706,0.9906,0.9923,0.3,1,1,RUNNING
F01,DEMO-DEVICE-01,2026-10-03T20:12:24.000Z,744,1,60,60.3527,60.3527,0.9754,0.988,0.3,1,1,RUNNING
F01,DEMO-DEVICE-01,2026-10-03T20:12:25.000Z,745,1,60,60,60,0.9541,0.9844,0.3,1,1,RUNNING
F01,DEMO-DEVICE-01,2026-10-03T20:12:26.000Z,746,1,60,59.6473,59.6473,0.9339,0.9818,0.3,1,1,RUNNING
F01,DEMO-DEVICE-01,2026-10-03T20:12:27.000Z,747,1,60,59.4294,59.4294,0.9215,0.9803,0.3,1,1,RUNNING
F01,DEMO-DEVICE-01,2026-10-03T20:12:28.000Z,748,1,60,59.4294,59.4294,0.9213,0.9801,0.3,1,1,RUNNING
F01,DEMO-DEVICE-01,2026-10-03T20:12:29.000Z,749,1,60,59.6473,59.6473,0.9331,0.981,0.3,1,1,RUNNING
F01,DEMO-DEVICE-01,2026-10-03T20:12:30.000Z,750,1,60,60,60,0.9529,0.9832,0.3,1,1,RUNNING
F01,DEMO-DEVICE-01,2026-10-03T20:12:31.000Z,751,1,60,60.3527,60.3527,0.9738,0.9864,0.3,1,1,RUNNING
F01,DEMO-DEVICE-01,2026-10-03T20:12:32.000Z,752,1,60,60.5706,60.5706,0.9888,0.9905,0.3,1,1,RUNNING
F01,DEMO-DEVICE-01,2026-10-03T20:12:33.000Z,753,1,60,60.5706,60.5706,0.9934,0.9951,0.3,1,1,RUNNING
F01,DEMO-DEVICE-01,2026-10-03T20:12:34.000Z,754,1,60,60.3527,60.3527,0.9875,1.0001,0.3,1,1,RUNNING
F01,DEMO-DEVICE-01,2026-10-03T20:12:35.000Z,755,1,60,60,60,0.9747,1.005,0.3,1,1,RUNNING
F01,DEMO-DEVICE-01,2026-10-03T20:12:36.000Z,756,1,60,59.6473,59.6473,0.9618,1.0097,0.3,1,1,RUNNING
F01,DEMO-DEVICE-01,2026-10-03T20:12:37.000Z,757,1,60,59.4294,59.4294,0.9549,1.0137,0.3,1,1,RUNNING
F01,DEMO-DEVICE-01,2026-10-03T20:12:38.000Z,758,1,60,59.4294,59.4294,0.9581,1.0169,0.3,1,1,RUNNING
F01,DEMO-DEVICE-01,2026-10-03T20:12:39.000Z,759,1,60,59.6473,59.6473,0.9711,1.019,0.3,1,1,RUNNING
F01,DEMO-DEVICE-01,2026-10-03T20:12:40.000Z,760,1,60,60,60,0.9897,1.02,0.3,1,1,RUNNING
F01,DEMO-DEVICE-01,2026-10-03T20:12:41.000Z,761,1,60,60.3527,60.3527,1.0071,1.0197,0.3,1,1,RUNNING
F01,DEMO-DEVICE-01,2026-10-03T20:12:42.000Z,762,1,60,60.5706,60.5706,1.0164,1.0181,0.3,1,1,RUNNING
F01,DEMO-DEVICE-01,2026-10-03T20:12:43.000Z,763,1,60,60.5706,60.5706,1.0138,1.0155,0.3,1,1,RUNNING
F01,DEMO-DEVICE-01,2026-10-03T20:12:44.000Z,764,1,60,60.3527,60.3527,0.9993,1.0119,0.3,1,1,RUNNING
F01,DEMO-DEVICE-01,2026-10-03T20:12:45.000Z,765,1,60,60,60,0.9773,1.0076,0.3,1,1,RUNNING
F01,DEMO-DEVICE-01,2026-10-03T20:12:46.000Z,766,1,60,59.6473,59.6473,0.9548,1.0027,0.3,1,1,RUNNING
F01,DEMO-DEVICE-01,2026-10-03T20:12:47.000Z,767,1,60,59.4294,59.4294,0.9389,0.9977,0.3,1,1,RUNNING
F01,DEMO-DEVICE-01,2026-10-03T20:12:48.000Z,768,1,60,59.4294,59.4294,0.9341,0.9929,0.3,1,1,RUNNING
F01,DEMO-DEVICE-01,2026-10-03T20:12:49.000Z,769,1,60,59.6473,59.6473,0.9406,0.9885,0.3,1,1,RUNNING
F01,DEMO-DEVICE-01,2026-10-03T20:12:50.000Z,770,1,60,60,60,0.9545,0.9848,0.3,1,1,RUNNING
F01,DEMO-DEVICE-01,2026-10-03T20:12:51.000Z,771,1,60,60.3527,60.3527,0.9695,0.9821,0.3,1,1,RUNNING
F01,DEMO-DEVICE-01,2026-10-03T20:12:52.000Z,772,1,60,60.5706,60.5706,0.9787,0.9804,0.3,1,1,RUNNING
F01,DEMO-DEVICE-01,2026-10-03T20:12:53.000Z,773,1,60,60.5706,60.5706,0.9783,0.98,0.3,1,1,RUNNING
F01,DEMO-DEVICE-01,2026-10-03T20:12:54.000Z,774,1,60,60.3527,60.3527,0.9682,0.9808,0.3,1,1,RUNNING
F01,DEMO-DEVICE-01,2026-10-03T20:12:55.000Z,775,1,60,60,60,0.9526,0.9829,0.3,1,1,RUNNING
F01,DEMO-DEVICE-01,2026-10-03T20:12:56.000Z,776,1,60,59.6473,59.6473,0.9381,0.986,0.3,1,1,RUNNING
F01,DEMO-DEVICE-01,2026-10-03T20:12:57.000Z,777,1,60,59.4294,59.4294,0.9311,0.9899,0.3,1,1,RUNNING
F01,DEMO-DEVICE-01,2026-10-03T20:12:58.000Z,778,1,60,59.4294,59.4294,0.9357,0.9945,0.3,1,1,RUNNING
F01,DEMO-DEVICE-01,2026-10-03T20:12:59.000Z,779,1,60,59.6473,59.6473,0.9515,0.9994,0.3,1,1,RUNNING
F01,DEMO-DEVICE-01,2026-10-03T20:13:00.000Z,780,1,60,60,60,0.9741,1.0044,0.3,1,1,RUNNING
F01,DEMO-DEVICE-01,2026-10-03T20:13:01.000Z,781,1,60,60.3527,60.3527,0.9965,1.0091,0.3,1,1,RUNNING
F01,DEMO-DEVICE-01,2026-10-03T20:13:02.000Z,782,1,60,60.5706,60.5706,1.0115,1.0132,0.3,1,1,RUNNING
F01,DEMO-DEVICE-01,2026-10-03T20:13:03.000Z,783,1,60,60.5706,60.5706,1.0148,1.0165,0.3,1,1,RUNNING
F01,DEMO-DEVICE-01,2026-10-03T20:13:04.000Z,784,1,60,60.3527,60.3527,1.0062,1.0188,0.3,1,1,RUNNING
F01,DEMO-DEVICE-01,2026-10-03T20:13:05.000Z,785,1,60,60,60,0.9896,1.0199,0.3,1,1,RUNNING
F01,DEMO-DEVICE-01,2026-10-03T20:13:06.000Z,786,1,60,59.6473,59.6473,0.9719,1.0198,0.3,1,1,RUNNING
F01,DEMO-DEVICE-01,2026-10-03T20:13:07.000Z,787,1,60,59.4294,59.4294,0.9596,1.0184,0.3,1,1,RUNNING
F01,DEMO-DEVICE-01,2026-10-03T20:13:08.000Z,788,1,60,59.4294,59.4294,0.9571,1.0159,0.3,1,1,RUNNING
F01,DEMO-DEVICE-01,2026-10-03T20:13:09.000Z,789,1,60,59.6473,59.6473,0.9645,1.0124,0.3,1,1,RUNNING
F01,DEMO-DEVICE-01,2026-10-03T20:13:10.000Z,790,1,60,60,60,0.9779,1.0082,0.3,1,1,RUNNING
F01,DEMO-DEVICE-01,2026-10-03T20:13:11.000Z,791,1,60,60.3527,60.3527,0.9908,1.0034,0.3,1,1,RUNNING
F01,DEMO-DEVICE-01,2026-10-03T20:13:12.000Z,792,1,60,60.5706,60.5706,0.9967,0.9984,0.3,1,1,RUNNING
F01,DEMO-DEVICE-01,2026-10-03T20:13:13.000Z,793,1,60,60.5706,60.5706,0.9918,0.9935,0.3,1,1,RUNNING
F01,DEMO-DEVICE-01,2026-10-03T20:13:14.000Z,794,1,60,60.3527,60.3527,0.9764,0.989,0.3,1,1,RUNNING
F01,DEMO-DEVICE-01,2026-10-03T20:13:15.000Z,795,1,60,60,60,0.9549,0.9852,0.3,1,1,RUNNING
F01,DEMO-DEVICE-01,2026-10-03T20:13:16.000Z,796,1,60,59.6473,59.6473,0.9345,0.9824,0.3,1,1,RUNNING
F01,DEMO-DEVICE-01,2026-10-03T20:13:17.000Z,797,1,60,59.4294,59.4294,0.9218,0.9806,0.3,1,1,RUNNING
F01,DEMO-DEVICE-01,2026-10-03T20:13:18.000Z,798,1,60,59.4294,59.4294,0.9212,0.98,0.3,1,1,RUNNING
F01,DEMO-DEVICE-01,2026-10-03T20:13:19.000Z,799,1,60,59.6473,59.6473,0.9328,0.9807,0.3,1,1,RUNNING
F01,DEMO-DEVICE-01,2026-10-03T20:13:20.000Z,800,1,60,60,60,0.9522,0.9825,0.3,1,1,RUNNING
F01,DEMO-DEVICE-01,2026-10-03T20:13:21.000Z,801,1,60,60.3527,60.3527,0.9729,0.9855,0.3,1,1,RUNNING
F01,DEMO-DEVICE-01,2026-10-03T20:13:22.000Z,802,1,60,60.5706,60.5706,0.9876,0.9893,0.3,1,1,RUNNING
F01,DEMO-DEVICE-01,2026-10-03T20:13:23.000Z,803,1,60,60.5706,60.5706,0.9922,0.9939,0.3,1,1,RUNNING
F01,DEMO-DEVICE-01,2026-10-03T20:13:24.000Z,804,1,60,60.3527,60.3527,0.9862,0.9988,0.3,1,1,RUNNING
F01,DEMO-DEVICE-01,2026-10-03T20:13:25.000Z,805,1,60,60,60,0.9734,1.0037,0.3,1,1,RUNNING
F01,DEMO-DEVICE-01,2026-10-03T20:13:26.000Z,806,1,60,59.6473,59.6473,0.9606,1.0085,0.3,1,1,RUNNING
F01,DEMO-DEVICE-01,2026-10-03T20:13:27.000Z,807,1,60,59.4294,59.4294,0.9539,1.0127,0.3,1,1,RUNNING
F01,DEMO-DEVICE-01,2026-10-03T20:13:28.000Z,808,1,60,59.4294,59.4294,0.9573,1.0161,0.3,1,1,RUNNING
F01,DEMO-DEVICE-01,2026-10-03T20:13:29.000Z,809,1,60,59.6473,59.6473,0.9707,1.0186,0.3,1,1,RUNNING
F01,DEMO-DEVICE-01,2026-10-03T20:13:30.000Z,810,1,60,60,60,0.9895,1.0198,0.3,1,1,RUNNING
F01,DEMO-DEVICE-01,2026-10-03T20:13:31.000Z,811,1,60,60.3527,60.3527,1.0073,1.0199,0.3,1,1,RUNNING
F01,DEMO-DEVICE-01,2026-10-03T20:13:32.000Z,812,1,60,60.5706,60.5706,1.017,1.0187,0.3,1,1,RUNNING
F01,DEMO-DEVICE-01,2026-10-03T20:13:33.000Z,813,1,60,60.5706,60.5706,1.0146,1.0163,0.3,1,1,RUNNING
F01,DEMO-DEVICE-01,2026-10-03T20:13:34.000Z,814,1,60,60.3527,60.3527,1.0003,1.0129,0.3,1,1,RUNNING
F01,DEMO-DEVICE-01,2026-10-03T20:13:35.000Z,815,1,60,60,60,0.9785,1.0088,0.3,1,1,RUNNING
F01,DEMO-DEVICE-01,2026-10-03T20:13:36.000Z,816,1,60,59.6473,59.6473,0.9561,1.004,0.3,1,1,RUNNING
F01,DEMO-DEVICE-01,2026-10-03T20:13:37.000Z,817,1,60,59.4294,59.4294,0.9403,0.9991,0.3,1,1,RUNNING
F01,DEMO-DEVICE-01,2026-10-03T20:13:38.000Z,818,1,60,59.4294,59.4294,0.9354,0.9942,0.3,1,1,RUNNING
F01,DEMO-DEVICE-01,2026-10-03T20:13:39.000Z,819,1,60,59.6473,59.6473,0.9417,0.9896,0.3,1,1,RUNNING
F01,DEMO-DEVICE-01,2026-10-03T20:13:40.000Z,820,1,60,60,60,0.9554,0.9857,0.3,1,1,RUNNING
F01,DEMO-DEVICE-01,2026-10-03T20:13:41.000Z,821,1,60,60.3527,60.3527,0.9701,0.9827,0.3,1,1,RUNNING
F01,DEMO-DEVICE-01,2026-10-03T20:13:42.000Z,822,1,60,60.5706,60.5706,0.979,0.9807,0.3,1,1,RUNNING
F01,DEMO-DEVICE-01,2026-10-03T20:13:43.000Z,823,1,60,60.5706,60.5706,0.9783,0.98,0.3,1,1,RUNNING
F01,DEMO-DEVICE-01,2026-10-03T20:13:44.000Z,824,1,60,60.3527,60.3527,0.9679,0.9805,0.3,1,1,RUNNING
F01,DEMO-DEVICE-01,2026-10-03T20:13:45.000Z,825,1,60,60,60,0.9519,0.9822,0.3,1,1,RUNNING
F01,DEMO-DEVICE-01,2026-10-03T20:13:46.000Z,826,1,60,59.6473,59.6473,0.9371,0.985,0.3,1,1,RUNNING
F01,DEMO-DEVICE-01,2026-10-03T20:13:47.000Z,827,1,60,59.4294,59.4294,0.93,0.9888,0.3,1,1,RUNNING
F01,DEMO-DEVICE-01,2026-10-03T20:13:48.000Z,828,1,60,59.4294,59.4294,0.9344,0.9932,0.3,1,1,RUNNING
F01,DEMO-DEVICE-01,2026-10-03T20:13:49.000Z,829,1,60,59.6473,59.6473,0.9502,0.9981,0.3,1,1,RUNNING
F01,DEMO-DEVICE-01,2026-10-03T20:13:50.000Z,830,1,60,60,60,0.9728,1.0031,0.3,1,1,RUNNING
F01,DEMO-DEVICE-01,2026-10-03T20:13:51.000Z,831,1,60,60.3527,60.3527,0.9953,1.0079,0.3,1,1,RUNNING
F01,DEMO-DEVICE-01,2026-10-03T20:13:52.000Z,832,1,60,60.5706,60.5706,1.0105,1.0122,0.3,1,1,RUNNING
F01,DEMO-DEVICE-01,2026-10-03T20:13:53.000Z,833,1,60,60.5706,60.5706,1.014,1.0157,0.3,1,1,RUNNING
F01,DEMO-DEVICE-01,2026-10-03T20:13:54.000Z,834,1,60,60.3527,60.3527,1.0057,1.0183,0.3,1,1,RUNNING
F01,DEMO-DEVICE-01,2026-10-03T20:13:55.000Z,835,1,60,60,60,0.9894,1.0197,0.3,1,1,RUNNING
F01,DEMO-DEVICE-01,2026-10-03T20:13:56.000Z,836,1,60,59.6473,59.6473,0.972,1.0199,0.3,1,1,RUNNING
F01,DEMO-DEVICE-01,2026-10-03T20:13:57.000Z,837,1,60,59.4294,59.4294,0.9601,1.0189,0.3,1,1,RUNNING
F01,DEMO-DEVICE-01,2026-10-03T20:13:58.000Z,838,1,60,59.4294,59.4294,0.9579,1.0167,0.3,1,1,RUNNING
F01,DEMO-DEVICE-01,2026-10-03T20:13:59.000Z,839,1,60,59.6473,59.6473,0.9655,1.0134,0.3,1,1,RUNNING
F01,DEMO-DEVICE-01,2026-10-03T20:14:00.000Z,840,1,60,60,60,0.9791,1.0094,0.3,1,1,RUNNING
F01,DEMO-DEVICE-01,2026-10-03T20:14:01.000Z,841,1,60,60.3527,60.3527,0.9921,1.0047,0.3,1,1,RUNNING
F01,DEMO-DEVICE-01,2026-10-03T20:14:02.000Z,842,1,60,60.5706,60.5706,0.998,0.9997,0.3,1,1,RUNNING
F01,DEMO-DEVICE-01,2026-10-03T20:14:03.000Z,843,1,60,60.5706,60.5706,0.9931,0.9948,0.3,1,1,RUNNING
F01,DEMO-DEVICE-01,2026-10-03T20:14:04.000Z,844,1,60,60.3527,60.3527,0.9776,0.9902,0.3,1,1,RUNNING
F01,DEMO-DEVICE-01,2026-10-03T20:14:05.000Z,845,1,60,60,60,0.9559,0.9862,0.3,1,1,RUNNING
F01,DEMO-DEVICE-01,2026-10-03T20:14:06.000Z,846,1,60,59.6473,59.6473,0.9351,0.983,0.3,1,1,RUNNING
F01,DEMO-DEVICE-01,2026-10-03T20:14:07.000Z,847,1,60,59.4294,59.4294,0.9221,0.9809,0.3,1,1,RUNNING
F01,DEMO-DEVICE-01,2026-10-03T20:14:08.000Z,848,1,60,59.4294,59.4294,0.9212,0.98,0.3,1,1,RUNNING
F01,DEMO-DEVICE-01,2026-10-03T20:14:09.000Z,849,1,60,59.6473,59.6473,0.9325,0.9804,0.3,1,1,RUNNING
F01,DEMO-DEVICE-01,2026-10-03T20:14:10.000Z,850,1,60,60,60,0.9516,0.9819,0.3,1,1,RUNNING
F01,DEMO-DEVICE-01,2026-10-03T20:14:11.000Z,851,1,60,60.3527,60.3527,0.972,0.9846,0.3,1,1,RUNNING
F01,DEMO-DEVICE-01,2026-10-03T20:14:12.000Z,852,1,60,60.5706,60.5706,0.9865,0.9882,0.3,1,1,RUNNING
F01,DEMO-DEVICE-01,2026-10-03T20:14:13.000Z,853,1,60,60.5706,60.5706,0.9909,0.9926,0.3,1,1,RUNNING
F01,DEMO-DEVICE-01,2026-10-03T20:14:14.000Z,854,1,60,60.3527,60.3527,0.9848,0.9974,0.3,1,1,RUNNING
F01,DEMO-DEVICE-01,2026-10-03T20:14:15.000Z,855,1,60,60,60,0.9721,1.0024,0.3,1,1,RUNNING
F01,DEMO-DEVICE-01,2026-10-03T20:14:16.000Z,856,1,60,59.6473,59.6473,0.9594,1.0073,0.3,1,1,RUNNING
F01,DEMO-DEVICE-01,2026-10-03T20:14:17.000Z,857,1,60,59.4294,59.4294,0.9528,1.0116,0.3,1,1,RUNNING
F01,DEMO-DEVICE-01,2026-10-03T20:14:18.000Z,858,1,60,59.4294,59.4294,0.9565,1.0153,0.3,1,1,RUNNING
F01,DEMO-DEVICE-01,2026-10-03T20:14:19.000Z,859,1,60,59.6473,59.6473,0.9701,1.018,0.3,1,1,RUNNING
F01,DEMO-DEVICE-01,2026-10-03T20:14:20.000Z,860,1,60,60,60,0.9893,1.0196,0.3,1,1,RUNNING
F01,DEMO-DEVICE-01,2026-10-03T20:14:21.000Z,861,1,60,60.3527,60.3527,1.0074,1.02,0.3,1,1,RUNNING
F01,DEMO-DEVICE-01,2026-10-03T20:14:22.000Z,862,1,60,60.5706,60.5706,1.0174,1.0191,0.3,1,1,RUNNING
F01,DEMO-DEVICE-01,2026-10-03T20:14:23.000Z,863,1,60,60.5706,60.5706,1.0153,1.017,0.3,1,1,RUNNING
F01,DEMO-DEVICE-01,2026-10-03T20:14:24.000Z,864,1,60,60.3527,60.3527,1.0013,1.0139,0.3,1,1,RUNNING
F01,DEMO-DEVICE-01,2026-10-03T20:14:25.000Z,865,1,60,60,60,0.9796,1.0099,0.3,1,1,RUNNING
F01,DEMO-DEVICE-01,2026-10-03T20:14:26.000Z,866,1,60,59.6473,59.6473,0.9574,1.0053,0.3,1,1,RUNNING
F01,DEMO-DEVICE-01,2026-10-03T20:14:27.000Z,867,1,60,59.4294,59.4294,0.9416,1.0004,0.3,1,1,RUNNING
F01,DEMO-DEVICE-01,2026-10-03T20:14:28.000Z,868,1,60,59.4294,59.4294,0.9366,0.9954,0.3,1,1,RUNNING
F01,DEMO-DEVICE-01,2026-10-03T20:14:29.000Z,869,1,60,59.6473,59.6473,0.9429,0.9908,0.3,1,1,RUNNING
F01,DEMO-DEVICE-01,2026-10-03T20:14:30.000Z,870,1,60,60,60,0.9564,0.9867,0.3,1,1,RUNNING
F01,DEMO-DEVICE-01,2026-10-03T20:14:31.000Z,871,1,60,60.3527,60.3527,0.9708,0.9834,0.3,1,1,RUNNING
F01,DEMO-DEVICE-01,2026-10-03T20:14:32.000Z,872,1,60,60.5706,60.5706,0.9794,0.9811,0.3,1,1,RUNNING
F01,DEMO-DEVICE-01,2026-10-03T20:14:33.000Z,873,1,60,60.5706,60.5706,0.9784,0.9801,0.3,1,1,RUNNING
F01,DEMO-DEVICE-01,2026-10-03T20:14:34.000Z,874,1,60,60.3527,60.3527,0.9677,0.9803,0.3,1,1,RUNNING
F01,DEMO-DEVICE-01,2026-10-03T20:14:35.000Z,875,1,60,60,60,0.9514,0.9817,0.3,1,1,RUNNING
F01,DEMO-DEVICE-01,2026-10-03T20:14:36.000Z,876,1,60,59.6473,59.6473,0.9363,0.9842,0.3,1,1,RUNNING
F01,DEMO-DEVICE-01,2026-10-03T20:14:37.000Z,877,1,60,59.4294,59.4294,0.9289,0.9877,0.3,1,1,RUNNING
F01,DEMO-DEVICE-01,2026-10-03T20:14:38.000Z,878,1,60,59.4294,59.4294,0.9332,0.992,0.3,1,1,RUNNING
F01,DEMO-DEVICE-01,2026-10-03T20:14:39.000Z,879,1,60,59.6473,59.6473,0.9489,0.9968,0.3,1,1,RUNNING
F01,DEMO-DEVICE-01,2026-10-03T20:14:40.000Z,880,1,60,60,60,0.9715,1.0018,0.3,1,1,RUNNING
F01,DEMO-DEVICE-01,2026-10-03T20:14:41.000Z,881,1,60,60.3527,60.3527,0.994,1.0066,0.3,1,1,RUNNING
F01,DEMO-DEVICE-01,2026-10-03T20:14:42.000Z,882,1,60,60.5706,60.5706,1.0094,1.0111,0.3,1,1,RUNNING
F01,DEMO-DEVICE-01,2026-10-03T20:14:43.000Z,883,1,60,60.5706,60.5706,1.0132,1.0149,0.3,1,1,RUNNING
F01,DEMO-DEVICE-01,2026-10-03T20:14:44.000Z,884,1,60,60.3527,60.3527,1.0051,1.0177,0.3,1,1,RUNNING
F01,DEMO-DEVICE-01,2026-10-03T20:14:45.000Z,885,1,60,60,60,0.9892,1.0195,0.3,1,1,RUNNING
F01,DEMO-DEVICE-01,2026-10-03T20:14:46.000Z,886,1,60,59.6473,59.6473,0.9721,1.02,0.3,1,1,RUNNING
F01,DEMO-DEVICE-01,2026-10-03T20:14:47.000Z,887,1,60,59.4294,59.4294,0.9605,1.0193,0.3,1,1,RUNNING
F01,DEMO-DEVICE-01,2026-10-03T20:14:48.000Z,888,1,60,59.4294,59.4294,0.9586,1.0174,0.3,1,1,RUNNING
F01,DEMO-DEVICE-01,2026-10-03T20:14:49.000Z,889,1,60,59.6473,59.6473,0.9665,1.0144,0.3,1,1,RUNNING
F01,DEMO-DEVICE-01,2026-10-03T20:14:50.000Z,890,1,60,60,60,0.9802,1.0105,0.3,1,1,RUNNING
F01,DEMO-DEVICE-01,2026-10-03T20:14:51.000Z,891,1,60,60.3527,60.3527,0.9934,1.006,0.3,1,1,RUNNING
F01,DEMO-DEVICE-01,2026-10-03T20:14:52.000Z,892,1,60,60.5706,60.5706,0.9994,1.0011,0.3,1,1,RUNNING
F01,DEMO-DEVICE-01,2026-10-03T20:14:53.000Z,893,1,60,60.5706,60.5706,0.9944,0.9961,0.3,1,1,RUNNING
F01,DEMO-DEVICE-01,2026-10-03T20:14:54.000Z,894,1,60,60.3527,60.3527,0.9788,0.9914,0.3,1,1,RUNNING
F01,DEMO-DEVICE-01,2026-10-03T20:14:55.000Z,895,1,60,60,60,0.9569,0.9872,0.3,1,1,RUNNING
F01,DEMO-DEVICE-01,2026-10-03T20:14:56.000Z,896,1,60,59.6473,59.6473,0.9359,0.9838,0.3,1,1,RUNNING
F01,DEMO-DEVICE-01,2026-10-03T20:14:57.000Z,897,1,60,59.4294,59.4294,0.9226,0.9814,0.3,1,1,RUNNING
F01,DEMO-DEVICE-01,2026-10-03T20:14:58.000Z,898,1,60,59.4294,59.4294,0.9214,0.9802,0.3,1,1,RUNNING
F01,DEMO-DEVICE-01,2026-10-03T20:14:59.000Z,899,1,60,59.6473,59.6473,0.9323,0.9802,0.3,1,1,RUNNING
F01,DEMO-DEVICE-01,2026-10-03T20:15:00.000Z,900,1,60,60,60,0.9511,0.9814,0.3,1,1,RUNNING
F01,DEMO-DEVICE-01,2026-10-03T20:15:01.000Z,901,1,60,60.3527,60.3527,0.9712,0.9838,0.3,1,1,RUNNING
F01,DEMO-DEVICE-01,2026-10-03T20:15:02.000Z,902,1,60,60.5706,60.5706,0.9855,0.9872,0.3,1,1,RUNNING
F01,DEMO-DEVICE-01,2026-10-03T20:15:03.000Z,903,1,60,60.5706,60.5706,0.9897,0.9914,0.3,1,1,RUNNING
F01,DEMO-DEVICE-01,2026-10-03T20:15:04.000Z,904,1,60,60.3527,60.3527,0.9835,0.9961,0.3,1,1,RUNNING
F01,DEMO-DEVICE-01,2026-10-03T20:15:05.000Z,905,1,60,60,60,0.9708,1.0011,0.3,1,1,RUNNING
F01,DEMO-DEVICE-01,2026-10-03T20:15:06.000Z,906,1,60,59.6473,59.6473,0.9581,1.006,0.3,1,1,RUNNING
F01,DEMO-DEVICE-01,2026-10-03T20:15:07.000Z,907,1,60,59.4294,59.4294,0.9517,1.0105,0.3,1,1,RUNNING
F01,DEMO-DEVICE-01,2026-10-03T20:15:08.000Z,908,1,60,59.4294,59.4294,0.9556,1.0144,0.3,1,1,RUNNING
F01,DEMO-DEVICE-01,2026-10-03T20:15:09.000Z,909,1,60,59.6473,59.6473,0.9695,1.0174,0.3,1,1,RUNNING
F01,DEMO-DEVICE-01,2026-10-03T20:15:10.000Z,910,1,60,60,60,0.989,1.0193,0.3,1,1,RUNNING
F01,DEMO-DEVICE-01,2026-10-03T20:15:11.000Z,911,1,60,60.3527,60.3527,1.0074,1.02,0.3,1,1,RUNNING
F01,DEMO-DEVICE-01,2026-10-03T20:15:12.000Z,912,1,60,60.5706,60.5706,1.0178,1.0195,0.3,1,1,RUNNING
F01,DEMO-DEVICE-01,2026-10-03T20:15:13.000Z,913,1,60,60.5706,60.5706,1.016,1.0177,0.3,1,1,RUNNING
F01,DEMO-DEVICE-01,2026-10-03T20:15:14.000Z,914,1,60,60.3527,60.3527,1.0022,1.0148,0.3,1,1,RUNNING
F01,DEMO-DEVICE-01,2026-10-03T20:15:15.000Z,915,1,60,60,60,0.9808,1.0111,0.3,1,1,RUNNING
F01,DEMO-DEVICE-01,2026-10-03T20:15:16.000Z,916,1,60,59.6473,59.6473,0.9587,1.0066,0.3,1,1,RUNNING
F01,DEMO-DEVICE-01,2026-10-03T20:15:17.000Z,917,1,60,59.4294,59.4294,0.9429,1.0017,0.3,1,1,RUNNING
F01,DEMO-DEVICE-01,2026-10-03T20:15:18.000Z,918,1,60,59.4294,59.4294,0.9379,0.9967,0.3,1,1,RUNNING
F01,DEMO-DEVICE-01,2026-10-03T20:15:19.000Z,919,1,60,59.6473,59.6473,0.9441,0.992,0.3,1,1,RUNNING
F01,DEMO-DEVICE-01,2026-10-03T20:15:20.000Z,920,1,60,60,60,0.9574,0.9877,0.3,1,1,RUNNING
F01,DEMO-DEVICE-01,2026-10-03T20:15:21.000Z,921,1,60,60.3527,60.3527,0.9716,0.9842,0.3,1,1,RUNNING
F01,DEMO-DEVICE-01,2026-10-03T20:15:22.000Z,922,1,60,60.5706,60.5706,0.9799,0.9816,0.3,1,1,RUNNING
F01,DEMO-DEVICE-01,2026-10-03T20:15:23.000Z,923,1,60,60.5706,60.5706,0.9785,0.9802,0.3,1,1,RUNNING
F01,DEMO-DEVICE-01,2026-10-03T20:15:24.000Z,924,1,60,60.3527,60.3527,0.9675,0.9801,0.3,1,1,RUNNING
F01,DEMO-DEVICE-01,2026-10-03T20:15:25.000Z,925,1,60,60,60,0.9509,0.9812,0.3,1,1,RUNNING
F01,DEMO-DEVICE-01,2026-10-03T20:15:26.000Z,926,1,60,59.6473,59.6473,0.9355,0.9834,0.3,1,1,RUNNING
F01,DEMO-DEVICE-01,2026-10-03T20:15:27.000Z,927,1,60,59.4294,59.4294,0.9279,0.9867,0.3,1,1,RUNNING
F01,DEMO-DEVICE-01,2026-10-03T20:15:28.000Z,928,1,60,59.4294,59.4294,0.932,0.9908,0.3,1,1,RUNNING
F01,DEMO-DEVICE-01,2026-10-03T20:15:29.000Z,929,1,60,59.6473,59.6473,0.9476,0.9955,0.3,1,1,RUNNING
F01,DEMO-DEVICE-01,2026-10-03T20:15:30.000Z,930,1,60,60,60,0.9701,1.0004,0.3,1,1,RUNNING
F01,DEMO-DEVICE-01,2026-10-03T20:15:31.000Z,931,1,60,60.3527,60.3527,0.9928,1.0054,0.3,1,1,RUNNING
F01,DEMO-DEVICE-01,2026-10-03T20:15:32.000Z,932,1,60,60.5706,60.5706,1.0083,1.01,0.3,1,1,RUNNING
F01,DEMO-DEVICE-01,2026-10-03T20:15:33.000Z,933,1,60,60.5706,60.5706,1.0123,1.014,0.3,1,1,RUNNING
F01,DEMO-DEVICE-01,2026-10-03T20:15:34.000Z,934,1,60,60.3527,60.3527,1.0045,1.0171,0.3,1,1,RUNNING
F01,DEMO-DEVICE-01,2026-10-03T20:15:35.000Z,935,1,60,60,60,0.9888,1.0191,0.3,1,1,RUNNING
F01,DEMO-DEVICE-01,2026-10-03T20:15:36.000Z,936,1,60,59.6473,59.6473,0.9721,1.02,0.3,1,1,RUNNING
F01,DEMO-DEVICE-01,2026-10-03T20:15:37.000Z,937,1,60,59.4294,59.4294,0.9608,1.0196,0.3,1,1,RUNNING
F01,DEMO-DEVICE-01,2026-10-03T20:15:38.000Z,938,1,60,59.4294,59.4294,0.9592,1.018,0.3,1,1,RUNNING
F01,DEMO-DEVICE-01,2026-10-03T20:15:39.000Z,939,1,60,59.6473,59.6473,0.9674,1.0153,0.3,1,1,RUNNING
F01,DEMO-DEVICE-01,2026-10-03T20:15:40.000Z,940,1,60,60,60,0.9813,1.0116,0.3,1,1,RUNNING
F01,DEMO-DEVICE-01,2026-10-03T20:15:41.000Z,941,1,60,60.3527,60.3527,0.9946,1.0072,0.3,1,1,RUNNING
F01,DEMO-DEVICE-01,2026-10-03T20:15:42.000Z,942,1,60,60.5706,60.5706,1.0007,1.0024,0.3,1,1,RUNNING
F01,DEMO-DEVICE-01,2026-10-03T20:15:43.000Z,943,1,60,60.5706,60.5706,0.9957,0.9974,0.3,1,1,RUNNING
F01,DEMO-DEVICE-01,2026-10-03T20:15:44.000Z,944,1,60,60.3527,60.3527,0.98,0.9926,0.3,1,1,RUNNING
F01,DEMO-DEVICE-01,2026-10-03T20:15:45.000Z,945,1,60,60,60,0.9579,0.9882,0.3,1,1,RUNNING
F01,DEMO-DEVICE-01,2026-10-03T20:15:46.000Z,946,1,60,59.6473,59.6473,0.9367,0.9846,0.3,1,1,RUNNING
F01,DEMO-DEVICE-01,2026-10-03T20:15:47.000Z,947,1,60,59.4294,59.4294,0.9231,0.9819,0.3,1,1,RUNNING
F01,DEMO-DEVICE-01,2026-10-03T20:15:48.000Z,948,1,60,59.4294,59.4294,0.9216,0.9804,0.3,1,1,RUNNING
F01,DEMO-DEVICE-01,2026-10-03T20:15:49.000Z,949,1,60,59.6473,59.6473,0.9321,0.98,0.3,1,1,RUNNING
F01,DEMO-DEVICE-01,2026-10-03T20:15:50.000Z,950,1,60,60,60,0.9507,0.981,0.3,1,1,RUNNING
F01,DEMO-DEVICE-01,2026-10-03T20:15:51.000Z,951,1,60,60.3527,60.3527,0.9705,0.9831,0.3,1,1,RUNNING
F01,DEMO-DEVICE-01,2026-10-03T20:15:52.000Z,952,1,60,60.5706,60.5706,0.9845,0.9862,0.3,1,1,RUNNING
F01,DEMO-DEVICE-01,2026-10-03T20:15:53.000Z,953,1,60,60.5706,60.5706,0.9885,0.9902,0.3,1,1,RUNNING
F01,DEMO-DEVICE-01,2026-10-03T20:15:54.000Z,954,1,60,60.3527,60.3527,0.9822,0.9948,0.3,1,1,RUNNING
F01,DEMO-DEVICE-01,2026-10-03T20:15:55.000Z,955,1,60,60,60,0.9695,0.9998,0.3,1,1,RUNNING
F01,DEMO-DEVICE-01,2026-10-03T20:15:56.000Z,956,1,60,59.6473,59.6473,0.9568,1.0047,0.3,1,1,RUNNING
F01,DEMO-DEVICE-01,2026-10-03T20:15:57.000Z,957,1,60,59.4294,59.4294,0.9506,1.0094,0.3,1,1,RUNNING
F01,DEMO-DEVICE-01,2026-10-03T20:15:58.000Z,958,1,60,59.4294,59.4294,0.9547,1.0135,0.3,1,1,RUNNING
F01,DEMO-DEVICE-01,2026-10-03T20:15:59.000Z,959,1,60,59.6473,59.6473,0.9688,1.0167,0.3,1,1,RUNNING
F01,DEMO-DEVICE-01,2026-10-03T20:16:00.000Z,960,1,60,60,60,0.9886,1.0189,0.3,1,1,RUNNING
F01,DEMO-DEVICE-01,2026-10-03T20:16:01.000Z,961,1,60,60.3527,60.3527,1.0073,1.0199,0.3,1,1,RUNNING
F01,DEMO-DEVICE-01,2026-10-03T20:16:02.000Z,962,1,60,60.5706,60.5706,1.018,1.0197,0.3,1,1,RUNNING
F01,DEMO-DEVICE-01,2026-10-03T20:16:03.000Z,963,1,60,60.5706,60.5706,1.0166,1.0183,0.3,1,1,RUNNING
F01,DEMO-DEVICE-01,2026-10-03T20:16:04.000Z,964,1,60,60.3527,60.3527,1.0031,1.0157,0.3,1,1,RUNNING
F01,DEMO-DEVICE-01,2026-10-03T20:16:05.000Z,965,1,60,60,60,0.9818,1.0121,0.3,1,1,RUNNING
F01,DEMO-DEVICE-01,2026-10-03T20:16:06.000Z,966,1,60,59.6473,59.6473,0.9599,1.0078,0.3,1,1,RUNNING
F01,DEMO-DEVICE-01,2026-10-03T20:16:07.000Z,967,1,60,59.4294,59.4294,0.9442,1.003,0.3,1,1,RUNNING
F01,DEMO-DEVICE-01,2026-10-03T20:16:08.000Z,968,1,60,59.4294,59.4294,0.9393,0.9981,0.3,1,1,RUNNING
F01,DEMO-DEVICE-01,2026-10-03T20:16:09.000Z,969,1,60,59.6473,59.6473,0.9453,0.9932,0.3,1,1,RUNNING
F01,DEMO-DEVICE-01,2026-10-03T20:16:10.000Z,970,1,60,60,60,0.9585,0.9888,0.3,1,1,RUNNING
F01,DEMO-DEVICE-01,2026-10-03T20:16:11.000Z,971,1,60,60.3527,60.3527,0.9724,0.985,0.3,1,1,RUNNING
F01,DEMO-DEVICE-01,2026-10-03T20:16:12.000Z,972,1,60,60.5706,60.5706,0.9805,0.9822,0.3,1,1,RUNNING
F01,DEMO-DEVICE-01,2026-10-03T20:16:13.000Z,973,1,60,60.5706,60.5706,0.9788,0.9805,0.3,1,1,RUNNING
F01,DEMO-DEVICE-01,2026-10-03T20:16:14.000Z,974,1,60,60.3527,60.3527,0.9674,0.98,0.3,1,1,RUNNING
F01,DEMO-DEVICE-01,2026-10-03T20:16:15.000Z,975,1,60,60,60,0.9505,0.9808,0.3,1,1,RUNNING
F01,DEMO-DEVICE-01,2026-10-03T20:16:16.000Z,976,1,60,59.6473,59.6473,0.9348,0.9827,0.3,1,1,RUNNING
F01,DEMO-DEVICE-01,2026-10-03T20:16:17.000Z,977,1,60,59.4294,59.4294,0.9269,0.9857,0.3,1,1,RUNNING
F01,DEMO-DEVICE-01,2026-10-03T20:16:18.000Z,978,1,60,59.4294,59.4294,0.9308,0.9896,0.3,1,1,RUNNING
F01,DEMO-DEVICE-01,2026-10-03T20:16:19.000Z,979,1,60,59.6473,59.6473,0.9463,0.9942,0.3,1,1,RUNNING
F01,DEMO-DEVICE-01,2026-10-03T20:16:20.000Z,980,1,60,60,60,0.9688,0.9991,0.3,1,1,RUNNING
F01,DEMO-DEVICE-01,2026-10-03T20:16:21.000Z,981,1,60,60.3527,60.3527,0.9915,1.0041,0.3,1,1,RUNNING
F01,DEMO-DEVICE-01,2026-10-03T20:16:22.000Z,982,1,60,60.5706,60.5706,1.0071,1.0088,0.3,1,1,RUNNING
F01,DEMO-DEVICE-01,2026-10-03T20:16:23.000Z,983,1,60,60.5706,60.5706,1.0113,1.013,0.3,1,1,RUNNING
F01,DEMO-DEVICE-01,2026-10-03T20:16:24.000Z,984,1,60,60.3527,60.3527,1.0037,1.0163,0.3,1,1,RUNNING
F01,DEMO-DEVICE-01,2026-10-03T20:16:25.000Z,985,1,60,60,60,0.9884,1.0187,0.3,1,1,RUNNING
F01,DEMO-DEVICE-01,2026-10-03T20:16:26.000Z,986,1,60,59.6473,59.6473,0.972,1.0199,0.3,1,1,RUNNING
F01,DEMO-DEVICE-01,2026-10-03T20:16:27.000Z,987,1,60,59.4294,59.4294,0.961,1.0198,0.3,1,1,RUNNING
F01,DEMO-DEVICE-01,2026-10-03T20:16:28.000Z,988,1,60,59.4294,59.4294,0.9597,1.0185,0.3,1,1,RUNNING
F01,DEMO-DEVICE-01,2026-10-03T20:16:29.000Z,989,1,60,59.6473,59.6473,0.9682,1.0161,0.3,1,1,RUNNING
F01,DEMO-DEVICE-01,2026-10-03T20:16:30.000Z,990,1,60,60,60,0.9824,1.0127,0.3,1,1,RUNNING
F01,DEMO-DEVICE-01,2026-10-03T20:16:31.000Z,991,1,60,60.3527,60.3527,0.9958,1.0084,0.3,1,1,RUNNING
F01,DEMO-DEVICE-01,2026-10-03T20:16:32.000Z,992,1,60,60.5706,60.5706,1.002,1.0037,0.3,1,1,RUNNING
F01,DEMO-DEVICE-01,2026-10-03T20:16:33.000Z,993,1,60,60.5706,60.5706,0.997,0.9987,0.3,1,1,RUNNING
F01,DEMO-DEVICE-01,2026-10-03T20:16:34.000Z,994,1,60,60.3527,60.3527,0.9812,0.9938,0.3,1,1,RUNNING
F01,DEMO-DEVICE-01,2026-10-03T20:16:35.000Z,995,1,60,60,60,0.959,0.9893,0.3,1,1,RUNNING
F01,DEMO-DEVICE-01,2026-10-03T20:16:36.000Z,996,1,60,59.6473,59.6473,0.9376,0.9855,0.3,1,1,RUNNING
F01,DEMO-DEVICE-01,2026-10-03T20:16:37.000Z,997,1,60,59.4294,59.4294,0.9237,0.9825,0.3,1,1,RUNNING
F01,DEMO-DEVICE-01,2026-10-03T20:16:38.000Z,998,1,60,59.4294,59.4294,0.9219,0.9807,0.3,1,1,RUNNING
F01,DEMO-DEVICE-01,2026-10-03T20:16:39.000Z,999,1,60,59.6473,59.6473,0.9321,0.98,0.3,1,1,RUNNING
F01,DEMO-DEVICE-01,2026-10-03T20:16:40.000Z,1000,1,60,60,60,0.9503,0.9806,0.3,1,1,RUNNING
F01,DEMO-DEVICE-01,2026-10-03T20:16:41.000Z,1001,1,60,60.3527,60.3527,0.9698,0.9824,0.3,1,1,RUNNING
F01,DEMO-DEVICE-01,2026-10-03T20:16:42.000Z,1002,1,60,60.5706,60.5706,0.9836,0.9853,0.3,1,1,RUNNING
F01,DEMO-DEVICE-01,2026-10-03T20:16:43.000Z,1003,1,60,60.5706,60.5706,0.9874,0.9891,0.3,1,1,RUNNING
F01,DEMO-DEVICE-01,2026-10-03T20:16:44.000Z,1004,1,60,60.3527,60.3527,0.981,0.9936,0.3,1,1,RUNNING
F01,DEMO-DEVICE-01,2026-10-03T20:16:45.000Z,1005,1,60,60,60,0.9682,0.9985,0.3,1,1,RUNNING
F01,DEMO-DEVICE-01,2026-10-03T20:16:46.000Z,1006,1,60,59.6473,59.6473,0.9555,1.0034,0.3,1,1,RUNNING
F01,DEMO-DEVICE-01,2026-10-03T20:16:47.000Z,1007,1,60,59.4294,59.4294,0.9494,1.0082,0.3,1,1,RUNNING
F01,DEMO-DEVICE-01,2026-10-03T20:16:48.000Z,1008,1,60,59.4294,59.4294,0.9537,1.0125,0.3,1,1,RUNNING
F01,DEMO-DEVICE-01,2026-10-03T20:16:49.000Z,1009,1,60,59.6473,59.6473,0.968,1.0159,0.3,1,1,RUNNING
F01,DEMO-DEVICE-01,2026-10-03T20:16:50.000Z,1010,1,60,60,60,0.9881,1.0184,0.3,1,1,RUNNING
F01,DEMO-DEVICE-01,2026-10-03T20:16:51.000Z,1011,1,60,60.3527,60.3527,1.0072,1.0198,0.3,1,1,RUNNING
F01,DEMO-DEVICE-01,2026-10-03T20:16:52.000Z,1012,1,60,60.5706,60.5706,1.0182,1.0199,0.3,1,1,RUNNING
F01,DEMO-DEVICE-01,2026-10-03T20:16:53.000Z,1013,1,60,60.5706,60.5706,1.0171,1.0188,0.3,1,1,RUNNING
F01,DEMO-DEVICE-01,2026-10-03T20:16:54.000Z,1014,1,60,60.3527,60.3527,1.0039,1.0165,0.3,1,1,RUNNING
F01,DEMO-DEVICE-01,2026-10-03T20:16:55.000Z,1015,1,60,60,60,0.9829,1.0132,0.3,1,1,RUNNING
F01,DEMO-DEVICE-01,2026-10-03T20:16:56.000Z,1016,1,60,59.6473,59.6473,0.9611,1.009,0.3,1,1,RUNNING
F01,DEMO-DEVICE-01,2026-10-03T20:16:57.000Z,1017,1,60,59.4294,59.4294,0.9455,1.0043,0.3,1,1,RUNNING
F01,DEMO-DEVICE-01,2026-10-03T20:16:58.000Z,1018,1,60,59.4294,59.4294,0.9406,0.9994,0.3,1,1,RUNNING
F01,DEMO-DEVICE-01,2026-10-03T20:16:59.000Z,1019,1,60,59.6473,59.6473,0.9466,0.9945,0.3,1,1,RUNNING
F01,DEMO-DEVICE-01,2026-10-03T20:17:00.000Z,1020,1,60,60,60,0.9596,0.9899,0.3,1,1,RUNNING
F01,DEMO-DEVICE-01,2026-10-03T20:17:01.000Z,1021,1,60,60.3527,60.3527,0.9733,0.9859,0.3,1,1,RUNNING
F01,DEMO-DEVICE-01,2026-10-03T20:17:02.000Z,1022,1,60,60.5706,60.5706,0.9811,0.9828,0.3,1,1,RUNNING
F01,DEMO-DEVICE-01,2026-10-03T20:17:03.000Z,1023,1,60,60.5706,60.5706,0.9791,0.9808,0.3,1,1,RUNNING
F01,DEMO-DEVICE-01,2026-10-03T20:17:04.000Z,1024,1,60,60.3527,60.3527,0.9674,0.98,0.3,1,1,RUNNING
F01,DEMO-DEVICE-01,2026-10-03T20:17:05.000Z,1025,1,60,60,60,0.9501,0.9804,0.3,1,1,RUNNING
F01,DEMO-DEVICE-01,2026-10-03T20:17:06.000Z,1026,1,60,59.6473,59.6473,0.9342,0.9821,0.3,1,1,RUNNING
F01,DEMO-DEVICE-01,2026-10-03T20:17:07.000Z,1027,1,60,59.4294,59.4294,0.926,0.9848,0.3,1,1,RUNNING
F01,DEMO-DEVICE-01,2026-10-03T20:17:08.000Z,1028,1,60,59.4294,59.4294,0.9297,0.9885,0.3,1,1,RUNNING
F01,DEMO-DEVICE-01,2026-10-03T20:17:09.000Z,1029,1,60,59.6473,59.6473,0.945,0.9929,0.3,1,1,RUNNING
F01,DEMO-DEVICE-01,2026-10-03T20:17:10.000Z,1030,1,60,60,60,0.9675,0.9978,0.3,1,1,RUNNING
F01,DEMO-DEVICE-01,2026-10-03T20:17:11.000Z,1031,1,60,60.3527,60.3527,0.9902,1.0028,0.3,1,1,RUNNING
F01,DEMO-DEVICE-01,2026-10-03T20:17:12.000Z,1032,1,60,60.5706,60.5706,1.0059,1.0076,0.3,1,1,RUNNING
F01,DEMO-DEVICE-01,2026-10-03T20:17:13.000Z,1033,1,60,60.5706,60.5706,1.0102,1.0119,0.3,1,1,RUNNING
F01,DEMO-DEVICE-01,2026-10-03T20:17:14.000Z,1034,1,60,60.3527,60.3527,1.0029,1.0155,0.3,1,1,RUNNING
F01,DEMO-DEVICE-01,2026-10-03T20:17:15.000Z,1035,1,60,60,60,0.9879,1.0182,0.3,1,1,RUNNING
F01,DEMO-DEVICE-01,2026-10-03T20:17:16.000Z,1036,1,60,59.6473,59.6473,0.9718,1.0197,0.3,1,1,RUNNING
F01,DEMO-DEVICE-01,2026-10-03T20:17:17.000Z,1037,1,60,59.4294,59.4294,0.9612,1.02,0.3,1,1,RUNNING
F01,DEMO-DEVICE-01,2026-10-03T20:17:18.000Z,1038,1,60,59.4294,59.4294,0.9602,1.019,0.3,1,1,RUNNING
F01,DEMO-DEVICE-01,2026-10-03T20:17:19.000Z,1039,1,60,59.6473,59.6473,0.969,1.0169,0.3,1,1,RUNNING
F01,DEMO-DEVICE-01,2026-10-03T20:17:20.000Z,1040,1,60,60,60,0.9834,1.0137,0.3,1,1,RUNNING
F01,DEMO-DEVICE-01,2026-10-03T20:17:21.000Z,1041,1,60,60.3527,60.3527,0.997,1.0096,0.3,1,1,RUNNING
F01,DEMO-DEVICE-01,2026-10-03T20:17:22.000Z,1042,1,60,60.5706,60.5706,1.0033,1.005,0.3,1,1,RUNNING
F01,DEMO-DEVICE-01,2026-10-03T20:17:23.000Z,1043,1,60,60.5706,60.5706,0.9983,1,0.3,1,1,RUNNING
F01,DEMO-DEVICE-01,2026-10-03T20:17:24.000Z,1044,1,60,60.3527,60.3527,0.9825,0.9951,0.3,1,1,RUNNING
F01,DEMO-DEVICE-01,2026-10-03T20:17:25.000Z,1045,1,60,60,60,0.9601,0.9904,0.3,1,1,RUNNING
F01,DEMO-DEVICE-01,2026-10-03T20:17:26.000Z,1046,1,60,59.6473,59.6473,0.9385,0.9864,0.3,1,1,RUNNING
F01,DEMO-DEVICE-01,2026-10-03T20:17:27.000Z,1047,1,60,59.4294,59.4294,0.9244,0.9832,0.3,1,1,RUNNING
F01,DEMO-DEVICE-01,2026-10-03T20:17:28.000Z,1048,1,60,59.4294,59.4294,0.9222,0.981,0.3,1,1,RUNNING
F01,DEMO-DEVICE-01,2026-10-03T20:17:29.000Z,1049,1,60,59.6473,59.6473,0.9322,0.9801,0.3,1,1,RUNNING
F01,DEMO-DEVICE-01,2026-10-03T20:17:30.000Z,1050,1,60,60,60,0.95,0.9803,0.3,1,1,RUNNING
F01,DEMO-DEVICE-01,2026-10-03T20:17:31.000Z,1051,1,60,60.3527,60.3527,0.9692,0.9818,0.3,1,1,RUNNING
F01,DEMO-DEVICE-01,2026-10-03T20:17:32.000Z,1052,1,60,60.5706,60.5706,0.9827,0.9844,0.3,1,1,RUNNING
F01,DEMO-DEVICE-01,2026-10-03T20:17:33.000Z,1053,1,60,60.5706,60.5706,0.9863,0.988,0.3,1,1,RUNNING
F01,DEMO-DEVICE-01,2026-10-03T20:17:34.000Z,1054,1,60,60.3527,60.3527,0.9797,0.9923,0.3,1,1,RUNNING
F01,DEMO-DEVICE-01,2026-10-03T20:17:35.000Z,1055,1,60,60,60,0.9668,0.9971,0.3,1,1,RUNNING
F01,DEMO-DEVICE-01,2026-10-03T20:17:36.000Z,1056,1,60,59.6473,59.6473,0.9542,1.0021,0.3,1,1,RUNNING
F01,DEMO-DEVICE-01,2026-10-03T20:17:37.000Z,1057,1,60,59.4294,59.4294,0.9482,1.007,0.3,1,1,RUNNING
F01,DEMO-DEVICE-01,2026-10-03T20:17:38.000Z,1058,1,60,59.4294,59.4294,0.9526,1.0114,0.3,1,1,RUNNING
F01,DEMO-DEVICE-01,2026-10-03T20:17:39.000Z,1059,1,60,59.6473,59.6473,0.9672,1.0151,0.3,1,1,RUNNING
F01,DEMO-DEVICE-01,2026-10-03T20:17:40.000Z,1060,1,60,60,60,0.9876,1.0179,0.3,1,1,RUNNING
F01,DEMO-DEVICE-01,2026-10-03T20:17:41.000Z,1061,1,60,60.3527,60.3527,1.0069,1.0195,0.3,1,1,RUNNING
F01,DEMO-DEVICE-01,2026-10-03T20:17:42.000Z,1062,1,60,60.5706,60.5706,1.0183,1.02,0.3,1,1,RUNNING
F01,DEMO-DEVICE-01,2026-10-03T20:17:43.000Z,1063,1,60,60.5706,60.5706,1.0175,1.0192,0.3,1,1,RUNNING
F01,DEMO-DEVICE-01,2026-10-03T20:17:44.000Z,1064,1,60,60.3527,60.3527,1.0046,1.0172,0.3,1,1,RUNNING
F01,DEMO-DEVICE-01,2026-10-03T20:17:45.000Z,1065,1,60,60,60,0.9838,1.0141,0.3,1,1,RUNNING
F01,DEMO-DEVICE-01,2026-10-03T20:17:46.000Z,1066,1,60,59.6473,59.6473,0.9623,1.0102,0.3,1,1,RUNNING
F01,DEMO-DEVICE-01,2026-10-03T20:17:47.000Z,1067,1,60,59.4294,59.4294,0.9468,1.0056,0.3,1,1,RUNNING
F01,DEMO-DEVICE-01,2026-10-03T20:17:48.000Z,1068,1,60,59.4294,59.4294,0.9419,1.0007,0.3,1,1,RUNNING
F01,DEMO-DEVICE-01,2026-10-03T20:17:49.000Z,1069,1,60,59.6473,59.6473,0.9478,0.9957,0.3,1,1,RUNNING
F01,DEMO-DEVICE-01,2026-10-03T20:17:50.000Z,1070,1,60,60,60,0.9607,0.991,0.3,1,1,RUNNING
F01,DEMO-DEVICE-01,2026-10-03T20:17:51.000Z,1071,1,60,60.3527,60.3527,0.9743,0.9869,0.3,1,1,RUNNING
F01,DEMO-DEVICE-01,2026-10-03T20:17:52.000Z,1072,1,60,60.5706,60.5706,0.9819,0.9836,0.3,1,1,RUNNING
F01,DEMO-DEVICE-01,2026-10-03T20:17:53.000Z,1073,1,60,60.5706,60.5706,0.9796,0.9813,0.3,1,1,RUNNING
F01,DEMO-DEVICE-01,2026-10-03T20:17:54.000Z,1074,1,60,60.3527,60.3527,0.9675,0.9801,0.3,1,1,RUNNING
F01,DEMO-DEVICE-01,2026-10-03T20:17:55.000Z,1075,1,60,60,60,0.9499,0.9802,0.3,1,1,RUNNING
F01,DEMO-DEVICE-01,2026-10-03T20:17:56.000Z,1076,1,60,59.6473,59.6473,0.9336,0.9815,0.3,1,1,RUNNING
F01,DEMO-DEVICE-01,2026-10-03T20:17:57.000Z,1077,1,60,59.4294,59.4294,0.9252,0.984,0.3,1,1,RUNNING
F01,DEMO-DEVICE-01,2026-10-03T20:17:58.000Z,1078,1,60,59.4294,59.4294,0.9287,0.9875,0.3,1,1,RUNNING
F01,DEMO-DEVICE-01,2026-10-03T20:17:59.000Z,1079,1,60,59.6473,59.6473,0.9438,0.9917,0.3,1,1,RUNNING
F01,DEMO-DEVICE-01,2026-10-03T20:18:00.000Z,1080,1,60,60,60,0.9662,0.9965,0.3,1,1,RUNNING
F01,DEMO-DEVICE-01,2026-10-03T20:18:01.000Z,1081,1,60,60.3527,60.3527,0.9889,1.0015,0.3,1,1,RUNNING
F01,DEMO-DEVICE-01,2026-10-03T20:18:02.000Z,1082,1,60,60.5706,60.5706,1.0046,1.0063,0.3,1,1,RUNNING
F01,DEMO-DEVICE-01,2026-10-03T20:18:03.000Z,1083,1,60,60.5706,60.5706,1.0091,1.0108,0.3,1,1,RUNNING
F01,DEMO-DEVICE-01,2026-10-03T20:18:04.000Z,1084,1,60,60.3527,60.3527,1.0021,1.0147,0.3,1,1,RUNNING
F01,DEMO-DEVICE-01,2026-10-03T20:18:05.000Z,1085,1,60,60,60,0.9873,1.0176,0.3,1,1,RUNNING
F01,DEMO-DEVICE-01,2026-10-03T20:18:06.000Z,1086,1,60,59.6473,59.6473,0.9715,1.0194,0.3,1,1,RUNNING
F01,DEMO-DEVICE-01,2026-10-03T20:18:07.000Z,1087,1,60,59.4294,59.4294,0.9612,1.02,0.3,1,1,RUNNING
F01,DEMO-DEVICE-01,2026-10-03T20:18:08.000Z,1088,1,60,59.4294,59.4294,0.9606,1.0194,0.3,1,1,RUNNING
F01,DEMO-DEVICE-01,2026-10-03T20:18:09.000Z,1089,1,60,59.6473,59.6473,0.9696,1.0175,0.3,1,1,RUNNING
F01,DEMO-DEVICE-01,2026-10-03T20:18:10.000Z,1090,1,60,60,60,0.9843,1.0146,0.3,1,1,RUNNING
F01,DEMO-DEVICE-01,2026-10-03T20:18:11.000Z,1091,1,60,60.3527,60.3527,0.9982,1.0108,0.3,1,1,RUNNING
F01,DEMO-DEVICE-01,2026-10-03T20:18:12.000Z,1092,1,60,60.5706,60.5706,1.0046,1.0063,0.3,1,1,RUNNING
F01,DEMO-DEVICE-01,2026-10-03T20:18:13.000Z,1093,1,60,60.5706,60.5706,0.9997,1.0014,0.3,1,1,RUNNING
F01,DEMO-DEVICE-01,2026-10-03T20:18:14.000Z,1094,1,60,60.3527,60.3527,0.9838,0.9964,0.3,1,1,RUNNING
F01,DEMO-DEVICE-01,2026-10-03T20:18:15.000Z,1095,1,60,60,60,0.9613,0.9916,0.3,1,1,RUNNING
F01,DEMO-DEVICE-01,2026-10-03T20:18:16.000Z,1096,1,60,59.6473,59.6473,0.9395,0.9874,0.3,1,1,RUNNING
F01,DEMO-DEVICE-01,2026-10-03T20:18:17.000Z,1097,1,60,59.4294,59.4294,0.9252,0.984,0.3,1,1,RUNNING
F01,DEMO-DEVICE-01,2026-10-03T20:18:18.000Z,1098,1,60,59.4294,59.4294,0.9227,0.9815,0.3,1,1,RUNNING
F01,DEMO-DEVICE-01,2026-10-03T20:18:19.000Z,1099,1,60,59.6473,59.6473,0.9323,0.9802,0.3,1,1,RUNNING
F01,DEMO-DEVICE-01,2026-10-03T20:18:20.000Z,1100,1,60,60,60,0.9498,0.9801,0.3,1,1,RUNNING
F01,DEMO-DEVICE-01,2026-10-03T20:18:21.000Z,1101,1,60,60.3527,60.3527,0.9687,0.9813,0.3,1,1,RUNNING
F01,DEMO-DEVICE-01,2026-10-03T20:18:22.000Z,1102,1,60,60.5706,60.5706,0.9819,0.9836,0.3,1,1,RUNNING
F01,DEMO-DEVICE-01,2026-10-03T20:18:23.000Z,1103,1,60,60.5706,60.5706,0.9853,0.987,0.3,1,1,RUNNING
F01,DEMO-DEVICE-01,2026-10-03T20:18:24.000Z,1104,1,60,60.3527,60.3527,0.9785,0.9911,0.3,1,1,RUNNING
F01,DEMO-DEVICE-01,2026-10-03T20:18:25.000Z,1105,1,60,60,60,0.9655,0.9958,0.3,1,1,RUNNING
F01,DEMO-DEVICE-01,2026-10-03T20:18:26.000Z,1106,1,60,59.6473,59.6473,0.9529,1.0008,0.3,1,1,RUNNING
F01,DEMO-DEVICE-01,2026-10-03T20:18:27.000Z,1107,1,60,59.4294,59.4294,0.9469,1.0057,0.3,1,1,RUNNING
F01,DEMO-DEVICE-01,2026-10-03T20:18:28.000Z,1108,1,60,59.4294,59.4294,0.9515,1.0103,0.3,1,1,RUNNING
F01,DEMO-DEVICE-01,2026-10-03T20:18:29.000Z,1109,1,60,59.6473,59.6473,0.9663,1.0142,0.3,1,1,RUNNING
F01,DEMO-DEVICE-01,2026-10-03T20:18:30.000Z,1110,1,60,60,60,0.9869,1.0172,0.3,1,1,RUNNING
F01,DEMO-DEVICE-01,2026-10-03T20:18:31.000Z,1111,1,60,60.3527,60.3527,1.0066,1.0192,0.3,1,1,RUNNING
F01,DEMO-DEVICE-01,2026-10-03T20:18:32.000Z,1112,1,60,60.5706,60.5706,1.0183,1.02,0.3,1,1,RUNNING
F01,DEMO-DEVICE-01,2026-10-03T20:18:33.000Z,1113,1,60,60.5706,60.5706,1.0178,1.0195,0.3,1,1,RUNNING
F01,DEMO-DEVICE-01,2026-10-03T20:18:34.000Z,1114,1,60,60.3527,60.3527,1.0052,1.0178,0.3,1,1,RUNNING
F01,DEMO-DEVICE-01,2026-10-03T20:18:35.000Z,1115,1,60,60,60,0.9847,1.015,0.3,1,1,RUNNING
F01,DEMO-DEVICE-01,2026-10-03T20:18:36.000Z,1116,1,60,59.6473,59.6473,0.9634,1.0113,0.3,1,1,RUNNING
F01,DEMO-DEVICE-01,2026-10-03T20:18:37.000Z,1117,1,60,59.4294,59.4294,0.9481,1.0069,0.3,1,1,RUNNING
F01,DEMO-DEVICE-01,2026-10-03T20:18:38.000Z,1118,1,60,59.4294,59.4294,0.9432,1.002,0.3,1,1,RUNNING
F01,DEMO-DEVICE-01,2026-10-03T20:18:39.000Z,1119,1,60,59.6473,59.6473,0.9491,0.997,0.3,1,1,RUNNING
F01,DEMO-DEVICE-01,2026-10-03T20:18:40.000Z,1120,1,60,60,60,0.9619,0.9922,0.3,1,1,RUNNING
F01,DEMO-DEVICE-01,2026-10-03T20:18:41.000Z,1121,1,60,60.3527,60.3527,0.9753,0.9879,0.3,1,1,RUNNING
F01,DEMO-DEVICE-01,2026-10-03T20:18:42.000Z,1122,1,60,60.5706,60.5706,0.9827,0.9844,0.3,1,1,RUNNING
F01,DEMO-DEVICE-01,2026-10-03T20:18:43.000Z,1123,1,60,60.5706,60.5706,0.9801,0.9818,0.3,1,1,RUNNING
F01,DEMO-DEVICE-01,2026-10-03T20:18:44.000Z,1124,1,60,60.3527,60.3527,0.9677,0.9803,0.3,1,1,RUNNING
F01,DEMO-DEVICE-01,2026-10-03T20:18:45.000Z,1125,1,60,60,60,0.9498,0.9801,0.3,1,1,RUNNING
F01,DEMO-DEVICE-01,2026-10-03T20:18:46.000Z,1126,1,60,59.6473,59.6473,0.9332,0.9811,0.3,1,1,RUNNING
F01,DEMO-DEVICE-01,2026-10-03T20:18:47.000Z,1127,1,60,59.4294,59.4294,0.9244,0.9832,0.3,1,1,RUNNING
F01,DEMO-DEVICE-01,2026-10-03T20:18:48.000Z,1128,1,60,59.4294,59.4294,0.9277,0.9865,0.3,1,1,RUNNING
F01,DEMO-DEVICE-01,2026-10-03T20:18:49.000Z,1129,1,60,59.6473,59.6473,0.9426,0.9905,0.3,1,1,RUNNING
F01,DEMO-DEVICE-01,2026-10-03T20:18:50.000Z,1130,1,60,60,60,0.9649,0.9952,0.3,1,1,RUNNING
F01,DEMO-DEVICE-01,2026-10-03T20:18:51.000Z,1131,1,60,60.3527,60.3527,0.9875,1.0001,0.3,1,1,RUNNING
F01,DEMO-DEVICE-01,2026-10-03T20:18:52.000Z,1132,1,60,60.5706,60.5706,1.0034,1.0051,0.3,1,1,RUNNING
F01,DEMO-DEVICE-01,2026-10-03T20:18:53.000Z,1133,1,60,60.5706,60.5706,1.008,1.0097,0.3,1,1,RUNNING
F01,DEMO-DEVICE-01,2026-10-03T20:18:54.000Z,1134,1,60,60.3527,60.3527,1.0011,1.0137,0.3,1,1,RUNNING
F01,DEMO-DEVICE-01,2026-10-03T20:18:55.000Z,1135,1,60,60,60,0.9866,1.0169,0.3,1,1,RUNNING
F01,DEMO-DEVICE-01,2026-10-03T20:18:56.000Z,1136,1,60,59.6473,59.6473,0.9711,1.019,0.3,1,1,RUNNING
F01,DEMO-DEVICE-01,2026-10-03T20:18:57.000Z,1137,1,60,59.4294,59.4294,0.9612,1.02,0.3,1,1,RUNNING
F01,DEMO-DEVICE-01,2026-10-03T20:18:58.000Z,1138,1,60,59.4294,59.4294,0.9609,1.0197,0.3,1,1,RUNNING
F01,DEMO-DEVICE-01,2026-10-03T20:18:59.000Z,1139,1,60,59.6473,59.6473,0.9702,1.0181,0.3,1,1,RUNNING
F01,DEMO-DEVICE-01,2026-10-03T20:19:00.000Z,1140,1,60,60,60,0.9852,1.0155,0.3,1,1,RUNNING
F01,DEMO-DEVICE-01,2026-10-03T20:19:01.000Z,1141,1,60,60.3527,60.3527,0.9993,1.0119,0.3,1,1,RUNNING
F01,DEMO-DEVICE-01,2026-10-03T20:19:02.000Z,1142,1,60,60.5706,60.5706,1.0058,1.0075,0.3,1,1,RUNNING
F01,DEMO-DEVICE-01,2026-10-03T20:19:03.000Z,1143,1,60,60.5706,60.5706,1.001,1.0027,0.3,1,1,RUNNING
F01,DEMO-DEVICE-01,2026-10-03T20:19:04.000Z,1144,1,60,60.3527,60.3527,0.9851,0.9977,0.3,1,1,RUNNING
F01,DEMO-DEVICE-01,2026-10-03T20:19:05.000Z,1145,1,60,60,60,0.9626,0.9929,0.3,1,1,RUNNING
F01,DEMO-DEVICE-01,2026-10-03T20:19:06.000Z,1146,1,60,59.6473,59.6473,0.9406,0.9885,0.3,1,1,RUNNING
F01,DEMO-DEVICE-01,2026-10-03T20:19:07.000Z,1147,1,60,59.4294,59.4294,0.926,0.9848,0.3,1,1,RUNNING
F01,DEMO-DEVICE-01,2026-10-03T20:19:08.000Z,1148,1,60,59.4294,59.4294,0.9232,0.982,0.3,1,1,RUNNING
F01,DEMO-DEVICE-01,2026-10-03T20:19:09.000Z,1149,1,60,59.6473,59.6473,0.9325,0.9804,0.3,1,1,RUNNING
F01,DEMO-DEVICE-01,2026-10-03T20:19:10.000Z,1150,1,60,60,60,0.9497,0.98,0.3,1,1,RUNNING
F01,DEMO-DEVICE-01,2026-10-03T20:19:11.000Z,1151,1,60,60.3527,60.3527,0.9683,0.9809,0.3,1,1,RUNNING
F01,DEMO-DEVICE-01,2026-10-03T20:19:12.000Z,1152,1,60,60.5706,60.5706,0.9812,0.9829,0.3,1,1,RUNNING
F01,DEMO-DEVICE-01,2026-10-03T20:19:13.000Z,1153,1,60,60.5706,60.5706,0.9843,0.986,0.3,1,1,RUNNING
F01,DEMO-DEVICE-01,2026-10-03T20:19:14.000Z,1154,1,60,60.3527,60.3527,0.9773,0.9899,0.3,1,1,RUNNING
F01,DEMO-DEVICE-01,2026-10-03T20:19:15.000Z,1155,1,60,60,60,0.9642,0.9945,0.3,1,1,RUNNING
F01,DEMO-DEVICE-01,2026-10-03T20:19:16.000Z,1156,1,60,59.6473,59.6473,0.9516,0.9995,0.3,1,1,RUNNING
F01,DEMO-DEVICE-01,2026-10-03T20:19:17.000Z,1157,1,60,59.4294,59.4294,0.9456,1.0044,0.3,1,1,RUNNING
F01,DEMO-DEVICE-01,2026-10-03T20:19:18.000Z,1158,1,60,59.4294,59.4294,0.9503,1.0091,0.3,1,1,RUNNING
F01,DEMO-DEVICE-01,2026-10-03T20:19:19.000Z,1159,1,60,59.6473,59.6473,0.9653,1.0132,0.3,1,1,RUNNING
F01,DEMO-DEVICE-01,2026-10-03T20:19:20.000Z,1160,1,60,60,60,0.9862,1.0165,0.3,1,1,RUNNING
F01,DEMO-DEVICE-01,2026-10-03T20:19:21.000Z,1161,1,60,60.3527,60.3527,1.0062,1.0188,0.3,1,1,RUNNING
F01,DEMO-DEVICE-01,2026-10-03T20:19:22.000Z,1162,1,60,60.5706,60.5706,1.0182,1.0199,0.3,1,1,RUNNING
F01,DEMO-DEVICE-01,2026-10-03T20:19:23.000Z,1163,1,60,60.5706,60.5706,1.0181,1.0198,0.3,1,1,RUNNING
F01,DEMO-DEVICE-01,2026-10-03T20:19:24.000Z,1164,1,60,60.3527,60.3527,1.0058,1.0184,0.3,1,1,RUNNING
F01,DEMO-DEVICE-01,2026-10-03T20:19:25.000Z,1165,1,60,60,60,0.9856,1.0159,0.3,1,1,RUNNING
F01,DEMO-DEVICE-01,2026-10-03T20:19:26.000Z,1166,1,60,59.6473,59.6473,0.9645,1.0124,0.3,1,1,RUNNING
F01,DEMO-DEVICE-01,2026-10-03T20:19:27.000Z,1167,1,60,59.4294,59.4294,0.9493,1.0081,0.3,1,1,RUNNING
F01,DEMO-DEVICE-01,2026-10-03T20:19:28.000Z,1168,1,60,59.4294,59.4294,0.9445,1.0033,0.3,1,1,RUNNING
F01,DEMO-DEVICE-01,2026-10-03T20:19:29.000Z,1169,1,60,59.6473,59.6473,0.9505,0.9984,0.3,1,1,RUNNING
F01,DEMO-DEVICE-01,2026-10-03T20:19:30.000Z,1170,1,60,60,60,0.9632,0.9935,0.3,1,1,RUNNING
F01,DEMO-DEVICE-01,2026-10-03T20:19:31.000Z,1171,1,60,60.3527,60.3527,0.9764,0.989,0.3,1,1,RUNNING
F01,DEMO-DEVICE-01,2026-10-03T20:19:32.000Z,1172,1,60,60.5706,60.5706,0.9835,0.9852,0.3,1,1,RUNNING
F01,DEMO-DEVICE-01,2026-10-03T20:19:33.000Z,1173,1,60,60.5706,60.5706,0.9806,0.9823,0.3,1,1,RUNNING
F01,DEMO-DEVICE-01,2026-10-03T20:19:34.000Z,1174,1,60,60.3527,60.3527,0.968,0.9806,0.3,1,1,RUNNING
F01,DEMO-DEVICE-01,2026-10-03T20:19:35.000Z,1175,1,60,60,60,0.9497,0.98,0.3,1,1,RUNNING
F01,DEMO-DEVICE-01,2026-10-03T20:19:36.000Z,1176,1,60,59.6473,59.6473,0.9328,0.9807,0.3,1,1,RUNNING
F01,DEMO-DEVICE-01,2026-10-03T20:19:37.000Z,1177,1,60,59.4294,59.4294,0.9238,0.9826,0.3,1,1,RUNNING
F01,DEMO-DEVICE-01,2026-10-03T20:19:38.000Z,1178,1,60,59.4294,59.4294,0.9267,0.9855,0.3,1,1,RUNNING
F01,DEMO-DEVICE-01,2026-10-03T20:19:39.000Z,1179,1,60,59.6473,59.6473,0.9415,0.9894,0.3,1,1,RUNNING
F01,DEMO-DEVICE-01,2026-10-03T20:19:40.000Z,1180,1,60,60,60,0.9636,0.9939,0.3,1,1,RUNNING
F01,DEMO-DEVICE-01,2026-10-03T20:19:41.000Z,1181,1,60,60.3527,60.3527,0.9862,0.9988,0.3,1,1,RUNNING
F01,DEMO-DEVICE-01,2026-10-03T20:19:42.000Z,1182,1,60,60.5706,60.5706,1.0021,1.0038,0.3,1,1,RUNNING
F01,DEMO-DEVICE-01,2026-10-03T20:19:43.000Z,1183,1,60,60.5706,60.5706,1.0068,1.0085,0.3,1,1,RUNNING
F01,DEMO-DEVICE-01,2026-10-03T20:19:44.000Z,1184,1,60,60.3527,60.3527,1.0001,1.0127,0.3,1,1,RUNNING
F01,DEMO-DEVICE-01,2026-10-03T20:19:45.000Z,1185,1,60,60,60,0.9859,1.0162,0.3,1,1,RUNNING
F01,DEMO-DEVICE-01,2026-10-03T20:19:46.000Z,1186,1,60,59.6473,59.6473,0.9707,1.0186,0.3,1,1,RUNNING
F01,DEMO-DEVICE-01,2026-10-03T20:19:47.000Z,1187,1,60,59.4294,59.4294,0.961,1.0198,0.3,1,1,RUNNING
F01,DEMO-DEVICE-01,2026-10-03T20:19:48.000Z,1188,1,60,59.4294,59.4294,0.9611,1.0199,0.3,1,1,RUNNING
F01,DEMO-DEVICE-01,2026-10-03T20:19:49.000Z,1189,1,60,59.6473,59.6473,0.9708,1.0187,0.3,1,1,RUNNING
F01,DEMO-DEVICE-01,2026-10-03T20:19:50.000Z,1190,1,60,60,60,0.986,1.0163,0.3,1,1,RUNNING
F01,DEMO-DEVICE-01,2026-10-03T20:19:51.000Z,1191,1,60,60.3527,60.3527,1.0003,1.0129,0.3,1,1,RUNNING
F01,DEMO-DEVICE-01,2026-10-03T20:19:52.000Z,1192,1,60,60.5706,60.5706,1.007,1.0087,0.3,1,1,RUNNING
F01,DEMO-DEVICE-01,2026-10-03T20:19:53.000Z,1193,1,60,60.5706,60.5706,1.0023,1.004,0.3,1,1,RUNNING
F01,DEMO-DEVICE-01,2026-10-03T20:19:54.000Z,1194,1,60,60.3527,60.3527,0.9864,0.999,0.3,1,1,RUNNING
F01,DEMO-DEVICE-01,2026-10-03T20:19:55.000Z,1195,1,60,60,60,0.9638,0.9941,0.3,1,1,RUNNING
F01,DEMO-DEVICE-01,2026-10-03T20:19:56.000Z,1196,1,60,59.6473,59.6473,0.9417,0.9896,0.3,1,1,RUNNING
F01,DEMO-DEVICE-01,2026-10-03T20:19:57.000Z,1197,1,60,59.4294,59.4294,0.9269,0.9857,0.3,1,1,RUNNING
F01,DEMO-DEVICE-01,2026-10-03T20:19:58.000Z,1198,1,60,59.4294,59.4294,0.9239,0.9827,0.3,1,1,RUNNING
F01,DEMO-DEVICE-01,2026-10-03T20:19:59.000Z,1199,1,60,59.6473,59.6473,0.9328,0.9807,0.3,1,1,RUNNING
F01,DEMO-DEVICE-01,2026-10-03T20:20:00.000Z,1200,1,60,60,60,0.9497,0.98,0.3,1,1,RUNNING
F01,DEMO-DEVICE-01,2026-10-03T20:20:01.000Z,1201,1,60,60.3527,60.3527,0.9679,0.9805,0.3,1,1,RUNNING
F01,DEMO-DEVICE-01,2026-10-03T20:20:02.000Z,1202,1,60,60.5706,60.5706,0.9805,0.9822,0.3,1,1,RUNNING
F01,DEMO-DEVICE-01,2026-10-03T20:20:03.000Z,1203,1,60,60.5706,60.5706,0.9834,0.9851,0.3,1,1,RUNNING
F01,DEMO-DEVICE-01,2026-10-03T20:20:04.000Z,1204,1,60,60.3527,60.3527,0.9762,0.9888,0.3,1,1,RUNNING
F01,DEMO-DEVICE-01,2026-10-03T20:20:05.000Z,1205,1,60,60,60,0.963,0.9933,0.3,1,1,RUNNING
F01,DEMO-DEVICE-01,2026-10-03T20:20:06.000Z,1206,1,60,59.6473,59.6473,0.9502,0.9981,0.3,1,1,RUNNING
F01,DEMO-DEVICE-01,2026-10-03T20:20:07.000Z,1207,1,60,59.4294,59.4294,0.9443,1.0031,0.3,1,1,RUNNING
F01,DEMO-DEVICE-01,2026-10-03T20:20:08.000Z,1208,1,60,59.4294,59.4294,0.9491,1.0079,0.3,1,1,RUNNING
F01,DEMO-DEVICE-01,2026-10-03T20:20:09.000Z,1209,1,60,59.6473,59.6473,0.9643,1.0122,0.3,1,1,RUNNING
F01,DEMO-DEVICE-01,2026-10-03T20:20:10.000Z,1210,1,60,60,60,0.9855,1.0158,0.3,1,1,RUNNING
F01,DEMO-DEVICE-01,2026-10-03T20:20:11.000Z,1211,1,60,60.3527,60.3527,1.0057,1.0183,0.3,1,1,RUNNING
F01,DEMO-DEVICE-01,2026-10-03T20:20:12.000Z,1212,1,60,60.5706,60.5706,1.018,1.0197,0.3,1,1,RUNNING
F01,DEMO-DEVICE-01,2026-10-03T20:20:13.000Z,1213,1,60,60.5706,60.5706,1.0182,1.0199,0.3,1,1,RUNNING
F01,DEMO-DEVICE-01,2026-10-03T20:20:14.000Z,1214,1,60,60.3527,60.3527,1.0063,1.0189,0.3,1,1,RUNNING
F01,DEMO-DEVICE-01,2026-10-03T20:20:15.000Z,1215,1,60,60,60,0.9864,1.0167,0.3,1,1,RUNNING
F01,DEMO-DEVICE-01,2026-10-03T20:20:16.000Z,1216,1,60,59.6473,59.6473,0.9655,1.0134,0.3,1,1,RUNNING
F01,DEMO-DEVICE-01,2026-10-03T20:20:17.000Z,1217,1,60,59.4294,59.4294,0.9505,1.0093,0.3,1,1,RUNNING
F01,DEMO-DEVICE-01,2026-10-03T20:20:18.000Z,1218,1,60,59.4294,59.4294,0.9458,1.0046,0.3,1,1,RUNNING
F01,DEMO-DEVICE-01,2026-10-03T20:20:19.000Z,1219,1,60,59.6473,59.6473,0.9518,0.9997,0.3,1,1,RUNNING
F01,DEMO-DEVICE-01,2026-10-03T20:20:20.000Z,1220,1,60,60,60,0.9645,0.9948,0.3,1,1,RUNNING
F01,DEMO-DEVICE-01,2026-10-03T20:20:21.000Z,1221,1,60,60.3527,60.3527,0.9775,0.9901,0.3,1,1,RUNNING
F01,DEMO-DEVICE-01,2026-10-03T20:20:22.000Z,1222,1,60,60.5706,60.5706,0.9844,0.9861,0.3,1,1,RUNNING
F01,DEMO-DEVICE-01,2026-10-03T20:20:23.000Z,1223,1,60,60.5706,60.5706,0.9813,0.983,0.3,1,1,RUNNING
F01,DEMO-DEVICE-01,2026-10-03T20:20:24.000Z,1224,1,60,60.3527,60.3527,0.9683,0.9809,0.3,1,1,RUNNING
F01,DEMO-DEVICE-01,2026-10-03T20:20:25.000Z,1225,1,60,60,60,0.9497,0.98,0.3,1,1,RUNNING
F01,DEMO-DEVICE-01,2026-10-03T20:20:26.000Z,1226,1,60,59.6473,59.6473,0.9325,0.9804,0.3,1,1,RUNNING
F01,DEMO-DEVICE-01,2026-10-03T20:20:27.000Z,1227,1,60,59.4294,59.4294,0.9231,0.9819,0.3,1,1,RUNNING
F01,DEMO-DEVICE-01,2026-10-03T20:20:28.000Z,1228,1,60,59.4294,59.4294,0.9258,0.9846,0.3,1,1,RUNNING
F01,DEMO-DEVICE-01,2026-10-03T20:20:29.000Z,1229,1,60,59.6473,59.6473,0.9404,0.9883,0.3,1,1,RUNNING
F01,DEMO-DEVICE-01,2026-10-03T20:20:30.000Z,1230,1,60,60,60,0.9624,0.9927,0.3,1,1,RUNNING
F01,DEMO-DEVICE-01,2026-10-03T20:20:31.000Z,1231,1,60,60.3527,60.3527,0.9849,0.9975,0.3,1,1,RUNNING
F01,DEMO-DEVICE-01,2026-10-03T20:20:32.000Z,1232,1,60,60.5706,60.5706,1.0008,1.0025,0.3,1,1,RUNNING
F01,DEMO-DEVICE-01,2026-10-03T20:20:33.000Z,1233,1,60,60.5706,60.5706,1.0056,1.0073,0.3,1,1,RUNNING
F01,DEMO-DEVICE-01,2026-10-03T20:20:34.000Z,1234,1,60,60.3527,60.3527,0.9991,1.0117,0.3,1,1,RUNNING
F01,DEMO-DEVICE-01,2026-10-03T20:20:35.000Z,1235,1,60,60,60,0.985,1.0153,0.3,1,1,RUNNING
F01,DEMO-DEVICE-01,2026-10-03T20:20:36.000Z,1236,1,60,59.6473,59.6473,0.9701,1.018,0.3,1,1,RUNNING
F01,DEMO-DEVICE-01,2026-10-03T20:20:37.000Z,1237,1,60,59.4294,59.4294,0.9608,1.0196,0.3,1,1,RUNNING
F01,DEMO-DEVICE-01,2026-10-03T20:20:38.000Z,1238,1,60,59.4294,59.4294,0.9612,1.02,0.3,1,1,RUNNING
F01,DEMO-DEVICE-01,2026-10-03T20:20:39.000Z,1239,1,60,59.6473,59.6473,0.9712,1.0191,0.3,1,1,RUNNING
F01,DEMO-DEVICE-01,2026-10-03T20:20:40.000Z,1240,1,60,60,60,0.9867,1.017,0.3,1,1,RUNNING
F01,DEMO-DEVICE-01,2026-10-03T20:20:41.000Z,1241,1,60,60.3527,60.3527,1.0013,1.0139,0.3,1,1,RUNNING
F01,DEMO-DEVICE-01,2026-10-03T20:20:42.000Z,1242,1,60,60.5706,60.5706,1.0082,1.0099,0.3,1,1,RUNNING
F01,DEMO-DEVICE-01,2026-10-03T20:20:43.000Z,1243,1,60,60.5706,60.5706,1.0036,1.0053,0.3,1,1,RUNNING
F01,DEMO-DEVICE-01,2026-10-03T20:20:44.000Z,1244,1,60,60.3527,60.3527,0.9878,1.0004,0.3,1,1,RUNNING
F01,DEMO-DEVICE-01,2026-10-03T20:20:45.000Z,1245,1,60,60,60,0.9651,0.9954,0.3,1,1,RUNNING
F01,DEMO-DEVICE-01,2026-10-03T20:20:46.000Z,1246,1,60,59.6473,59.6473,0.9428,0.9907,0.3,1,1,RUNNING
F01,DEMO-DEVICE-01,2026-10-03T20:20:47.000Z,1247,1,60,59.4294,59.4294,0.9278,0.9866,0.3,1,1,RUNNING
F01,DEMO-DEVICE-01,2026-10-03T20:20:48.000Z,1248,1,60,59.4294,59.4294,0.9246,0.9834,0.3,1,1,RUNNING
F01,DEMO-DEVICE-01,2026-10-03T20:20:49.000Z,1249,1,60,59.6473,59.6473,0.9332,0.9811,0.3,1,1,RUNNING
F01,DEMO-DEVICE-01,2026-10-03T20:20:50.000Z,1250,1,60,60,60,0.9498,0.9801,0.3,1,1,RUNNING
F01,DEMO-DEVICE-01,2026-10-03T20:20:51.000Z,1251,1,60,60.3527,60.3527,0.9677,0.9803,0.3,1,1,RUNNING
F01,DEMO-DEVICE-01,2026-10-03T20:20:52.000Z,1252,1,60,60.5706,60.5706,0.98,0.9817,0.3,1,1,RUNNING
F01,DEMO-DEVICE-01,2026-10-03T20:20:53.000Z,1253,1,60,60.5706,60.5706,0.9825,0.9842,0.3,1,1,RUNNING
F01,DEMO-DEVICE-01,2026-10-03T20:20:54.000Z,1254,1,60,60.3527,60.3527,0.9751,0.9877,0.3,1,1,RUNNING
F01,DEMO-DEVICE-01,2026-10-03T20:20:55.000Z,1255,1,60,60,60,0.9617,0.992,0.3,1,1,RUNNING
F01,DEMO-DEVICE-01,2026-10-03T20:20:56.000Z,1256,1,60,59.6473,59.6473,0.9489,0.9968,0.3,1,1,RUNNING
F01,DEMO-DEVICE-01,2026-10-03T20:20:57.000Z,1257,1,60,59.4294,59.4294,0.943,1.0018,0.3,1,1,RUNNING
F01,DEMO-DEVICE-01,2026-10-03T20:20:58.000Z,1258,1,60,59.4294,59.4294,0.9479,1.0067,0.3,1,1,RUNNING
F01,DEMO-DEVICE-01,2026-10-03T20:20:59.000Z,1259,1,60,59.6473,59.6473,0.9632,1.0111,0.3,1,1,RUNNING
F01,DEMO-DEVICE-01,2026-10-03T20:21:00.000Z,1260,1,60,60,60,0.9846,1.0149,0.3,1,1,RUNNING
F01,DEMO-DEVICE-01,2026-10-03T20:21:01.000Z,1261,1,60,60.3527,60.3527,1.0051,1.0177,0.3,1,1,RUNNING
F01,DEMO-DEVICE-01,2026-10-03T20:21:02.000Z,1262,1,60,60.5706,60.5706,1.0178,1.0195,0.3,1,1,RUNNING
F01,DEMO-DEVICE-01,2026-10-03T20:21:03.000Z,1263,1,60,60.5706,60.5706,1.0183,1.02,0.3,1,1,RUNNING
F01,DEMO-DEVICE-01,2026-10-03T20:21:04.000Z,1264,1,60,60.3527,60.3527,1.0067,1.0193,0.3,1,1,RUNNING
F01,DEMO-DEVICE-01,2026-10-03T20:21:05.000Z,1265,1,60,60,60,0.9871,1.0174,0.3,1,1,RUNNING
F01,DEMO-DEVICE-01,2026-10-03T20:21:06.000Z,1266,1,60,59.6473,59.6473,0.9665,1.0144,0.3,1,1,RUNNING
F01,DEMO-DEVICE-01,2026-10-03T20:21:07.000Z,1267,1,60,59.4294,59.4294,0.9517,1.0105,0.3,1,1,RUNNING
F01,DEMO-DEVICE-01,2026-10-03T20:21:08.000Z,1268,1,60,59.4294,59.4294,0.9471,1.0059,0.3,1,1,RUNNING
F01,DEMO-DEVICE-01,2026-10-03T20:21:09.000Z,1269,1,60,59.6473,59.6473,0.9531,1.001,0.3,1,1,RUNNING
F01,DEMO-DEVICE-01,2026-10-03T20:21:10.000Z,1270,1,60,60,60,0.9657,0.996,0.3,1,1,RUNNING
F01,DEMO-DEVICE-01,2026-10-03T20:21:11.000Z,1271,1,60,60.3527,60.3527,0.9787,0.9913,0.3,1,1,RUNNING
F01,DEMO-DEVICE-01,2026-10-03T20:21:12.000Z,1272,1,60,60.5706,60.5706,0.9854,0.9871,0.3,1,1,RUNNING
F01,DEMO-DEVICE-01,2026-10-03T20:21:13.000Z,1273,1,60,60.5706,60.5706,0.982,0.9837,0.3,1,1,RUNNING
F01,DEMO-DEVICE-01,2026-10-03T20:21:14.000Z,1274,1,60,60.3527,60.3527,0.9688,0.9814,0.3,1,1,RUNNING
F01,DEMO-DEVICE-01,2026-10-03T20:21:15.000Z,1275,1,60,60,60,0.9498,0.9801,0.3,1,1,RUNNING
F01,DEMO-DEVICE-01,2026-10-03T20:21:16.000Z,1276,1,60,59.6473,59.6473,0.9323,0.9802,0.3,1,1,RUNNING
F01,DEMO-DEVICE-01,2026-10-03T20:21:17.000Z,1277,1,60,59.4294,59.4294,0.9226,0.9814,0.3,1,1,RUNNING
F01,DEMO-DEVICE-01,2026-10-03T20:21:18.000Z,1278,1,60,59.4294,59.4294,0.925,0.9838,0.3,1,1,RUNNING
F01,DEMO-DEVICE-01,2026-10-03T20:21:19.000Z,1279,1,60,59.6473,59.6473,0.9393,0.9872,0.3,1,1,RUNNING
F01,DEMO-DEVICE-01,2026-10-03T20:21:20.000Z,1280,1,60,60,60,0.9611,0.9914,0.3,1,1,RUNNING
F01,DEMO-DEVICE-01,2026-10-03T20:21:21.000Z,1281,1,60,60.3527,60.3527,0.9836,0.9962,0.3,1,1,RUNNING
F01,DEMO-DEVICE-01,2026-10-03T20:21:22.000Z,1282,1,60,60.5706,60.5706,0.9995,1.0012,0.3,1,1,RUNNING
F01,DEMO-DEVICE-01,2026-10-03T20:21:23.000Z,1283,1,60,60.5706,60.5706,1.0044,1.0061,0.3,1,1,RUNNING
F01,DEMO-DEVICE-01,2026-10-03T20:21:24.000Z,1284,1,60,60.3527,60.3527,0.998,1.0106,0.3,1,1,RUNNING
F01,DEMO-DEVICE-01,2026-10-03T20:21:25.000Z,1285,1,60,60,60,0.9842,1.0145,0.3,1,1,RUNNING
F01,DEMO-DEVICE-01,2026-10-03T20:21:26.000Z,1286,1,60,59.6473,59.6473,0.9695,1.0174,0.3,1,1,RUNNING
F01,DEMO-DEVICE-01,2026-10-03T20:21:27.000Z,1287,1,60,59.4294,59.4294,0.9605,1.0193,0.3,1,1,RUNNING
F01,DEMO-DEVICE-01,2026-10-03T20:21:28.000Z,1288,1,60,59.4294,59.4294,0.9612,1.02,0.3,1,1,RUNNING
F01,DEMO-DEVICE-01,2026-10-03T20:21:29.000Z,1289,1,60,59.6473,59.6473,0.9715,1.0194,0.3,1,1,RUNNING
F01,DEMO-DEVICE-01,2026-10-03T20:21:30.000Z,1290,1,60,60,60,0.9874,1.0177,0.3,1,1,RUNNING
F01,DEMO-DEVICE-01,2026-10-03T20:21:31.000Z,1291,1,60,60.3527,60.3527,1.0022,1.0148,0.3,1,1,RUNNING
F01,DEMO-DEVICE-01,2026-10-03T20:21:32.000Z,1292,1,60,60.5706,60.5706,1.0093,1.011,0.3,1,1,RUNNING
F01,DEMO-DEVICE-01,2026-10-03T20:21:33.000Z,1293,1,60,60.5706,60.5706,1.0049,1.0066,0.3,1,1,RUNNING
F01,DEMO-DEVICE-01,2026-10-03T20:21:34.000Z,1294,1,60,60.3527,60.3527,0.9891,1.0017,0.3,1,1,RUNNING
F01,DEMO-DEVICE-01,2026-10-03T20:21:35.000Z,1295,1,60,60,60,0.9664,0.9967,0.3,1,1,RUNNING
F01,DEMO-DEVICE-01,2026-10-03T20:21:36.000Z,1296,1,60,59.6473,59.6473,0.944,0.9919,0.3,1,1,RUNNING
F01,DEMO-DEVICE-01,2026-10-03T20:21:37.000Z,1297,1,60,59.4294,59.4294,0.9288,0.9876,0.3,1,1,RUNNING
F01,DEMO-DEVICE-01,2026-10-03T20:21:38.000Z,1298,1,60,59.4294,59.4294,0.9253,0.9841,0.3,1,1,RUNNING
F01,DEMO-DEVICE-01,2026-10-03T20:21:39.000Z,1299,1,60,59.6473,59.6473,0.9337,0.9816,0.3,1,1,RUNNING
F01,DEMO-DEVICE-01,2026-10-03T20:21:40.000Z,1300,1,60,60,60,0.9499,0.9802,0.3,1,1,RUNNING
F01,DEMO-DEVICE-01,2026-10-03T20:21:41.000Z,1301,1,60,60.3527,60.3527,0.9675,0.9801,0.3,1,1,RUNNING
F01,DEMO-DEVICE-01,2026-10-03T20:21:42.000Z,1302,1,60,60.5706,60.5706,0.9795,0.9812,0.3,1,1,RUNNING
F01,DEMO-DEVICE-01,2026-10-03T20:21:43.000Z,1303,1,60,60.5706,60.5706,0.9817,0.9834,0.3,1,1,RUNNING
F01,DEMO-DEVICE-01,2026-10-03T20:21:44.000Z,1304,1,60,60.3527,60.3527,0.9741,0.9867,0.3,1,1,RUNNING
F01,DEMO-DEVICE-01,2026-10-03T20:21:45.000Z,1305,1,60,60,60,0.9605,0.9908,0.3,1,1,RUNNING
F01,DEMO-DEVICE-01,2026-10-03T20:21:46.000Z,1306,1,60,59.6473,59.6473,0.9476,0.9955,0.3,1,1,RUNNING
F01,DEMO-DEVICE-01,2026-10-03T20:21:47.000Z,1307,1,60,59.4294,59.4294,0.9417,1.0005,0.3,1,1,RUNNING
F01,DEMO-DEVICE-01,2026-10-03T20:21:48.000Z,1308,1,60,59.4294,59.4294,0.9466,1.0054,0.3,1,1,RUNNING
F01,DEMO-DEVICE-01,2026-10-03T20:21:49.000Z,1309,1,60,59.6473,59.6473,0.9621,1.01,0.3,1,1,RUNNING
F01,DEMO-DEVICE-01,2026-10-03T20:21:50.000Z,1310,1,60,60,60,0.9837,1.014,0.3,1,1,RUNNING
F01,DEMO-DEVICE-01,2026-10-03T20:21:51.000Z,1311,1,60,60.3527,60.3527,1.0045,1.0171,0.3,1,1,RUNNING
F01,DEMO-DEVICE-01,2026-10-03T20:21:52.000Z,1312,1,60,60.5706,60.5706,1.0174,1.0191,0.3,1,1,RUNNING
F01,DEMO-DEVICE-01,2026-10-03T20:21:53.000Z,1313,1,60,60.5706,60.5706,1.0183,1.02,0.3,1,1,RUNNING
F01,DEMO-DEVICE-01,2026-10-03T20:21:54.000Z,1314,1,60,60.3527,60.3527,1.007,1.0196,0.3,1,1,RUNNING
F01,DEMO-DEVICE-01,2026-10-03T20:21:55.000Z,1315,1,60,60,60,0.9877,1.018,0.3,1,1,RUNNING
F01,DEMO-DEVICE-01,2026-10-03T20:21:56.000Z,1316,1,60,59.6473,59.6473,0.9674,1.0153,0.3,1,1,RUNNING
F01,DEMO-DEVICE-01,2026-10-03T20:21:57.000Z,1317,1,60,59.4294,59.4294,0.9528,1.0116,0.3,1,1,RUNNING
F01,DEMO-DEVICE-01,2026-10-03T20:21:58.000Z,1318,1,60,59.4294,59.4294,0.9484,1.0072,0.3,1,1,RUNNING
F01,DEMO-DEVICE-01,2026-10-03T20:21:59.000Z,1319,1,60,59.6473,59.6473,0.9544,1.0023,0.3,1,1,RUNNING
F01,DEMO-DEVICE-01,2026-10-03T20:22:00.000Z,1320,1,60,60,60,0.9671,0.9974,0.3,1,1,RUNNING
F01,DEMO-DEVICE-01,2026-10-03T20:22:01.000Z,1321,1,60,60.3527,60.3527,0.9799,0.9925,0.3,1,1,RUNNING
F01,DEMO-DEVICE-01,2026-10-03T20:22:02.000Z,1322,1,60,60.5706,60.5706,0.9865,0.9882,0.3,1,1,RUNNING
F01,DEMO-DEVICE-01,2026-10-03T20:22:03.000Z,1323,1,60,60.5706,60.5706,0.9828,0.9845,0.3,1,1,RUNNING
F01,DEMO-DEVICE-01,2026-10-03T20:22:04.000Z,1324,1,60,60.3527,60.3527,0.9693,0.9819,0.3,1,1,RUNNING
F01,DEMO-DEVICE-01,2026-10-03T20:22:05.000Z,1325,1,60,60,60,0.9501,0.9804,0.3,1,1,RUNNING
F01,DEMO-DEVICE-01,2026-10-03T20:22:06.000Z,1326,1,60,59.6473,59.6473,0.9321,0.98,0.3,1,1,RUNNING
F01,DEMO-DEVICE-01,2026-10-03T20:22:07.000Z,1327,1,60,59.4294,59.4294,0.9222,0.981,0.3,1,1,RUNNING
F01,DEMO-DEVICE-01,2026-10-03T20:22:08.000Z,1328,1,60,59.4294,59.4294,0.9243,0.9831,0.3,1,1,RUNNING
F01,DEMO-DEVICE-01,2026-10-03T20:22:09.000Z,1329,1,60,59.6473,59.6473,0.9383,0.9862,0.3,1,1,RUNNING
F01,DEMO-DEVICE-01,2026-10-03T20:22:10.000Z,1330,1,60,60,60,0.96,0.9903,0.3,1,1,RUNNING
F01,DEMO-DEVICE-01,2026-10-03T20:22:11.000Z,1331,1,60,60.3527,60.3527,0.9823,0.9949,0.3,1,1,RUNNING
F01,DEMO-DEVICE-01,2026-10-03T20:22:12.000Z,1332,1,60,60.5706,60.5706,0.9981,0.9998,0.3,1,1,RUNNING
F01,DEMO-DEVICE-01,2026-10-03T20:22:13.000Z,1333,1,60,60.5706,60.5706,1.0031,1.0048,0.3,1,1,RUNNING
F01,DEMO-DEVICE-01,2026-10-03T20:22:14.000Z,1334,1,60,60.3527,60.3527,0.9968,1.0094,0.3,1,1,RUNNING
F01,DEMO-DEVICE-01,2026-10-03T20:22:15.000Z,1335,1,60,60,60,0.9832,1.0135,0.3,1,1,RUNNING
F01,DEMO-DEVICE-01,2026-10-03T20:22:16.000Z,1336,1,60,59.6473,59.6473,0.9688,1.0167,0.3,1,1,RUNNING
F01,DEMO-DEVICE-01,2026-10-03T20:22:17.000Z,1337,1,60,59.4294,59.4294,0.9601,1.0189,0.3,1,1,RUNNING
F01,DEMO-DEVICE-01,2026-10-03T20:22:18.000Z,1338,1,60,59.4294,59.4294,0.9611,1.0199,0.3,1,1,RUNNING
F01,DEMO-DEVICE-01,2026-10-03T20:22:19.000Z,1339,1,60,59.6473,59.6473,0.9718,1.0197,0.3,1,1,RUNNING
F01,DEMO-DEVICE-01,2026-10-03T20:22:20.000Z,1340,1,60,60,60,0.988,1.0183,0.3,1,1,RUNNING
F01,DEMO-DEVICE-01,2026-10-03T20:22:21.000Z,1341,1,60,60.3527,60.3527,1.0031,1.0157,0.3,1,1,RUNNING
F01,DEMO-DEVICE-01,2026-10-03T20:22:22.000Z,1342,1,60,60.5706,60.5706,1.0104,1.0121,0.3,1,1,RUNNING
F01,DEMO-DEVICE-01,2026-10-03T20:22:23.000Z,1343,1,60,60.5706,60.5706,1.0061,1.0078,0.3,1,1,RUNNING
F01,DEMO-DEVICE-01,2026-10-03T20:22:24.000Z,1344,1,60,60.3527,60.3527,0.9904,1.003,0.3,1,1,RUNNING
F01,DEMO-DEVICE-01,2026-10-03T20:22:25.000Z,1345,1,60,60,60,0.9677,0.998,0.3,1,1,RUNNING
F01,DEMO-DEVICE-01,2026-10-03T20:22:26.000Z,1346,1,60,59.6473,59.6473,0.9452,0.9931,0.3,1,1,RUNNING
F01,DEMO-DEVICE-01,2026-10-03T20:22:27.000Z,1347,1,60,59.4294,59.4294,0.9299,0.9887,0.3,1,1,RUNNING
F01,DEMO-DEVICE-01,2026-10-03T20:22:28.000Z,1348,1,60,59.4294,59.4294,0.9262,0.985,0.3,1,1,RUNNING
F01,DEMO-DEVICE-01,2026-10-03T20:22:29.000Z,1349,1,60,59.6473,59.6473,0.9343,0.9822,0.3,1,1,RUNNING
F01,DEMO-DEVICE-01,2026-10-03T20:22:30.000Z,1350,1,60,60,60,0.9502,0.9805,0.3,1,1,RUNNING
F01,DEMO-DEVICE-01,2026-10-03T20:22:31.000Z,1351,1,60,60.3527,60.3527,0.9674,0.98,0.3,1,1,RUNNING
F01,DEMO-DEVICE-01,2026-10-03T20:22:32.000Z,1352,1,60,60.5706,60.5706,0.9791,0.9808,0.3,1,1,RUNNING
F01,DEMO-DEVICE-01,2026-10-03T20:22:33.000Z,1353,1,60,60.5706,60.5706,0.981,0.9827,0.3,1,1,RUNNING
F01,DEMO-DEVICE-01,2026-10-03T20:22:34.000Z,1354,1,60,60.3527,60.3527,0.9732,0.9858,0.3,1,1,RUNNING
F01,DEMO-DEVICE-01,2026-10-03T20:22:35.000Z,1355,1,60,60,60,0.9594,0.9897,0.3,1,1,RUNNING
F01,DEMO-DEVICE-01,2026-10-03T20:22:36.000Z,1356,1,60,59.6473,59.6473,0.9463,0.9942,0.3,1,1,RUNNING
F01,DEMO-DEVICE-01,2026-10-03T20:22:37.000Z,1357,1,60,59.4294,59.4294,0.9404,0.9992,0.3,1,1,RUNNING
F01,DEMO-DEVICE-01,2026-10-03T20:22:38.000Z,1358,1,60,59.4294,59.4294,0.9453,1.0041,0.3,1,1,RUNNING
F01,DEMO-DEVICE-01,2026-10-03T20:22:39.000Z,1359,1,60,59.6473,59.6473,0.9609,1.0088,0.3,1,1,RUNNING
F01,DEMO-DEVICE-01,2026-10-03T20:22:40.000Z,1360,1,60,60,60,0.9827,1.013,0.3,1,1,RUNNING
F01,DEMO-DEVICE-01,2026-10-03T20:22:41.000Z,1361,1,60,60.3527,60.3527,1.0038,1.0164,0.3,1,1,RUNNING
F01,DEMO-DEVICE-01,2026-10-03T20:22:42.000Z,1362,1,60,60.5706,60.5706,1.017,1.0187,0.3,1,1,RUNNING
F01,DEMO-DEVICE-01,2026-10-03T20:22:43.000Z,1363,1,60,60.5706,60.5706,1.0182,1.0199,0.3,1,1,RUNNING
F01,DEMO-DEVICE-01,2026-10-03T20:22:44.000Z,1364,1,60,60.3527,60.3527,1.0072,1.0198,0.3,1,1,RUNNING
F01,DEMO-DEVICE-01,2026-10-03T20:22:45.000Z,1365,1,60,60,60,0.9882,1.0185,0.3,1,1,RUNNING
F01,DEMO-DEVICE-01,2026-10-03T20:22:46.000Z,1366,1,60,59.6473,59.6473,0.9682,1.0161,0.3,1,1,RUNNING
F01,DEMO-DEVICE-01,2026-10-03T20:22:47.000Z,1367,1,60,59.4294,59.4294,0.9538,1.0126,0.3,1,1,RUNNING
F01,DEMO-DEVICE-01,2026-10-03T20:22:48.000Z,1368,1,60,59.4294,59.4294,0.9496,1.0084,0.3,1,1,RUNNING
F01,DEMO-DEVICE-01,2026-10-03T20:22:49.000Z,1369,1,60,59.6473,59.6473,0.9558,1.0037,0.3,1,1,RUNNING
F01,DEMO-DEVICE-01,2026-10-03T20:22:50.000Z,1370,1,60,60,60,0.9684,0.9987,0.3,1,1,RUNNING
F01,DEMO-DEVICE-01,2026-10-03T20:22:51.000Z,1371,1,60,60.3527,60.3527,0.9812,0.9938,0.3,1,1,RUNNING
F01,DEMO-DEVICE-01,2026-10-03T20:22:52.000Z,1372,1,60,60.5706,60.5706,0.9876,0.9893,0.3,1,1,RUNNING
F01,DEMO-DEVICE-01,2026-10-03T20:22:53.000Z,1373,1,60,60.5706,60.5706,0.9837,0.9854,0.3,1,1,RUNNING
F01,DEMO-DEVICE-01,2026-10-03T20:22:54.000Z,1374,1,60,60.3527,60.3527,0.9699,0.9825,0.3,1,1,RUNNING
F01,DEMO-DEVICE-01,2026-10-03T20:22:55.000Z,1375,1,60,60,60,0.9503,0.9806,0.3,1,1,RUNNING
F01,DEMO-DEVICE-01,2026-10-03T20:22:56.000Z,1376,1,60,59.6473,59.6473,0.9321,0.98,0.3,1,1,RUNNING
F01,DEMO-DEVICE-01,2026-10-03T20:22:57.000Z,1377,1,60,59.4294,59.4294,0.9218,0.9806,0.3,1,1,RUNNING
F01,DEMO-DEVICE-01,2026-10-03T20:22:58.000Z,1378,1,60,59.4294,59.4294,0.9236,0.9824,0.3,1,1,RUNNING
F01,DEMO-DEVICE-01,2026-10-03T20:22:59.000Z,1379,1,60,59.6473,59.6473,0.9374,0.9853,0.3,1,1,RUNNING
F01,DEMO-DEVICE-01,2026-10-03T20:23:00.000Z,1380,1,60,60,60,0.9588,0.9891,0.3,1,1,RUNNING
F01,DEMO-DEVICE-01,2026-10-03T20:23:01.000Z,1381,1,60,60.3527,60.3527,0.981,0.9936,0.3,1,1,RUNNING
F01,DEMO-DEVICE-01,2026-10-03T20:23:02.000Z,1382,1,60,60.5706,60.5706,0.9968,0.9985,0.3,1,1,RUNNING
F01,DEMO-DEVICE-01,2026-10-03T20:23:03.000Z,1383,1,60,60.5706,60.5706,1.0018,1.0035,0.3,1,1,RUNNING
F01,DEMO-DEVICE-01,2026-10-03T20:23:04.000Z,1384,1,60,60.3527,60.3527,0.9956,1.0082,0.3,1,1,RUNNING
F01,DEMO-DEVICE-01,2026-10-03T20:23:05.000Z,1385,1,60,60,60,0.9822,1.0125,0.3,1,1,RUNNING
F01,DEMO-DEVICE-01,2026-10-03T20:23:06.000Z,1386,1,60,59.6473,59.6473,0.9681,1.016,0.3,1,1,RUNNING
F01,DEMO-DEVICE-01,2026-10-03T20:23:07.000Z,1387,1,60,59.4294,59.4294,0.9597,1.0185,0.3,1,1,RUNNING
F01,DEMO-DEVICE-01,2026-10-03T20:23:08.000Z,1388,1,60,59.4294,59.4294,0.961,1.0198,0.3,1,1,RUNNING
F01,DEMO-DEVICE-01,2026-10-03T20:23:09.000Z,1389,1,60,59.6473,59.6473,0.972,1.0199,0.3,1,1,RUNNING
F01,DEMO-DEVICE-01,2026-10-03T20:23:10.000Z,1390,1,60,60,60,0.9885,1.0188,0.3,1,1,RUNNING
F01,DEMO-DEVICE-01,2026-10-03T20:23:11.000Z,1391,1,60,60.3527,60.3527,1.0039,1.0165,0.3,1,1,RUNNING
F01,DEMO-DEVICE-01,2026-10-03T20:23:12.000Z,1392,1,60,60.5706,60.5706,1.0114,1.0131,0.3,1,1,RUNNING
F01,DEMO-DEVICE-01,2026-10-03T20:23:13.000Z,1393,1,60,60.5706,60.5706,1.0073,1.009,0.3,1,1,RUNNING
F01,DEMO-DEVICE-01,2026-10-03T20:23:14.000Z,1394,1,60,60.3527,60.3527,0.9917,1.0043,0.3,1,1,RUNNING
F01,DEMO-DEVICE-01,2026-10-03T20:23:15.000Z,1395,1,60,60,60,0.969,0.9993,0.3,1,1,RUNNING
F01,DEMO-DEVICE-01,2026-10-03T20:23:16.000Z,1396,1,60,59.6473,59.6473,0.9465,0.9944,0.3,1,1,RUNNING
F01,DEMO-DEVICE-01,2026-10-03T20:23:17.000Z,1397,1,60,59.4294,59.4294,0.931,0.9898,0.3,1,1,RUNNING
F01,DEMO-DEVICE-01,2026-10-03T20:23:18.000Z,1398,1,60,59.4294,59.4294,0.9271,0.9859,0.3,1,1,RUNNING
F01,DEMO-DEVICE-01,2026-10-03T20:23:19.000Z,1399,1,60,59.6473,59.6473,0.9349,0.9828,0.3,1,1,RUNNING
F01,DEMO-DEVICE-01,2026-10-03T20:23:20.000Z,1400,1,60,60,60,0.9505,0.9808,0.3,1,1,RUNNING
F01,DEMO-DEVICE-01,2026-10-03T20:23:21.000Z,1401,1,60,60.3527,60.3527,0.9674,0.98,0.3,1,1,RUNNING
F01,DEMO-DEVICE-01,2026-10-03T20:23:22.000Z,1402,1,60,60.5706,60.5706,0.9787,0.9804,0.3,1,1,RUNNING
F01,DEMO-DEVICE-01,2026-10-03T20:23:23.000Z,1403,1,60,60.5706,60.5706,0.9804,0.9821,0.3,1,1,RUNNING
F01,DEMO-DEVICE-01,2026-10-03T20:23:24.000Z,1404,1,60,60.3527,60.3527,0.9723,0.9849,0.3,1,1,RUNNING
F01,DEMO-DEVICE-01,2026-10-03T20:23:25.000Z,1405,1,60,60,60,0.9583,0.9886,0.3,1,1,RUNNING
F01,DEMO-DEVICE-01,2026-10-03T20:23:26.000Z,1406,1,60,59.6473,59.6473,0.9451,0.993,0.3,1,1,RUNNING
F01,DEMO-DEVICE-01,2026-10-03T20:23:27.000Z,1407,1,60,59.4294,59.4294,0.939,0.9978,0.3,1,1,RUNNING
F01,DEMO-DEVICE-01,2026-10-03T20:23:28.000Z,1408,1,60,59.4294,59.4294,0.944,1.0028,0.3,1,1,RUNNING
F01,DEMO-DEVICE-01,2026-10-03T20:23:29.000Z,1409,1,60,59.6473,59.6473,0.9597,1.0076,0.3,1,1,RUNNING
F01,DEMO-DEVICE-01,2026-10-03T20:23:30.000Z,1410,1,60,60,60,0.9817,1.012,0.3,1,1,RUNNING
F01,DEMO-DEVICE-01,2026-10-03T20:23:31.000Z,1411,1,60,60.3527,60.3527,1.003,1.0156,0.3,1,1,RUNNING
F01,DEMO-DEVICE-01,2026-10-03T20:23:32.000Z,1412,1,60,60.5706,60.5706,1.0165,1.0182,0.3,1,1,RUNNING
F01,DEMO-DEVICE-01,2026-10-03T20:23:33.000Z,1413,1,60,60.5706,60.5706,1.018,1.0197,0.3,1,1,RUNNING
F01,DEMO-DEVICE-01,2026-10-03T20:23:34.000Z,1414,1,60,60.3527,60.3527,1.0073,1.0199,0.3,1,1,RUNNING
F01,DEMO-DEVICE-01,2026-10-03T20:23:35.000Z,1415,1,60,60,60,0.9887,1.019,0.3,1,1,RUNNING
F01,DEMO-DEVICE-01,2026-10-03T20:23:36.000Z,1416,1,60,59.6473,59.6473,0.9689,1.0168,0.3,1,1,RUNNING
F01,DEMO-DEVICE-01,2026-10-03T20:23:37.000Z,1417,1,60,59.4294,59.4294,0.9548,1.0136,0.3,1,1,RUNNING
F01,DEMO-DEVICE-01,2026-10-03T20:23:38.000Z,1418,1,60,59.4294,59.4294,0.9508,1.0096,0.3,1,1,RUNNING
F01,DEMO-DEVICE-01,2026-10-03T20:23:39.000Z,1419,1,60,59.6473,59.6473,0.957,1.0049,0.3,1,1,RUNNING
F01,DEMO-DEVICE-01,2026-10-03T20:23:40.000Z,1420,1,60,60,60,0.9697,1,0.3,1,1,RUNNING
F01,DEMO-DEVICE-01,2026-10-03T20:23:41.000Z,1421,1,60,60.3527,60.3527,0.9825,0.9951,0.3,1,1,RUNNING
F01,DEMO-DEVICE-01,2026-10-03T20:23:42.000Z,1422,1,60,60.5706,60.5706,0.9887,0.9904,0.3,1,1,RUNNING
F01,DEMO-DEVICE-01,2026-10-03T20:23:43.000Z,1423,1,60,60.5706,60.5706,0.9847,0.9864,0.3,1,1,RUNNING
F01,DEMO-DEVICE-01,2026-10-03T20:23:44.000Z,1424,1,60,60.3527,60.3527,0.9706,0.9832,0.3,1,1,RUNNING
F01,DEMO-DEVICE-01,2026-10-03T20:23:45.000Z,1425,1,60,60,60,0.9507,0.981,0.3,1,1,RUNNING
F01,DEMO-DEVICE-01,2026-10-03T20:23:46.000Z,1426,1,60,59.6473,59.6473,0.9322,0.9801,0.3,1,1,RUNNING
F01,DEMO-DEVICE-01,2026-10-03T20:23:47.000Z,1427,1,60,59.4294,59.4294,0.9215,0.9803,0.3,1,1,RUNNING
F01,DEMO-DEVICE-01,2026-10-03T20:23:48.000Z,1428,1,60,59.4294,59.4294,0.923,0.9818,0.3,1,1,RUNNING
F01,DEMO-DEVICE-01,2026-10-03T20:23:49.000Z,1429,1,60,59.6473,59.6473,0.9365,0.9844,0.3,1,1,RUNNING
F01,DEMO-DEVICE-01,2026-10-03T20:23:50.000Z,1430,1,60,60,60,0.9577,0.988,0.3,1,1,RUNNING
F01,DEMO-DEVICE-01,2026-10-03T20:23:51.000Z,1431,1,60,60.3527,60.3527,0.9798,0.9924,0.3,1,1,RUNNING
F01,DEMO-DEVICE-01,2026-10-03T20:23:52.000Z,1432,1,60,60.5706,60.5706,0.9955,0.9972,0.3,1,1,RUNNING
F01,DEMO-DEVICE-01,2026-10-03T20:23:53.000Z,1433,1,60,60.5706,60.5706,1.0005,1.0022,0.3,1,1,RUNNING
F01,DEMO-DEVICE-01,2026-10-03T20:23:54.000Z,1434,1,60,60.3527,60.3527,0.9944,1.007,0.3,1,1,RUNNING
F01,DEMO-DEVICE-01,2026-10-03T20:23:55.000Z,1435,1,60,60,60,0.9811,1.0114,0.3,1,1,RUNNING
F01,DEMO-DEVICE-01,2026-10-03T20:23:56.000Z,1436,1,60,59.6473,59.6473,0.9672,1.0151,0.3,1,1,RUNNING
F01,DEMO-DEVICE-01,2026-10-03T20:23:57.000Z,1437,1,60,59.4294,59.4294,0.9591,1.0179,0.3,1,1,RUNNING
F01,DEMO-DEVICE-01,2026-10-03T20:23:58.000Z,1438,1,60,59.4294,59.4294,0.9608,1.0196,0.3,1,1,RUNNING
F01,DEMO-DEVICE-01,2026-10-03T20:23:59.000Z,1439,1,60,59.6473,59.6473,0.9721,1.02,0.3,1,1,RUNNING
F01,DEMO-DEVICE-01,2026-10-03T20:24:00.000Z,1440,1,60,60,60,0.9889,1.0192,0.3,1,1,RUNNING
F01,DEMO-DEVICE-01,2026-10-03T20:24:01.000Z,1441,1,60,60.3527,60.3527,1.0046,1.0172,0.3,1,1,RUNNING
F01,DEMO-DEVICE-01,2026-10-03T20:24:02.000Z,1442,1,60,60.5706,60.5706,1.0124,1.0141,0.3,1,1,RUNNING
F01,DEMO-DEVICE-01,2026-10-03T20:24:03.000Z,1443,1,60,60.5706,60.5706,1.0085,1.0102,0.3,1,1,RUNNING
F01,DEMO-DEVICE-01,2026-10-03T20:24:04.000Z,1444,1,60,60.3527,60.3527,0.993,1.0056,0.3,1,1,RUNNING
F01,DEMO-DEVICE-01,2026-10-03T20:24:05.000Z,1445,1,60,60,60,0.9704,1.0007,0.3,1,1,RUNNING
F01,DEMO-DEVICE-01,2026-10-03T20:24:06.000Z,1446,1,60,59.6473,59.6473,0.9478,0.9957,0.3,1,1,RUNNING
F01,DEMO-DEVICE-01,2026-10-03T20:24:07.000Z,1447,1,60,59.4294,59.4294,0.9322,0.991,0.3,1,1,RUNNING
F01,DEMO-DEVICE-01,2026-10-03T20:24:08.000Z,1448,1,60,59.4294,59.4294,0.9281,0.9869,0.3,1,1,RUNNING
F01,DEMO-DEVICE-01,2026-10-03T20:24:09.000Z,1449,1,60,59.6473,59.6473,0.9356,0.9835,0.3,1,1,RUNNING
F01,DEMO-DEVICE-01,2026-10-03T20:24:10.000Z,1450,1,60,60,60,0.9509,0.9812,0.3,1,1,RUNNING
F01,DEMO-DEVICE-01,2026-10-03T20:24:11.000Z,1451,1,60,60.3527,60.3527,0.9675,0.9801,0.3,1,1,RUNNING
F01,DEMO-DEVICE-01,2026-10-03T20:24:12.000Z,1452,1,60,60.5706,60.5706,0.9785,0.9802,0.3,1,1,RUNNING
F01,DEMO-DEVICE-01,2026-10-03T20:24:13.000Z,1453,1,60,60.5706,60.5706,0.9798,0.9815,0.3,1,1,RUNNING
F01,DEMO-DEVICE-01,2026-10-03T20:24:14.000Z,1454,1,60,60.3527,60.3527,0.9714,0.984,0.3,1,1,RUNNING
F01,DEMO-DEVICE-01,2026-10-03T20:24:15.000Z,1455,1,60,60,60,0.9572,0.9875,0.3,1,1,RUNNING
F01,DEMO-DEVICE-01,2026-10-03T20:24:16.000Z,1456,1,60,59.6473,59.6473,0.9439,0.9918,0.3,1,1,RUNNING
F01,DEMO-DEVICE-01,2026-10-03T20:24:17.000Z,1457,1,60,59.4294,59.4294,0.9377,0.9965,0.3,1,1,RUNNING
F01,DEMO-DEVICE-01,2026-10-03T20:24:18.000Z,1458,1,60,59.4294,59.4294,0.9427,1.0015,0.3,1,1,RUNNING
F01,DEMO-DEVICE-01,2026-10-03T20:24:19.000Z,1459,1,60,59.6473,59.6473,0.9585,1.0064,0.3,1,1,RUNNING
F01,DEMO-DEVICE-01,2026-10-03T20:24:20.000Z,1460,1,60,60,60,0.9806,1.0109,0.3,1,1,RUNNING
F01,DEMO-DEVICE-01,2026-10-03T20:24:21.000Z,1461,1,60,60.3527,60.3527,1.0021,1.0147,0.3,1,1,RUNNING
F01,DEMO-DEVICE-01,2026-10-03T20:24:22.000Z,1462,1,60,60.5706,60.5706,1.0159,1.0176,0.3,1,1,RUNNING
F01,DEMO-DEVICE-01,2026-10-03T20:24:23.000Z,1463,1,60,60.5706,60.5706,1.0177,1.0194,0.3,1,1,RUNNING
F01,DEMO-DEVICE-01,2026-10-03T20:24:24.000Z,1464,1,60,60.3527,60.3527,1.0074,1.02,0.3,1,1,RUNNING
F01,DEMO-DEVICE-01,2026-10-03T20:24:25.000Z,1465,1,60,60,60,0.9891,1.0194,0.3,1,1,RUNNING
F01,DEMO-DEVICE-01,2026-10-03T20:24:26.000Z,1466,1,60,59.6473,59.6473,0.9696,1.0175,0.3,1,1,RUNNING
F01,DEMO-DEVICE-01,2026-10-03T20:24:27.000Z,1467,1,60,59.4294,59.4294,0.9558,1.0146,0.3,1,1,RUNNING
F01,DEMO-DEVICE-01,2026-10-03T20:24:28.000Z,1468,1,60,59.4294,59.4294,0.9519,1.0107,0.3,1,1,RUNNING
F01,DEMO-DEVICE-01,2026-10-03T20:24:29.000Z,1469,1,60,59.6473,59.6473,0.9583,1.0062,0.3,1,1,RUNNING
F01,DEMO-DEVICE-01,2026-10-03T20:24:30.000Z,1470,1,60,60,60,0.971,1.0013,0.3,1,1,RUNNING
F01,DEMO-DEVICE-01,2026-10-03T20:24:31.000Z,1471,1,60,60.3527,60.3527,0.9837,0.9963,0.3,1,1,RUNNING
F01,DEMO-DEVICE-01,2026-10-03T20:24:32.000Z,1472,1,60,60.5706,60.5706,0.9899,0.9916,0.3,1,1,RUNNING
F01,DEMO-DEVICE-01,2026-10-03T20:24:33.000Z,1473,1,60,60.5706,60.5706,0.9857,0.9874,0.3,1,1,RUNNING
F01,DEMO-DEVICE-01,2026-10-03T20:24:34.000Z,1474,1,60,60.3527,60.3527,0.9713,0.9839,0.3,1,1,RUNNING
F01,DEMO-DEVICE-01,2026-10-03T20:24:35.000Z,1475,1,60,60,60,0.9512,0.9815,0.3,1,1,RUNNING
F01,DEMO-DEVICE-01,2026-10-03T20:24:36.000Z,1476,1,60,59.6473,59.6473,0.9323,0.9802,0.3,1,1,RUNNING
F01,DEMO-DEVICE-01,2026-10-03T20:24:37.000Z,1477,1,60,59.4294,59.4294,0.9213,0.9801,0.3,1,1,RUNNING
F01,DEMO-DEVICE-01,2026-10-03T20:24:38.000Z,1478,1,60,59.4294,59.4294,0.9225,0.9813,0.3,1,1,RUNNING
F01,DEMO-DEVICE-01,2026-10-03T20:24:39.000Z,1479,1,60,59.6473,59.6473,0.9357,0.9836,0.3,1,1,RUNNING
F01,DEMO-DEVICE-01,2026-10-03T20:24:40.000Z,1480,1,60,60,60,0.9567,0.987,0.3,1,1,RUNNING
F01,DEMO-DEVICE-01,2026-10-03T20:24:41.000Z,1481,1,60,60.3527,60.3527,0.9786,0.9912,0.3,1,1,RUNNING
F01,DEMO-DEVICE-01,2026-10-03T20:24:42.000Z,1482,1,60,60.5706,60.5706,0.9942,0.9959,0.3,1,1,RUNNING
F01,DEMO-DEVICE-01,2026-10-03T20:24:43.000Z,1483,1,60,60.5706,60.5706,0.9991,1.0008,0.3,1,1,RUNNING
F01,DEMO-DEVICE-01,2026-10-03T20:24:44.000Z,1484,1,60,60.3527,60.3527,0.9932,1.0058,0.3,1,1,RUNNING
F01,DEMO-DEVICE-01,2026-10-03T20:24:45.000Z,1485,1,60,60,60,0.98,1.0103,0.3,1,1,RUNNING
F01,DEMO-DEVICE-01,2026-10-03T20:24:46.000Z,1486,1,60,59.6473,59.6473,0.9663,1.0142,0.3,1,1,RUNNING
F01,DEMO-DEVICE-01,2026-10-03T20:24:47.000Z,1487,1,60,59.4294,59.4294,0.9585,1.0173,0.3,1,1,RUNNING
F01,DEMO-DEVICE-01,2026-10-03T20:24:48.000Z,1488,1,60,59.4294,59.4294,0.9604,1.0192,0.3,1,1,RUNNING
F01,DEMO-DEVICE-01,2026-10-03T20:24:49.000Z,1489,1,60,59.6473,59.6473,0.9721,1.02,0.3,1,1,RUNNING
F01,DEMO-DEVICE-01,2026-10-03T20:24:50.000Z,1490,1,60,60,60,0.9892,1.0195,0.3,1,1,RUNNING
F01,DEMO-DEVICE-01,2026-10-03T20:24:51.000Z,1491,1,60,60.3527,60.3527,1.0052,1.0178,0.3,1,1,RUNNING
F01,DEMO-DEVICE-01,2026-10-03T20:24:52.000Z,1492,1,60,60.5706,60.5706,1.0133,1.015,0.3,1,1,RUNNING
F01,DEMO-DEVICE-01,2026-10-03T20:24:53.000Z,1493,1,60,60.5706,60.5706,1.0096,1.0113,0.3,1,1,RUNNING
F01,DEMO-DEVICE-01,2026-10-03T20:24:54.000Z,1494,1,60,60.3527,60.3527,0.9942,1.0068,0.3,1,1,RUNNING
F01,DEMO-DEVICE-01,2026-10-03T20:24:55.000Z,1495,1,60,60,60,0.9717,1.002,0.3,1,1,RUNNING
F01,DEMO-DEVICE-01,2026-10-03T20:24:56.000Z,1496,1,60,59.6473,59.6473,0.9491,0.997,0.3,1,1,RUNNING
F01,DEMO-DEVICE-01,2026-10-03T20:24:57.000Z,1497,1,60,59.4294,59.4294,0.9334,0.9922,0.3,1,1,RUNNING
F01,DEMO-DEVICE-01,2026-10-03T20:24:58.000Z,1498,1,60,59.4294,59.4294,0.9291,0.9879,0.3,1,1,RUNNING
F01,DEMO-DEVICE-01,2026-10-03T20:24:59.000Z,1499,1,60,59.6473,59.6473,0.9364,0.9843,0.3,1,1,RUNNING
F01,DEMO-DEVICE-01,2026-10-03T20:25:00.000Z,1500,1,60,60,60,0.9514,0.9817,0.3,1,1,RUNNING
F01,DEMO-DEVICE-01,2026-10-03T20:25:01.000Z,1501,1,60,60.3527,60.3527,0.9677,0.9803,0.3,1,1,RUNNING
F01,DEMO-DEVICE-01,2026-10-03T20:25:02.000Z,1502,1,60,60.5706,60.5706,0.9784,0.9801,0.3,1,1,RUNNING
F01,DEMO-DEVICE-01,2026-10-03T20:25:03.000Z,1503,1,60,60.5706,60.5706,0.9794,0.9811,0.3,1,1,RUNNING
F01,DEMO-DEVICE-01,2026-10-03T20:25:04.000Z,1504,1,60,60.3527,60.3527,0.9707,0.9833,0.3,1,1,RUNNING
F01,DEMO-DEVICE-01,2026-10-03T20:25:05.000Z,1505,1,60,60,60,0.9562,0.9865,0.3,1,1,RUNNING
F01,DEMO-DEVICE-01,2026-10-03T20:25:06.000Z,1506,1,60,59.6473,59.6473,0.9427,0.9906,0.3,1,1,RUNNING
F01,DEMO-DEVICE-01,2026-10-03T20:25:07.000Z,1507,1,60,59.4294,59.4294,0.9364,0.9952,0.3,1,1,RUNNING
F01,DEMO-DEVICE-01,2026-10-03T20:25:08.000Z,1508,1,60,59.4294,59.4294,0.9414,1.0002,0.3,1,1,RUNNING
F01,DEMO-DEVICE-01,2026-10-03T20:25:09.000Z,1509,1,60,59.6473,59.6473,0.9572,1.0051,0.3,1,1,RUNNING
F01,DEMO-DEVICE-01,2026-10-03T20:25:10.000Z,1510,1,60,60,60,0.9794,1.0097,0.3,1,1,RUNNING
F01,DEMO-DEVICE-01,2026-10-03T20:25:11.000Z,1511,1,60,60.3527,60.3527,1.0012,1.0138,0.3,1,1,RUNNING
F01,DEMO-DEVICE-01,2026-10-03T20:25:12.000Z,1512,1,60,60.5706,60.5706,1.0152,1.0169,0.3,1,1,RUNNING
F01,DEMO-DEVICE-01,2026-10-03T20:25:13.000Z,1513,1,60,60.5706,60.5706,1.0173,1.019,0.3,1,1,RUNNING
F01,DEMO-DEVICE-01,2026-10-03T20:25:14.000Z,1514,1,60,60.3527,60.3527,1.0074,1.02,0.3,1,1,RUNNING
F01,DEMO-DEVICE-01,2026-10-03T20:25:15.000Z,1515,1,60,60,60,0.9893,1.0196,0.3,1,1,RUNNING
F01,DEMO-DEVICE-01,2026-10-03T20:25:16.000Z,1516,1,60,59.6473,59.6473,0.9702,1.0181,0.3,1,1,RUNNING
F01,DEMO-DEVICE-01,2026-10-03T20:25:17.000Z,1517,1,60,59.4294,59.4294,0.9566,1.0154,0.3,1,1,RUNNING
F01,DEMO-DEVICE-01,2026-10-03T20:25:18.000Z,1518,1,60,59.4294,59.4294,0.953,1.0118,0.3,1,1,RUNNING
F01,DEMO-DEVICE-01,2026-10-03T20:25:19.000Z,1519,1,60,59.6473,59.6473,0.9596,1.0075,0.3,1,1,RUNNING
F01,DEMO-DEVICE-01,2026-10-03T20:25:20.000Z,1520,1,60,60,60,0.9723,1.0026,0.3,1,1,RUNNING
F01,DEMO-DEVICE-01,2026-10-03T20:25:21.000Z,1521,1,60,60.3527,60.3527,0.9851,0.9977,0.3,1,1,RUNNING
F01,DEMO-DEVICE-01,2026-10-03T20:25:22.000Z,1522,1,60,60.5706,60.5706,0.9911,0.9928,0.3,1,1,RUNNING
F01,DEMO-DEVICE-01,2026-10-03T20:25:23.000Z,1523,1,60,60.5706,60.5706,0.9867,0.9884,0.3,1,1,RUNNING
F01,DEMO-DEVICE-01,2026-10-03T20:25:24.000Z,1524,1,60,60.3527,60.3527,0.9721,0.9847,0.3,1,1,RUNNING
F01,DEMO-DEVICE-01,2026-10-03T20:25:25.000Z,1525,1,60,60,60,0.9517,0.982,0.3,1,1,RUNNING
F01,DEMO-DEVICE-01,2026-10-03T20:25:26.000Z,1526,1,60,59.6473,59.6473,0.9325,0.9804,0.3,1,1,RUNNING
F01,DEMO-DEVICE-01,2026-10-03T20:25:27.000Z,1527,1,60,59.4294,59.4294,0.9212,0.98,0.3,1,1,RUNNING
F01,DEMO-DEVICE-01,2026-10-03T20:25:28.000Z,1528,1,60,59.4294,59.4294,0.9221,0.9809,0.3,1,1,RUNNING
F01,DEMO-DEVICE-01,2026-10-03T20:25:29.000Z,1529,1,60,59.6473,59.6473,0.935,0.9829,0.3,1,1,RUNNING
F01,DEMO-DEVICE-01,2026-10-03T20:25:30.000Z,1530,1,60,60,60,0.9557,0.986,0.3,1,1,RUNNING
F01,DEMO-DEVICE-01,2026-10-03T20:25:31.000Z,1531,1,60,60.3527,60.3527,0.9774,0.99,0.3,1,1,RUNNING
F01,DEMO-DEVICE-01,2026-10-03T20:25:32.000Z,1532,1,60,60.5706,60.5706,0.9929,0.9946,0.3,1,1,RUNNING
F01,DEMO-DEVICE-01,2026-10-03T20:25:33.000Z,1533,1,60,60.5706,60.5706,0.9978,0.9995,0.3,1,1,RUNNING
F01,DEMO-DEVICE-01,2026-10-03T20:25:34.000Z,1534,1,60,60.3527,60.3527,0.9919,1.0045,0.3,1,1,RUNNING
F01,DEMO-DEVICE-01,2026-10-03T20:25:35.000Z,1535,1,60,60,60,0.9789,1.0092,0.3,1,1,RUNNING
F01,DEMO-DEVICE-01,2026-10-03T20:25:36.000Z,1536,1,60,59.6473,59.6473,0.9654,1.0133,0.3,1,1,RUNNING
F01,DEMO-DEVICE-01,2026-10-03T20:25:37.000Z,1537,1,60,59.4294,59.4294,0.9578,1.0166,0.3,1,1,RUNNING
F01,DEMO-DEVICE-01,2026-10-03T20:25:38.000Z,1538,1,60,59.4294,59.4294,0.96,1.0188,0.3,1,1,RUNNING
F01,DEMO-DEVICE-01,2026-10-03T20:25:39.000Z,1539,1,60,59.6473,59.6473,0.972,1.0199,0.3,1,1,RUNNING
F01,DEMO-DEVICE-01,2026-10-03T20:25:40.000Z,1540,1,60,60,60,0.9895,1.0198,0.3,1,1,RUNNING
F01,DEMO-DEVICE-01,2026-10-03T20:25:41.000Z,1541,1,60,60.3527,60.3527,1.0058,1.0184,0.3,1,1,RUNNING
F01,DEMO-DEVICE-01,2026-10-03T20:25:42.000Z,1542,1,60,60.5706,60.5706,1.0142,1.0159,0.3,1,1,RUNNING
F01,DEMO-DEVICE-01,2026-10-03T20:25:43.000Z,1543,1,60,60.5706,60.5706,1.0107,1.0124,0.3,1,1,RUNNING
F01,DEMO-DEVICE-01,2026-10-03T20:25:44.000Z,1544,1,60,60.3527,60.3527,0.9955,1.0081,0.3,1,1,RUNNING
F01,DEMO-DEVICE-01,2026-10-03T20:25:45.000Z,1545,1,60,60,60,0.973,1.0033,0.3,1,1,RUNNING
F01,DEMO-DEVICE-01,2026-10-03T20:25:46.000Z,1546,1,60,59.6473,59.6473,0.9504,0.9983,0.3,1,1,RUNNING
F01,DEMO-DEVICE-01,2026-10-03T20:25:47.000Z,1547,1,60,59.4294,59.4294,0.9346,0.9934,0.3,1,1,RUNNING
F01,DEMO-DEVICE-01,2026-10-03T20:25:48.000Z,1548,1,60,59.4294,59.4294,0.9302,0.989,0.3,1,1,RUNNING
F01,DEMO-DEVICE-01,2026-10-03T20:25:49.000Z,1549,1,60,59.6473,59.6473,0.9373,0.9852,0.3,1,1,RUNNING
F01,DEMO-DEVICE-01,2026-10-03T20:25:50.000Z,1550,1,60,60,60,0.952,0.9823,0.3,1,1,RUNNING
F01,DEMO-DEVICE-01,2026-10-03T20:25:51.000Z,1551,1,60,60.3527,60.3527,0.968,0.9806,0.3,1,1,RUNNING
F01,DEMO-DEVICE-01,2026-10-03T20:25:52.000Z,1552,1,60,60.5706,60.5706,0.9783,0.98,0.3,1,1,RUNNING
F01,DEMO-DEVICE-01,2026-10-03T20:25:53.000Z,1553,1,60,60.5706,60.5706,0.979,0.9807,0.3,1,1,RUNNING
F01,DEMO-DEVICE-01,2026-10-03T20:25:54.000Z,1554,1,60,60.3527,60.3527,0.97,0.9826,0.3,1,1,RUNNING
F01,DEMO-DEVICE-01,2026-10-03T20:25:55.000Z,1555,1,60,60,60,0.9552,0.9855,0.3,1,1,RUNNING
F01,DEMO-DEVICE-01,2026-10-03T20:25:56.000Z,1556,1,60,59.6473,59.6473,0.9415,0.9894,0.3,1,1,RUNNING
F01,DEMO-DEVICE-01,2026-10-03T20:25:57.000Z,1557,1,60,59.4294,59.4294,0.9351,0.9939,0.3,1,1,RUNNING
F01,DEMO-DEVICE-01,2026-10-03T20:25:58.000Z,1558,1,60,59.4294,59.4294,0.9401,0.9989,0.3,1,1,RUNNING
F01,DEMO-DEVICE-01,2026-10-03T20:25:59.000Z,1559,1,60,59.6473,59.6473,0.9559,1.0038,0.3,1,1,RUNNING
F01,DEMO-DEVICE-01,2026-10-03T20:26:00.000Z,1560,1,60,60,60,0.9783,1.0086,0.3,1,1,RUNNING
F01,DEMO-DEVICE-01,2026-10-03T20:26:01.000Z,1561,1,60,60.3527,60.3527,1.0002,1.0128,0.3,1,1,RUNNING
F01,DEMO-DEVICE-01,2026-10-03T20:26:02.000Z,1562,1,60,60.5706,60.5706,1.0145,1.0162,0.3,1,1,RUNNING
F01,DEMO-DEVICE-01,2026-10-03T20:26:03.000Z,1563,1,60,60.5706,60.5706,1.0169,1.0186,0.3,1,1,RUNNING
F01,DEMO-DEVICE-01,2026-10-03T20:26:04.000Z,1564,1,60,60.3527,60.3527,1.0072,1.0198,0.3,1,1,RUNNING
F01,DEMO-DEVICE-01,2026-10-03T20:26:05.000Z,1565,1,60,60,60,0.9896,1.0199,0.3,1,1,RUNNING
F01,DEMO-DEVICE-01,2026-10-03T20:26:06.000Z,1566,1,60,59.6473,59.6473,0.9707,1.0186,0.3,1,1,RUNNING
F01,DEMO-DEVICE-01,2026-10-03T20:26:07.000Z,1567,1,60,59.4294,59.4294,0.9575,1.0163,0.3,1,1,RUNNING
F01,DEMO-DEVICE-01,2026-10-03T20:26:08.000Z,1568,1,60,59.4294,59.4294,0.9541,1.0129,0.3,1,1,RUNNING
F01,DEMO-DEVICE-01,2026-10-03T20:26:09.000Z,1569,1,60,59.6473,59.6473,0.9608,1.0087,0.3,1,1,RUNNING
F01,DEMO-DEVICE-01,2026-10-03T20:26:10.000Z,1570,1,60,60,60,0.9737,1.004,0.3,1,1,RUNNING
F01,DEMO-DEVICE-01,2026-10-03T20:26:11.000Z,1571,1,60,60.3527,60.3527,0.9864,0.999,0.3,1,1,RUNNING
F01,DEMO-DEVICE-01,2026-10-03T20:26:12.000Z,1572,1,60,60.5706,60.5706,0.9924,0.9941,0.3,1,1,RUNNING
F01,DEMO-DEVICE-01,2026-10-03T20:26:13.000Z,1573,1,60,60.5706,60.5706,0.9878,0.9895,0.3,1,1,RUNNING
F01,DEMO-DEVICE-01,2026-10-03T20:26:14.000Z,1574,1,60,60.3527,60.3527,0.973,0.9856,0.3,1,1,RUNNING
F01,DEMO-DEVICE-01,2026-10-03T20:26:15.000Z,1575,1,60,60,60,0.9523,0.9826,0.3,1,1,RUNNING
F01,DEMO-DEVICE-01,2026-10-03T20:26:16.000Z,1576,1,60,59.6473,59.6473,0.9328,0.9807,0.3,1,1,RUNNING
F01,DEMO-DEVICE-01,2026-10-03T20:26:17.000Z,1577,1,60,59.4294,59.4294,0.9212,0.98,0.3,1,1,RUNNING
F01,DEMO-DEVICE-01,2026-10-03T20:26:18.000Z,1578,1,60,59.4294,59.4294,0.9217,0.9805,0.3,1,1,RUNNING
F01,DEMO-DEVICE-01,2026-10-03T20:26:19.000Z,1579,1,60,59.6473,59.6473,0.9344,0.9823,0.3,1,1,RUNNING
F01,DEMO-DEVICE-01,2026-10-03T20:26:20.000Z,1580,1,60,60,60,0.9548,0.9851,0.3,1,1,RUNNING
F01,DEMO-DEVICE-01,2026-10-03T20:26:21.000Z,1581,1,60,60.3527,60.3527,0.9763,0.9889,0.3,1,1,RUNNING
F01,DEMO-DEVICE-01,2026-10-03T20:26:22.000Z,1582,1,60,60.5706,60.5706,0.9916,0.9933,0.3,1,1,RUNNING
F01,DEMO-DEVICE-01,2026-10-03T20:26:23.000Z,1583,1,60,60.5706,60.5706,0.9965,0.9982,0.3,1,1,RUNNING
F01,DEMO-DEVICE-01,2026-10-03T20:26:24.000Z,1584,1,60,60.3527,60.3527,0.9906,1.0032,0.3,1,1,RUNNING
F01,DEMO-DEVICE-01,2026-10-03T20:26:25.000Z,1585,1,60,60,60,0.9777,1.008,0.3,1,1,RUNNING
F01,DEMO-DEVICE-01,2026-10-03T20:26:26.000Z,1586,1,60,59.6473,59.6473,0.9644,1.0123,0.3,1,1,RUNNING
F01,DEMO-DEVICE-01,2026-10-03T20:26:27.000Z,1587,1,60,59.4294,59.4294,0.957,1.0158,0.3,1,1,RUNNING
F01,DEMO-DEVICE-01,2026-10-03T20:26:28.000Z,1588,1,60,59.4294,59.4294,0.9595,1.0183,0.3,1,1,RUNNING
F01,DEMO-DEVICE-01,2026-10-03T20:26:29.000Z,1589,1,60,59.6473,59.6473,0.9718,1.0197,0.3,1,1,RUNNING
F01,DEMO-DEVICE-01,2026-10-03T20:26:30.000Z,1590,1,60,60,60,0.9896,1.0199,0.3,1,1,RUNNING
F01,DEMO-DEVICE-01,2026-10-03T20:26:31.000Z,1591,1,60,60.3527,60.3527,1.0063,1.0189,0.3,1,1,RUNNING
F01,DEMO-DEVICE-01,2026-10-03T20:26:32.000Z,1592,1,60,60.5706,60.5706,1.0149,1.0166,0.3,1,1,RUNNING
F01,DEMO-DEVICE-01,2026-10-03T20:26:33.000Z,1593,1,60,60.5706,60.5706,1.0117,1.0134,0.3,1,1,RUNNING
F01,DEMO-DEVICE-01,2026-10-03T20:26:34.000Z,1594,1,60,60.3527,60.3527,0.9967,1.0093,0.3,1,1,RUNNING
F01,DEMO-DEVICE-01,2026-10-03T20:26:35.000Z,1595,1,60,60,60,0.9743,1.0046,0.3,1,1,RUNNING
F01,DEMO-DEVICE-01,2026-10-03T20:26:36.000Z,1596,1,60,59.6473,59.6473,0.9517,0.9996,0.3,1,1,RUNNING
F01,DEMO-DEVICE-01,2026-10-03T20:26:37.000Z,1597,1,60,59.4294,59.4294,0.9359,0.9947,0.3,1,1,RUNNING
F01,DEMO-DEVICE-01,2026-10-03T20:26:38.000Z,1598,1,60,59.4294,59.4294,0.9313,0.9901,0.3,1,1,RUNNING
F01,DEMO-DEVICE-01,2026-10-03T20:26:39.000Z,1599,1,60,59.6473,59.6473,0.9382,0.9861,0.3,1,1,RUNNING
F01,DEMO-DEVICE-01,2026-10-03T20:26:40.000Z,1600,1,60,60,60,0.9527,0.983,0.3,1,1,RUNNING
F01,DEMO-DEVICE-01,2026-10-03T20:26:41.000Z,1601,1,60,60.3527,60.3527,0.9683,0.9809,0.3,1,1,RUNNING
F01,DEMO-DEVICE-01,2026-10-03T20:26:42.000Z,1602,1,60,60.5706,60.5706,0.9783,0.98,0.3,1,1,RUNNING
F01,DEMO-DEVICE-01,2026-10-03T20:26:43.000Z,1603,1,60,60.5706,60.5706,0.9787,0.9804,0.3,1,1,RUNNING
F01,DEMO-DEVICE-01,2026-10-03T20:26:44.000Z,1604,1,60,60.3527,60.3527,0.9694,0.982,0.3,1,1,RUNNING
F01,DEMO-DEVICE-01,2026-10-03T20:26:45.000Z,1605,1,60,60,60,0.9544,0.9847,0.3,1,1,RUNNING
F01,DEMO-DEVICE-01,2026-10-03T20:26:46.000Z,1606,1,60,59.6473,59.6473,0.9404,0.9883,0.3,1,1,RUNNING
F01,DEMO-DEVICE-01,2026-10-03T20:26:47.000Z,1607,1,60,59.4294,59.4294,0.9339,0.9927,0.3,1,1,RUNNING
F01,DEMO-DEVICE-01,2026-10-03T20:26:48.000Z,1608,1,60,59.4294,59.4294,0.9387,0.9975,0.3,1,1,RUNNING
F01,DEMO-DEVICE-01,2026-10-03T20:26:49.000Z,1609,1,60,59.6473,59.6473,0.9546,1.0025,0.3,1,1,RUNNING
F01,DEMO-DEVICE-01,2026-10-03T20:26:50.000Z,1610,1,60,60,60,0.977,1.0073,0.3,1,1,RUNNING
F01,DEMO-DEVICE-01,2026-10-03T20:26:51.000Z,1611,1,60,60.3527,60.3527,0.9991,1.0117,0.3,1,1,RUNNING
F01,DEMO-DEVICE-01,2026-10-03T20:26:52.000Z,1612,1,60,60.5706,60.5706,1.0137,1.0154,0.3,1,1,RUNNING
F01,DEMO-DEVICE-01,2026-10-03T20:26:53.000Z,1613,1,60,60.5706,60.5706,1.0164,1.0181,0.3,1,1,RUNNING
F01,DEMO-DEVICE-01,2026-10-03T20:26:54.000Z,1614,1,60,60.3527,60.3527,1.007,1.0196,0.3,1,1,RUNNING
F01,DEMO-DEVICE-01,2026-10-03T20:26:55.000Z,1615,1,60,60,60,0.9897,1.02,0.3,1,1,RUNNING
F01,DEMO-DEVICE-01,2026-10-03T20:26:56.000Z,1616,1,60,59.6473,59.6473,0.9712,1.0191,0.3,1,1,RUNNING
F01,DEMO-DEVICE-01,2026-10-03T20:26:57.000Z,1617,1,60,59.4294,59.4294,0.9582,1.017,0.3,1,1,RUNNING
F01,DEMO-DEVICE-01,2026-10-03T20:26:58.000Z,1618,1,60,59.4294,59.4294,0.9551,1.0139,0.3,1,1,RUNNING
F01,DEMO-DEVICE-01,2026-10-03T20:26:59.000Z,1619,1,60,59.6473,59.6473,0.962,1.0099,0.3,1,1,RUNNING
F01,DEMO-DEVICE-01,2026-10-03T20:27:00.000Z,1620,1,60,60,60,0.9749,1.0052,0.3,1,1,RUNNING
F01,DEMO-DEVICE-01,2026-10-03T20:27:01.000Z,1621,1,60,60.3527,60.3527,0.9877,1.0003,0.3,1,1,RUNNING
F01,DEMO-DEVICE-01,2026-10-03T20:27:02.000Z,1622,1,60,60.5706,60.5706,0.9937,0.9954,0.3,1,1,RUNNING
F01,DEMO-DEVICE-01,2026-10-03T20:27:03.000Z,1623,1,60,60.5706,60.5706,0.989,0.9907,0.3,1,1,RUNNING
F01,DEMO-DEVICE-01,2026-10-03T20:27:04.000Z,1624,1,60,60.3527,60.3527,0.974,0.9866,0.3,1,1,RUNNING
F01,DEMO-DEVICE-01,2026-10-03T20:27:05.000Z,1625,1,60,60,60,0.953,0.9833,0.3,1,1,RUNNING
F01,DEMO-DEVICE-01,2026-10-03T20:27:06.000Z,1626,1,60,59.6473,59.6473,0.9332,0.9811,0.3,1,1,RUNNING
F01,DEMO-DEVICE-01,2026-10-03T20:27:07.000Z,1627,1,60,59.4294,59.4294,0.9213,0.9801,0.3,1,1,RUNNING
F01,DEMO-DEVICE-01,2026-10-03T20:27:08.000Z,1628,1,60,59.4294,59.4294,0.9215,0.9803,0.3,1,1,RUNNING
F01,DEMO-DEVICE-01,2026-10-03T20:27:09.000Z,1629,1,60,59.6473,59.6473,0.9338,0.9817,0.3,1,1,RUNNING
F01,DEMO-DEVICE-01,2026-10-03T20:27:10.000Z,1630,1,60,60,60,0.9539,0.9842,0.3,1,1,RUNNING
F01,DEMO-DEVICE-01,2026-10-03T20:27:11.000Z,1631,1,60,60.3527,60.3527,0.9752,0.9878,0.3,1,1,RUNNING
F01,DEMO-DEVICE-01,2026-10-03T20:27:12.000Z,1632,1,60,60.5706,60.5706,0.9904,0.9921,0.3,1,1,RUNNING
F01,DEMO-DEVICE-01,2026-10-03T20:27:13.000Z,1633,1,60,60.5706,60.5706,0.9952,0.9969,0.3,1,1,RUNNING
F01,DEMO-DEVICE-01,2026-10-03T20:27:14.000Z,1634,1,60,60.3527,60.3527,0.9893,1.0019,0.3,1,1,RUNNING
F01,DEMO-DEVICE-01,2026-10-03T20:27:15.000Z,1635,1,60,60,60,0.9764,1.0067,0.3,1,1,RUNNING
F01,DEMO-DEVICE-01,2026-10-03T20:27:16.000Z,1636,1,60,59.6473,59.6473,0.9633,1.0112,0.3,1,1,RUNNING
F01,DEMO-DEVICE-01,2026-10-03T20:27:17.000Z,1637,1,60,59.4294,59.4294,0.9561,1.0149,0.3,1,1,RUNNING
F01,DEMO-DEVICE-01,2026-10-03T20:27:18.000Z,1638,1,60,59.4294,59.4294,0.959,1.0178,0.3,1,1,RUNNING
F01,DEMO-DEVICE-01,2026-10-03T20:27:19.000Z,1639,1,60,59.6473,59.6473,0.9716,1.0195,0.3,1,1,RUNNING
F01,DEMO-DEVICE-01,2026-10-03T20:27:20.000Z,1640,1,60,60,60,0.9897,1.02,0.3,1,1,RUNNING
F01,DEMO-DEVICE-01,2026-10-03T20:27:21.000Z,1641,1,60,60.3527,60.3527,1.0067,1.0193,0.3,1,1,RUNNING
F01,DEMO-DEVICE-01,2026-10-03T20:27:22.000Z,1642,1,60,60.5706,60.5706,1.0156,1.0173,0.3,1,1,RUNNING
F01,DEMO-DEVICE-01,2026-10-03T20:27:23.000Z,1643,1,60,60.5706,60.5706,1.0126,1.0143,0.3,1,1,RUNNING
F01,DEMO-DEVICE-01,2026-10-03T20:27:24.000Z,1644,1,60,60.3527,60.3527,0.9978,1.0104,0.3,1,1,RUNNING
F01,DEMO-DEVICE-01,2026-10-03T20:27:25.000Z,1645,1,60,60,60,0.9756,1.0059,0.3,1,1,RUNNING
F01,DEMO-DEVICE-01,2026-10-03T20:27:26.000Z,1646,1,60,59.6473,59.6473,0.9531,1.001,0.3,1,1,RUNNING
F01,DEMO-DEVICE-01,2026-10-03T20:27:27.000Z,1647,1,60,59.4294,59.4294,0.9372,0.996,0.3,1,1,RUNNING
F01,DEMO-DEVICE-01,2026-10-03T20:27:28.000Z,1648,1,60,59.4294,59.4294,0.9325,0.9913,0.3,1,1,RUNNING
F01,DEMO-DEVICE-01,2026-10-03T20:27:29.000Z,1649,1,60,59.6473,59.6473,0.9392,0.9871,0.3,1,1,RUNNING
F01,DEMO-DEVICE-01,2026-10-03T20:27:30.000Z,1650,1,60,60,60,0.9534,0.9837,0.3,1,1,RUNNING
F01,DEMO-DEVICE-01,2026-10-03T20:27:31.000Z,1651,1,60,60.3527,60.3527,0.9687,0.9813,0.3,1,1,RUNNING
F01,DEMO-DEVICE-01,2026-10-03T20:27:32.000Z,1652,1,60,60.5706,60.5706,0.9784,0.9801,0.3,1,1,RUNNING
F01,DEMO-DEVICE-01,2026-10-03T20:27:33.000Z,1653,1,60,60.5706,60.5706,0.9785,0.9802,0.3,1,1,RUNNING
F01,DEMO-DEVICE-01,2026-10-03T20:27:34.000Z,1654,1,60,60.3527,60.3527,0.9688,0.9814,0.3,1,1,RUNNING
F01,DEMO-DEVICE-01,2026-10-03T20:27:35.000Z,1655,1,60,60,60,0.9535,0.9838,0.3,1,1,RUNNING
F01,DEMO-DEVICE-01,2026-10-03T20:27:36.000Z,1656,1,60,59.6473,59.6473,0.9394,0.9873,0.3,1,1,RUNNING
F01,DEMO-DEVICE-01,2026-10-03T20:27:37.000Z,1657,1,60,59.4294,59.4294,0.9327,0.9915,0.3,1,1,RUNNING
F01,DEMO-DEVICE-01,2026-10-03T20:27:38.000Z,1658,1,60,59.4294,59.4294,0.9374,0.9962,0.3,1,1,RUNNING
F01,DEMO-DEVICE-01,2026-10-03T20:27:39.000Z,1659,1,60,59.6473,59.6473,0.9533,1.0012,0.3,1,1,RUNNING
F01,DEMO-DEVICE-01,2026-10-03T20:27:40.000Z,1660,1,60,60,60,0.9758,1.0061,0.3,1,1,RUNNING
F01,DEMO-DEVICE-01,2026-10-03T20:27:41.000Z,1661,1,60,60.3527,60.3527,0.998,1.0106,0.3,1,1,RUNNING
F01,DEMO-DEVICE-01,2026-10-03T20:27:42.000Z,1662,1,60,60.5706,60.5706,1.0128,1.0145,0.3,1,1,RUNNING
F01,DEMO-DEVICE-01,2026-10-03T20:27:43.000Z,1663,1,60,60.5706,60.5706,1.0157,1.0174,0.3,1,1,RUNNING
F01,DEMO-DEVICE-01,2026-10-03T20:27:44.000Z,1664,1,60,60.3527,60.3527,1.0067,1.0193,0.3,1,1,RUNNING
F01,DEMO-DEVICE-01,2026-10-03T20:27:45.000Z,1665,1,60,60,60,0.9897,1.02,0.3,1,1,RUNNING
F01,DEMO-DEVICE-01,2026-10-03T20:27:46.000Z,1666,1,60,59.6473,59.6473,0.9715,1.0194,0.3,1,1,RUNNING
F01,DEMO-DEVICE-01,2026-10-03T20:27:47.000Z,1667,1,60,59.4294,59.4294,0.9589,1.0177,0.3,1,1,RUNNING
F01,DEMO-DEVICE-01,2026-10-03T20:27:48.000Z,1668,1,60,59.4294,59.4294,0.956,1.0148,0.3,1,1,RUNNING
F01,DEMO-DEVICE-01,2026-10-03T20:27:49.000Z,1669,1,60,59.6473,59.6473,0.9631,1.011,0.3,1,1,RUNNING
F01,DEMO-DEVICE-01,2026-10-03T20:27:50.000Z,1670,1,60,60,60,0.9762,1.0065,0.3,1,1,RUNNING
F01,DEMO-DEVICE-01,2026-10-03T20:27:51.000Z,1671,1,60,60.3527,60.3527,0.989,1.0016,0.3,1,1,RUNNING
F01,DEMO-DEVICE-01,2026-10-03T20:27:52.000Z,1672,1,60,60.5706,60.5706,0.995,0.9967,0.3,1,1,RUNNING
F01,DEMO-DEVICE-01,2026-10-03T20:27:53.000Z,1673,1,60,60.5706,60.5706,0.9902,0.9919,0.3,1,1,RUNNING
F01,DEMO-DEVICE-01,2026-10-03T20:27:54.000Z,1674,1,60,60.3527,60.3527,0.975,0.9876,0.3,1,1,RUNNING
F01,DEMO-DEVICE-01,2026-10-03T20:27:55.000Z,1675,1,60,60,60,0.9538,0.9841,0.3,1,1,RUNNING
F01,DEMO-DEVICE-01,2026-10-03T20:27:56.000Z,1676,1,60,59.6473,59.6473,0.9337,0.9816,0.3,1,1,RUNNING
F01,DEMO-DEVICE-01,2026-10-03T20:27:57.000Z,1677,1,60,59.4294,59.4294,0.9214,0.9802,0.3,1,1,RUNNING
F01,DEMO-DEVICE-01,2026-10-03T20:27:58.000Z,1678,1,60,59.4294,59.4294,0.9213,0.9801,0.3,1,1,RUNNING
F01,DEMO-DEVICE-01,2026-10-03T20:27:59.000Z,1679,1,60,59.6473,59.6473,0.9333,0.9812,0.3,1,1,RUNNING
F01,DEMO-DEVICE-01,2026-10-03T20:28:00.000Z,1680,1,60,60,60,0.9532,0.9835,0.3,1,1,RUNNING
F01,DEMO-DEVICE-01,2026-10-03T20:28:01.000Z,1681,1,60,60.3527,60.3527,0.9742,0.9868,0.3,1,1,RUNNING
F01,DEMO-DEVICE-01,2026-10-03T20:28:02.000Z,1682,1,60,60.5706,60.5706,0.9892,0.9909,0.3,1,1,RUNNING
F01,DEMO-DEVICE-01,2026-10-03T20:28:03.000Z,1683,1,60,60.5706,60.5706,0.9939,0.9956,0.3,1,1,RUNNING
F01,DEMO-DEVICE-01,2026-10-03T20:28:04.000Z,1684,1,60,60.3527,60.3527,0.9879,1.0005,0.3,1,1,RUNNING
F01,DEMO-DEVICE-01,2026-10-03T20:28:05.000Z,1685,1,60,60,60,0.9752,1.0055,0.3,1,1,RUNNING
F01,DEMO-DEVICE-01,2026-10-03T20:28:06.000Z,1686,1,60,59.6473,59.6473,0.9622,1.0101,0.3,1,1,RUNNING
F01,DEMO-DEVICE-01,2026-10-03T20:28:07.000Z,1687,1,60,59.4294,59.4294,0.9552,1.014,0.3,1,1,RUNNING
F01,DEMO-DEVICE-01,2026-10-03T20:28:08.000Z,1688,1,60,59.4294,59.4294,0.9583,1.0171,0.3,1,1,RUNNING
F01,DEMO-DEVICE-01,2026-10-03T20:28:09.000Z,1689,1,60,59.6473,59.6473,0.9712,1.0191,0.3,1,1,RUNNING
F01,DEMO-DEVICE-01,2026-10-03T20:28:10.000Z,1690,1,60,60,60,0.9897,1.02,0.3,1,1,RUNNING
F01,DEMO-DEVICE-01,2026-10-03T20:28:11.000Z,1691,1,60,60.3527,60.3527,1.007,1.0196,0.3,1,1,RUNNING
F01,DEMO-DEVICE-01,2026-10-03T20:28:12.000Z,1692,1,60,60.5706,60.5706,1.0163,1.018,0.3,1,1,RUNNING
F01,DEMO-DEVICE-01,2026-10-03T20:28:13.000Z,1693,1,60,60.5706,60.5706,1.0135,1.0152,0.3,1,1,RUNNING
F01,DEMO-DEVICE-01,2026-10-03T20:28:14.000Z,1694,1,60,60.3527,60.3527,0.9989,1.0115,0.3,1,1,RUNNING
F01,DEMO-DEVICE-01,2026-10-03T20:28:15.000Z,1695,1,60,60,60,0.9768,1.0071,0.3,1,1,RUNNING
F01,DEMO-DEVICE-01,2026-10-03T20:28:16.000Z,1696,1,60,59.6473,59.6473,0.9544,1.0023,0.3,1,1,RUNNING
F01,DEMO-DEVICE-01,2026-10-03T20:28:17.000Z,1697,1,60,59.4294,59.4294,0.9385,0.9973,0.3,1,1,RUNNING
F01,DEMO-DEVICE-01,2026-10-03T20:28:18.000Z,1698,1,60,59.4294,59.4294,0.9337,0.9925,0.3,1,1,RUNNING
F01,DEMO-DEVICE-01,2026-10-03T20:28:19.000Z,1699,1,60,59.6473,59.6473,0.9402,0.9881,0.3,1,1,RUNNING
F01,DEMO-DEVICE-01,2026-10-03T20:28:20.000Z,1700,1,60,60,60,0.9542,0.9845,0.3,1,1,RUNNING
F01,DEMO-DEVICE-01,2026-10-03T20:28:21.000Z,1701,1,60,60.3527,60.3527,0.9693,0.9819,0.3,1,1,RUNNING
F01,DEMO-DEVICE-01,2026-10-03T20:28:22.000Z,1702,1,60,60.5706,60.5706,0.9786,0.9803,0.3,1,1,RUNNING
F01,DEMO-DEVICE-01,2026-10-03T20:28:23.000Z,1703,1,60,60.5706,60.5706,0.9783,0.98,0.3,1,1,RUNNING
F01,DEMO-DEVICE-01,2026-10-03T20:28:24.000Z,1704,1,60,60.3527,60.3527,0.9684,0.981,0.3,1,1,RUNNING
F01,DEMO-DEVICE-01,2026-10-03T20:28:25.000Z,1705,1,60,60,60,0.9528,0.9831,0.3,1,1,RUNNING
F01,DEMO-DEVICE-01,2026-10-03T20:28:26.000Z,1706,1,60,59.6473,59.6473,0.9384,0.9863,0.3,1,1,RUNNING
F01,DEMO-DEVICE-01,2026-10-03T20:28:27.000Z,1707,1,60,59.4294,59.4294,0.9315,0.9903,0.3,1,1,RUNNING
F01,DEMO-DEVICE-01,2026-10-03T20:28:28.000Z,1708,1,60,59.4294,59.4294,0.9361,0.9949,0.3,1,1,RUNNING
F01,DEMO-DEVICE-01,2026-10-03T20:28:29.000Z,1709,1,60,59.6473,59.6473,0.952,0.9999,0.3,1,1,RUNNING
F01,DEMO-DEVICE-01,2026-10-03T20:28:30.000Z,1710,1,60,60,60,0.9745,1.0048,0.3,1,1,RUNNING
F01,DEMO-DEVICE-01,2026-10-03T20:28:31.000Z,1711,1,60,60.3527,60.3527,0.9969,1.0095,0.3,1,1,RUNNING
F01,DEMO-DEVICE-01,2026-10-03T20:28:32.000Z,1712,1,60,60.5706,60.5706,1.0118,1.0135,0.3,1,1,RUNNING
F01,DEMO-DEVICE-01,2026-10-03T20:28:33.000Z,1713,1,60,60.5706,60.5706,1.0151,1.0168,0.3,1,1,RUNNING
F01,DEMO-DEVICE-01,2026-10-03T20:28:34.000Z,1714,1,60,60.3527,60.3527,1.0063,1.0189,0.3,1,1,RUNNING
F01,DEMO-DEVICE-01,2026-10-03T20:28:35.000Z,1715,1,60,60,60,0.9896,1.0199,0.3,1,1,RUNNING
F01,DEMO-DEVICE-01,2026-10-03T20:28:36.000Z,1716,1,60,59.6473,59.6473,0.9718,1.0197,0.3,1,1,RUNNING
F01,DEMO-DEVICE-01,2026-10-03T20:28:37.000Z,1717,1,60,59.4294,59.4294,0.9594,1.0182,0.3,1,1,RUNNING
F01,DEMO-DEVICE-01,2026-10-03T20:28:38.000Z,1718,1,60,59.4294,59.4294,0.9568,1.0156,0.3,1,1,RUNNING
F01,DEMO-DEVICE-01,2026-10-03T20:28:39.000Z,1719,1,60,59.6473,59.6473,0.9642,1.0121,0.3,1,1,RUNNING
F01,DEMO-DEVICE-01,2026-10-03T20:28:40.000Z,1720,1,60,60,60,0.9775,1.0078,0.3,1,1,RUNNING
F01,DEMO-DEVICE-01,2026-10-03T20:28:41.000Z,1721,1,60,60.3527,60.3527,0.9904,1.003,0.3,1,1,RUNNING
F01,DEMO-DEVICE-01,2026-10-03T20:28:42.000Z,1722,1,60,60.5706,60.5706,0.9963,0.998,0.3,1,1,RUNNING
F01,DEMO-DEVICE-01,2026-10-03T20:28:43.000Z,1723,1,60,60.5706,60.5706,0.9914,0.9931,0.3,1,1,RUNNING
F01,DEMO-DEVICE-01,2026-10-03T20:28:44.000Z,1724,1,60,60.3527,60.3527,0.9761,0.9887,0.3,1,1,RUNNING
F01,DEMO-DEVICE-01,2026-10-03T20:28:45.000Z,1725,1,60,60,60,0.9547,0.985,0.3,1,1,RUNNING
F01,DEMO-DEVICE-01,2026-10-03T20:28:46.000Z,1726,1,60,59.6473,59.6473,0.9343,0.9822,0.3,1,1,RUNNING
F01,DEMO-DEVICE-01,2026-10-03T20:28:47.000Z,1727,1,60,59.4294,59.4294,0.9217,0.9805,0.3,1,1,RUNNING
F01,DEMO-DEVICE-01,2026-10-03T20:28:48.000Z,1728,1,60,59.4294,59.4294,0.9212,0.98,0.3,1,1,RUNNING
F01,DEMO-DEVICE-01,2026-10-03T20:28:49.000Z,1729,1,60,59.6473,59.6473,0.9329,0.9808,0.3,1,1,RUNNING
F01,DEMO-DEVICE-01,2026-10-03T20:28:50.000Z,1730,1,60,60,60,0.9525,0.9828,0.3,1,1,RUNNING
F01,DEMO-DEVICE-01,2026-10-03T20:28:51.000Z,1731,1,60,60.3527,60.3527,0.9732,0.9858,0.3,1,1,RUNNING
F01,DEMO-DEVICE-01,2026-10-03T20:28:52.000Z,1732,1,60,60.5706,60.5706,0.988,0.9897,0.3,1,1,RUNNING
F01,DEMO-DEVICE-01,2026-10-03T20:28:53.000Z,1733,1,60,60.5706,60.5706,0.9926,0.9943,0.3,1,1,RUNNING
F01,DEMO-DEVICE-01,2026-10-03T20:28:54.000Z,1734,1,60,60.3527,60.3527,0.9866,0.9992,0.3,1,1,RUNNING
F01,DEMO-DEVICE-01,2026-10-03T20:28:55.000Z,1735,1,60,60,60,0.9739,1.0042,0.3,1,1,RUNNING
F01,DEMO-DEVICE-01,2026-10-03T20:28:56.000Z,1736,1,60,59.6473,59.6473,0.961,1.0089,0.3,1,1,RUNNING
F01,DEMO-DEVICE-01,2026-10-03T20:28:57.000Z,1737,1,60,59.4294,59.4294,0.9542,1.013,0.3,1,1,RUNNING
F01,DEMO-DEVICE-01,2026-10-03T20:28:58.000Z,1738,1,60,59.4294,59.4294,0.9576,1.0164,0.3,1,1,RUNNING
F01,DEMO-DEVICE-01,2026-10-03T20:28:59.000Z,1739,1,60,59.6473,59.6473,0.9708,1.0187,0.3,1,1,RUNNING
F01,DEMO-DEVICE-01,2026-10-03T20:29:00.000Z,1740,1,60,60,60,0.9896,1.0199,0.3,1,1,RUNNING
F01,DEMO-DEVICE-01,2026-10-03T20:29:01.000Z,1741,1,60,60.3527,60.3527,1.0072,1.0198,0.3,1,1,RUNNING
F01,DEMO-DEVICE-01,2026-10-03T20:29:02.000Z,1742,1,60,60.5706,60.5706,1.0168,1.0185,0.3,1,1,RUNNING
F01,DEMO-DEVICE-01,2026-10-03T20:29:03.000Z,1743,1,60,60.5706,60.5706,1.0143,1.016,0.3,1,1,RUNNING
F01,DEMO-DEVICE-01,2026-10-03T20:29:04.000Z,1744,1,60,60.3527,60.3527,1,1.0126,0.3,1,1,RUNNING
F01,DEMO-DEVICE-01,2026-10-03T20:29:05.000Z,1745,1,60,60,60,0.9781,1.0084,0.3,1,1,RUNNING
F01,DEMO-DEVICE-01,2026-10-03T20:29:06.000Z,1746,1,60,59.6473,59.6473,0.9557,1.0036,0.3,1,1,RUNNING
F01,DEMO-DEVICE-01,2026-10-03T20:29:07.000Z,1747,1,60,59.4294,59.4294,0.9398,0.9986,0.3,1,1,RUNNING
F01,DEMO-DEVICE-01,2026-10-03T20:29:08.000Z,1748,1,60,59.4294,59.4294,0.9349,0.9937,0.3,1,1,RUNNING
F01,DEMO-DEVICE-01,2026-10-03T20:29:09.000Z,1749,1,60,59.6473,59.6473,0.9413,0.9892,0.3,1,1,RUNNING
F01,DEMO-DEVICE-01,2026-10-03T20:29:10.000Z,1750,1,60,60,60,0.9551,0.9854,0.3,1,1,RUNNING
F01,DEMO-DEVICE-01,2026-10-03T20:29:11.000Z,1751,1,60,60.3527,60.3527,0.9699,0.9825,0.3,1,1,RUNNING
F01,DEMO-DEVICE-01,2026-10-03T20:29:12.000Z,1752,1,60,60.5706,60.5706,0.9789,0.9806,0.3,1,1,RUNNING
F01,DEMO-DEVICE-01,2026-10-03T20:29:13.000Z,1753,1,60,60.5706,60.5706,0.9783,0.98,0.3,1,1,RUNNING
F01,DEMO-DEVICE-01,2026-10-03T20:29:14.000Z,1754,1,60,60.3527,60.3527,0.968,0.9806,0.3,1,1,RUNNING
F01,DEMO-DEVICE-01,2026-10-03T20:29:15.000Z,1755,1,60,60,60,0.9521,0.9824,0.3,1,1,RUNNING
F01,DEMO-DEVICE-01,2026-10-03T20:29:16.000Z,1756,1,60,59.6473,59.6473,0.9374,0.9853,0.3,1,1,RUNNING
F01,DEMO-DEVICE-01,2026-10-03T20:29:17.000Z,1757,1,60,59.4294,59.4294,0.9304,0.9892,0.3,1,1,RUNNING
F01,DEMO-DEVICE-01,2026-10-03T20:29:18.000Z,1758,1,60,59.4294,59.4294,0.9349,0.9937,0.3,1,1,RUNNING
F01,DEMO-DEVICE-01,2026-10-03T20:29:19.000Z,1759,1,60,59.6473,59.6473,0.9506,0.9985,0.3,1,1,RUNNING
F01,DEMO-DEVICE-01,2026-10-03T20:29:20.000Z,1760,1,60,60,60,0.9732,1.0035,0.3,1,1,RUNNING
F01,DEMO-DEVICE-01,2026-10-03T20:29:21.000Z,1761,1,60,60.3527,60.3527,0.9957,1.0083,0.3,1,1,RUNNING
F01,DEMO-DEVICE-01,2026-10-03T20:29:22.000Z,1762,1,60,60.5706,60.5706,1.0108,1.0125,0.3,1,1,RUNNING
F01,DEMO-DEVICE-01,2026-10-03T20:29:23.000Z,1763,1,60,60.5706,60.5706,1.0143,1.016,0.3,1,1,RUNNING
F01,DEMO-DEVICE-01,2026-10-03T20:29:24.000Z,1764,1,60,60.3527,60.3527,1.0059,1.0185,0.3,1,1,RUNNING
F01,DEMO-DEVICE-01,2026-10-03T20:29:25.000Z,1765,1,60,60,60,0.9895,1.0198,0.3,1,1,RUNNING
F01,DEMO-DEVICE-01,2026-10-03T20:29:26.000Z,1766,1,60,59.6473,59.6473,0.972,1.0199,0.3,1,1,RUNNING
F01,DEMO-DEVICE-01,2026-10-03T20:29:27.000Z,1767,1,60,59.4294,59.4294,0.9599,1.0187,0.3,1,1,RUNNING
F01,DEMO-DEVICE-01,2026-10-03T20:29:28.000Z,1768,1,60,59.4294,59.4294,0.9576,1.0164,0.3,1,1,RUNNING
F01,DEMO-DEVICE-01,2026-10-03T20:29:29.000Z,1769,1,60,59.6473,59.6473,0.9652,1.0131,0.3,1,1,RUNNING
F01,DEMO-DEVICE-01,2026-10-03T20:29:30.000Z,1770,1,60,60,60,0.9787,1.009,0.3,1,1,RUNNING
F01,DEMO-DEVICE-01,2026-10-03T20:29:31.000Z,1771,1,60,60.3527,60.3527,0.9917,1.0043,0.3,1,1,RUNNING
F01,DEMO-DEVICE-01,2026-10-03T20:29:32.000Z,1772,1,60,60.5706,60.5706,0.9976,0.9993,0.3,1,1,RUNNING
F01,DEMO-DEVICE-01,2026-10-03T20:29:33.000Z,1773,1,60,60.5706,60.5706,0.9927,0.9944,0.3,1,1,RUNNING
F01,DEMO-DEVICE-01,2026-10-03T20:29:34.000Z,1774,1,60,60.3527,60.3527,0.9772,0.9898,0.3,1,1,RUNNING
F01,DEMO-DEVICE-01,2026-10-03T20:29:35.000Z,1775,1,60,60,60,0.9556,0.9859,0.3,1,1,RUNNING
F01,DEMO-DEVICE-01,2026-10-03T20:29:36.000Z,1776,1,60,59.6473,59.6473,0.9349,0.9828,0.3,1,1,RUNNING
F01,DEMO-DEVICE-01,2026-10-03T20:29:37.000Z,1777,1,60,59.4294,59.4294,0.922,0.9808,0.3,1,1,RUNNING
F01,DEMO-DEVICE-01,2026-10-03T20:29:38.000Z,1778,1,60,59.4294,59.4294,0.9212,0.98,0.3,1,1,RUNNING
F01,DEMO-DEVICE-01,2026-10-03T20:29:39.000Z,1779,1,60,59.6473,59.6473,0.9326,0.9805,0.3,1,1,RUNNING
F01,DEMO-DEVICE-01,2026-10-03T20:29:40.000Z,1780,1,60,60,60,0.9518,0.9821,0.3,1,1,RUNNING
F01,DEMO-DEVICE-01,2026-10-03T20:29:41.000Z,1781,1,60,60.3527,60.3527,0.9723,0.9849,0.3,1,1,RUNNING
F01,DEMO-DEVICE-01,2026-10-03T20:29:42.000Z,1782,1,60,60.5706,60.5706,0.9869,0.9886,0.3,1,1,RUNNING
F01,DEMO-DEVICE-01,2026-10-03T20:29:43.000Z,1783,1,60,60.5706,60.5706,0.9913,0.993,0.3,1,1,RUNNING
F01,DEMO-DEVICE-01,2026-10-03T20:29:44.000Z,1784,1,60,60.3527,60.3527,0.9853,0.9979,0.3,1,1,RUNNING
F01,DEMO-DEVICE-01,2026-10-03T20:29:45.000Z,1785,1,60,60,60,0.9726,1.0029,0.3,1,1,RUNNING
F01,DEMO-DEVICE-01,2026-10-03T20:29:46.000Z,1786,1,60,59.6473,59.6473,0.9598,1.0077,0.3,1,1,RUNNING
F01,DEMO-DEVICE-01,2026-10-03T20:29:47.000Z,1787,1,60,59.4294,59.4294,0.9532,1.012,0.3,1,1,RUNNING
F01,DEMO-DEVICE-01,2026-10-03T20:29:48.000Z,1788,1,60,59.4294,59.4294,0.9568,1.0156,0.3,1,1,RUNNING
F01,DEMO-DEVICE-01,2026-10-03T20:29:49.000Z,1789,1,60,59.6473,59.6473,0.9703,1.0182,0.3,1,1,RUNNING
F01,DEMO-DEVICE-01,2026-10-03T20:29:50.000Z,1790,1,60,60,60,0.9894,1.0197,0.3,1,1,RUNNING
F01,DEMO-DEVICE-01,2026-10-03T20:29:51.000Z,1791,1,60,60.3527,60.3527,1.0073,1.0199,0.3,1,1,RUNNING
F01,DEMO-DEVICE-01,2026-10-03T20:29:52.000Z,1792,1,60,60.5706,60.5706,1.0173,1.019,0.3,1,1,RUNNING
F01,DEMO-DEVICE-01,2026-10-03T20:29:53.000Z,1793,1,60,60.5706,60.5706,1.0151,1.0168,0.3,1,1,RUNNING
F01,DEMO-DEVICE-01,2026-10-03T20:29:54.000Z,1794,1,60,60.3527,60.3527,1.001,1.0136,0.3,1,1,RUNNING
F01,DEMO-DEVICE-01,2026-10-03T20:29:55.000Z,1795,1,60,60,60,0.9792,1.0095,0.3,1,1,RUNNING
F01,DEMO-DEVICE-01,2026-10-03T20:29:56.000Z,1796,1,60,59.6473,59.6473,0.957,1.0049,0.3,1,1,RUNNING
F01,DEMO-DEVICE-01,2026-10-03T20:29:57.000Z,1797,1,60,59.4294,59.4294,0.9412,1,0.3,1,1,RUNNING
F01,DEMO-DEVICE-01,2026-10-03T20:29:58.000Z,1798,1,60,59.4294,59.4294,0.9362,0.995,0.3,1,1,RUNNING
F01,DEMO-DEVICE-01,2026-10-03T20:29:59.000Z,1799,1,60,59.6473,59.6473,0.9425,0.9904,0.3,1,1,RUNNING
F01,DEMO-DEVICE-01,2026-10-03T20:30:00.000Z,1800,1,60,60,60,0.956,0.9863,0.3,1,1,RUNNING
F02,DEMO-DEVICE-01,2026-10-03T21:00:01.000Z,1,1,60,60.3527,60.3527,0.9923,1.0049,0.3,1,1,RUNNING
F02,DEMO-DEVICE-01,2026-10-03T21:00:02.000Z,2,1,60,60.5706,60.5706,1.0079,1.0096,0.3,1,1,RUNNING
F02,DEMO-DEVICE-01,2026-10-03T21:00:03.000Z,3,1,60,60.5706,60.5706,1.0119,1.0136,0.3,1,1,RUNNING
F02,DEMO-DEVICE-01,2026-10-03T21:00:04.000Z,4,1,60,60.3527,60.3527,1.0042,1.0168,0.3,1,1,RUNNING
F02,DEMO-DEVICE-01,2026-10-03T21:00:05.000Z,5,1,60,60,60,0.9887,1.019,0.3,1,1,RUNNING
F02,DEMO-DEVICE-01,2026-10-03T21:00:06.000Z,6,1,60,59.6473,59.6473,0.972,1.0199,0.3,1,1,RUNNING
F02,DEMO-DEVICE-01,2026-10-03T21:00:07.000Z,7,1,60,59.4294,59.4294,0.9609,1.0197,0.3,1,1,RUNNING
F02,DEMO-DEVICE-01,2026-10-03T21:00:08.000Z,8,1,60,59.4294,59.4294,0.9594,1.0182,0.3,1,1,RUNNING
F02,DEMO-DEVICE-01,2026-10-03T21:00:09.000Z,9,1,60,59.6473,59.6473,0.9677,1.0156,0.3,1,1,RUNNING
F02,DEMO-DEVICE-01,2026-10-03T21:00:10.000Z,10,1,60,60,60,0.9817,1.012,0.3,1,1,RUNNING
F02,DEMO-DEVICE-01,2026-10-03T21:00:11.000Z,11,1,60,60.3527,60.3527,0.995,1.0076,0.3,1,1,RUNNING
F02,DEMO-DEVICE-01,2026-10-03T21:00:12.000Z,12,1,60,60.5706,60.5706,1.0011,1.0028,0.3,1,1,RUNNING
F02,DEMO-DEVICE-01,2026-10-03T21:00:13.000Z,13,1,60,60.5706,60.5706,0.9961,0.9978,0.3,1,1,RUNNING
F02,DEMO-DEVICE-01,2026-10-03T21:00:14.000Z,14,1,60,60.3527,60.3527,0.9804,0.993,0.3,1,1,RUNNING
F02,DEMO-DEVICE-01,2026-10-03T21:00:15.000Z,15,1,60,60,60,0.9583,0.9886,0.3,1,1,RUNNING
F02,DEMO-DEVICE-01,2026-10-03T21:00:16.000Z,16,1,60,59.6473,59.6473,0.937,0.9849,0.3,1,1,RUNNING
F02,DEMO-DEVICE-01,2026-10-03T21:00:17.000Z,17,1,60,59.4294,59.4294,0.9233,0.9821,0.3,1,1,RUNNING
F02,DEMO-DEVICE-01,2026-10-03T21:00:18.000Z,18,1,60,59.4294,59.4294,0.9216,0.9804,0.3,1,1,RUNNING
F02,DEMO-DEVICE-01,2026-10-03T21:00:19.000Z,19,1,60,59.6473,59.6473,0.9321,0.98,0.3,1,1,RUNNING
F02,DEMO-DEVICE-01,2026-10-03T21:00:20.000Z,20,1,60,60,60,0.9505,0.9808,0.3,1,1,RUNNING
F02,DEMO-DEVICE-01,2026-10-03T21:00:21.000Z,21,1,60,60.3527,60.3527,0.9702,0.9828,0.3,1,1,RUNNING
F02,DEMO-DEVICE-01,2026-10-03T21:00:22.000Z,22,1,60,60.5706,60.5706,0.9842,0.9859,0.3,1,1,RUNNING
F02,DEMO-DEVICE-01,2026-10-03T21:00:23.000Z,23,1,60,60.5706,60.5706,0.9881,0.9898,0.3,1,1,RUNNING
F02,DEMO-DEVICE-01,2026-10-03T21:00:24.000Z,24,1,60,60.3527,60.3527,0.9818,0.9944,0.3,1,1,RUNNING
F02,DEMO-DEVICE-01,2026-10-03T21:00:25.000Z,25,1,60,60,60,0.969,0.9993,0.3,1,1,RUNNING
F02,DEMO-DEVICE-01,2026-10-03T21:00:26.000Z,26,1,60,59.6473,59.6473,0.9564,1.0043,0.3,1,1,RUNNING
F02,DEMO-DEVICE-01,2026-10-03T21:00:27.000Z,27,1,60,59.4294,59.4294,0.9502,1.009,0.3,1,1,RUNNING
F02,DEMO-DEVICE-01,2026-10-03T21:00:28.000Z,28,1,60,59.4294,59.4294,0.9543,1.0131,0.3,1,1,RUNNING
F02,DEMO-DEVICE-01,2026-10-03T21:00:29.000Z,29,1,60,59.6473,59.6473,0.9686,1.0165,0.3,1,1,RUNNING
F02,DEMO-DEVICE-01,2026-10-03T21:00:30.000Z,30,1,60,60,60,0.9885,1.0188,0.3,1,1,RUNNING
F02,DEMO-DEVICE-01,2026-10-03T21:00:31.000Z,31,1,60,60.3527,60.3527,1.0073,1.0199,0.3,1,1,RUNNING
F02,DEMO-DEVICE-01,2026-10-03T21:00:32.000Z,32,1,60,60.5706,60.5706,1.0181,1.0198,0.3,1,1,RUNNING
F02,DEMO-DEVICE-01,2026-10-03T21:00:33.000Z,33,1,60,60.5706,60.5706,1.0168,1.0185,0.3,1,1,RUNNING
F02,DEMO-DEVICE-01,2026-10-03T21:00:34.000Z,34,1,60,60.3527,60.3527,1.0034,1.016,0.3,1,1,RUNNING
F02,DEMO-DEVICE-01,2026-10-03T21:00:35.000Z,35,1,60,60,60,0.9822,1.0125,0.3,1,1,RUNNING
F02,DEMO-DEVICE-01,2026-10-03T21:00:36.000Z,36,1,60,59.6473,59.6473,0.9603,1.0082,0.3,1,1,RUNNING
F02,DEMO-DEVICE-01,2026-10-03T21:00:37.000Z,37,1,60,59.4294,59.4294,0.9447,1.0035,0.3,1,1,RUNNING
F02,DEMO-DEVICE-01,2026-10-03T21:00:38.000Z,38,1,60,59.4294,59.4294,0.9397,0.9985,0.3,1,1,RUNNING
F02,DEMO-DEVICE-01,2026-10-03T21:00:39.000Z,39,1,60,59.6473,59.6473,0.9457,0.9936,0.3,1,1,RUNNING
F02,DEMO-DEVICE-01,2026-10-03T21:00:40.000Z,40,1,60,60,60,0.9588,0.9891,0.3,1,1,RUNNING
F02,DEMO-DEVICE-01,2026-10-03T21:00:41.000Z,41,1,60,60.3527,60.3527,0.9727,0.9853,0.3,1,1,RUNNING
F02,DEMO-DEVICE-01,2026-10-03T21:00:42.000Z,42,1,60,60.5706,60.5706,0.9807,0.9824,0.3,1,1,RUNNING
F02,DEMO-DEVICE-01,2026-10-03T21:00:43.000Z,43,1,60,60.5706,60.5706,0.9789,0.9806,0.3,1,1,RUNNING
F02,DEMO-DEVICE-01,2026-10-03T21:00:44.000Z,44,1,60,60.3527,60.3527,0.9674,0.98,0.3,1,1,RUNNING
F02,DEMO-DEVICE-01,2026-10-03T21:00:45.000Z,45,1,60,60,60,0.9503,0.9806,0.3,1,1,RUNNING
F02,DEMO-DEVICE-01,2026-10-03T21:00:46.000Z,46,1,60,59.6473,59.6473,0.9346,0.9825,0.3,1,1,RUNNING
F02,DEMO-DEVICE-01,2026-10-03T21:00:47.000Z,47,1,60,59.4294,59.4294,0.9266,0.9854,0.3,1,1,RUNNING
F02,DEMO-DEVICE-01,2026-10-03T21:00:48.000Z,48,1,60,59.4294,59.4294,0.9305,0.9893,0.3,1,1,RUNNING
F02,DEMO-DEVICE-01,2026-10-03T21:00:49.000Z,49,1,60,59.6473,59.6473,0.9459,0.9938,0.3,1,1,RUNNING
F02,DEMO-DEVICE-01,2026-10-03T21:00:50.000Z,50,1,60,60,60,0.9684,0.9987,0.3,1,1,RUNNING
F02,DEMO-DEVICE-01,2026-10-03T21:00:51.000Z,51,1,60,60.3527,60.3527,0.9911,1.0037,0.3,1,1,RUNNING
F02,DEMO-DEVICE-01,2026-10-03T21:00:52.000Z,52,1,60,60.5706,60.5706,1.0067,1.0084,0.3,1,1,RUNNING
F02,DEMO-DEVICE-01,2026-10-03T21:00:53.000Z,53,1,60,60.5706,60.5706,1.0109,1.0126,0.3,1,1,RUNNING
F02,DEMO-DEVICE-01,2026-10-03T21:00:54.000Z,54,1,60,60.3527,60.3527,1.0035,1.0161,0.3,1,1,RUNNING
F02,DEMO-DEVICE-01,2026-10-03T21:00:55.000Z,55,1,60,60,60,0.9882,1.0185,0.3,1,1,RUNNING
F02,DEMO-DEVICE-01,2026-10-03T21:00:56.000Z,56,1,60,59.6473,59.6473,0.9719,1.0198,0.3,1,1,RUNNING
F02,DEMO-DEVICE-01,2026-10-03T21:00:57.000Z,57,1,60,59.4294,59.4294,0.9611,1.0199,0.3,1,1,RUNNING
F02,DEMO-DEVICE-01,2026-10-03T21:00:58.000Z,58,1,60,59.4294,59.4294,0.9599,1.0187,0.3,1,1,RUNNING
F02,DEMO-DEVICE-01,2026-10-03T21:00:59.000Z,59,1,60,59.6473,59.6473,0.9685,1.0164,0.3,1,1,RUNNING
F02,DEMO-DEVICE-01,2026-10-03T21:01:00.000Z,60,1,60,60,60,0.9827,1.013,0.3,1,1,RUNNING
F02,DEMO-DEVICE-01,2026-10-03T21:01:01.000Z,61,1,60,60.3527,60.3527,0.8275,1.0088,0.3167,1,1,RUNNING
F02,DEMO-DEVICE-01,2026-10-03T21:01:02.000Z,62,1,60,60.5706,60.5706,0.666,1.0041,0.3333,1,1,RUNNING
F02,DEMO-DEVICE-01,2026-10-03T21:01:03.000Z,63,1,60,60.5706,60.5706,0.4924,0.9992,0.35,1,1,RUNNING
F02,DEMO-DEVICE-01,2026-10-03T21:01:04.000Z,64,1,60,60.3527,60.3527,0.3079,0.9942,0.3667,1,1,RUNNING
F02,DEMO-DEVICE-01,2026-10-03T21:01:05.000Z,65,1,60,60,60,0.118,0.9897,0.3833,1,1,RUNNING
F02,DEMO-DEVICE-01,2026-10-03T21:01:06.000Z,66,1,60,59.6473,59.6473,-0.0722,0.9858,0.4,1,1,RUNNING
F02,DEMO-DEVICE-01,2026-10-03T21:01:07.000Z,67,1,60,59.4294,59.4294,-0.2549,0.9827,0.4167,1,1,RUNNING
F02,DEMO-DEVICE-01,2026-10-03T21:01:08.000Z,68,1,60,59.4294,59.4294,-0.4244,0.9808,0.4333,1,1,RUNNING
F02,DEMO-DEVICE-01,2026-10-03T21:01:09.000Z,69,1,60,59.6473,59.6473,-0.583,0.98,0.45,1,1,RUNNING
F02,DEMO-DEVICE-01,2026-10-03T21:01:10.000Z,70,1,60,60,60,-0.7336,0.9805,0.4667,1,1,RUNNING
F02,DEMO-DEVICE-01,2026-10-03T21:01:11.000Z,71,1,60,60.3527,60.3527,-0.8819,0.9822,0.4833,1,1,RUNNING
F02,DEMO-DEVICE-01,2026-10-03T21:01:12.000Z,72,1,60,60.5706,60.5706,-1.0369,0.985,0.5,1,1,RUNNING
F02,DEMO-DEVICE-01,2026-10-03T21:01:13.000Z,73,1,60,60.5706,60.5706,-1.2019,0.9887,0.5167,1,1,RUNNING
F02,DEMO-DEVICE-01,2026-10-03T21:01:14.000Z,74,1,60,60.3527,60.3527,-1.3759,0.9932,0.5333,1,1,RUNNING
F02,DEMO-DEVICE-01,2026-10-03T21:01:15.000Z,75,1,60,60,60,-1.5575,0.998,0.55,1,1,RUNNING
F02,DEMO-DEVICE-01,2026-10-03T21:01:16.000Z,76,1,60,59.6473,59.6473,-1.7388,1.003,0.5667,1,1,RUNNING
F02,DEMO-DEVICE-01,2026-10-03T21:01:17.000Z,77,1,60,59.4294,59.4294,-1.9126,1.0078,0.5833,1,1,RUNNING
F02,DEMO-DEVICE-01,2026-10-03T21:01:18.000Z,78,1,60,59.4294,59.4294,-2.0769,1.0121,0.6,1,1,RUNNING
F02,DEMO-DEVICE-01,2026-10-03T21:01:19.000Z,79,1,60,59.6473,59.6473,-2.2311,1.0157,0.6167,1,1,RUNNING
F02,DEMO-DEVICE-01,2026-10-03T21:01:20.000Z,80,1,60,60,60,-2.3786,1.0183,0.6333,1,1,RUNNING
F02,DEMO-DEVICE-01,2026-10-03T21:01:21.000Z,81,1,60,60.3527,60.3527,-2.5282,1.0197,0.65,1,1,RUNNING
F02,DEMO-DEVICE-01,2026-10-03T21:01:22.000Z,82,1,60,60.5706,60.5706,-2.6858,1.0199,0.6667,1,1,RUNNING
F02,DEMO-DEVICE-01,2026-10-03T21:01:23.000Z,83,1,60,60.5706,60.5706,-2.8545,1.0189,0.6833,1,1,RUNNING
F02,DEMO-DEVICE-01,2026-10-03T21:01:24.000Z,84,1,60,60.3527,60.3527,-3.0363,1.0167,0.7,1,1,RUNNING
F02,DEMO-DEVICE-01,2026-10-03T21:01:25.000Z,85,1,60,60,60,-3.2258,1.0135,0.7167,1,1,RUNNING
F02,DEMO-DEVICE-01,2026-10-03T21:01:26.000Z,86,1,60,59.6473,59.6473,-3.4152,1.0094,0.7333,1,1,RUNNING
F02,DEMO-DEVICE-01,2026-10-03T21:01:27.000Z,87,1,60,59.4294,59.4294,-3.5994,1.0048,0.75,1,1,RUNNING
F02,DEMO-DEVICE-01,2026-10-03T21:01:28.000Z,88,1,60,59.4294,59.4294,-3.7731,0.9998,0.7667,1,1,RUNNING
F02,DEMO-DEVICE-01,2026-10-03T21:01:29.000Z,89,1,60,59.6473,59.6473,-3.9347,0.9949,0.7833,1,1,RUNNING
F02,DEMO-DEVICE-01,2026-10-03T21:01:30.000Z,90,1,60,60,60,-4.0904,0.9903,0.8,1,1,RUNNING
F02,DEMO-DEVICE-01,2026-10-03T21:01:31.000Z,91,1,60,60.3527,60.3527,-4.0768,0.9862,0.8,1,1,RUNNING
F02,DEMO-DEVICE-01,2026-10-03T21:01:32.000Z,92,1,60,60.5706,60.5706,-4.069,0.9831,0.8,1,1,RUNNING
F02,DEMO-DEVICE-01,2026-10-03T21:01:33.000Z,93,1,60,60.5706,60.5706,-4.0711,0.981,0.8,1,1,RUNNING
F02,DEMO-DEVICE-01,2026-10-03T21:01:34.000Z,94,1,60,60.3527,60.3527,-4.083,0.98,0.8,1,1,RUNNING
F02,DEMO-DEVICE-01,2026-10-03T21:01:35.000Z,95,1,60,60,60,-4.1003,0.9804,0.8,1,1,RUNNING
F02,DEMO-DEVICE-01,2026-10-03T21:01:36.000Z,96,1,60,59.6473,59.6473,-4.1164,0.9819,0.8,1,1,RUNNING
F02,DEMO-DEVICE-01,2026-10-03T21:01:37.000Z,97,1,60,59.4294,59.4294,-4.1246,0.9846,0.8,1,1,RUNNING
F02,DEMO-DEVICE-01,2026-10-03T21:01:38.000Z,98,1,60,59.4294,59.4294,-4.121,0.9882,0.8,1,1,RUNNING
F02,DEMO-DEVICE-01,2026-10-03T21:01:39.000Z,99,1,60,59.6473,59.6473,-4.1058,0.9925,0.8,1,1,RUNNING
F02,DEMO-DEVICE-01,2026-10-03T21:01:40.000Z,100,1,60,60,60,-4.0833,0.9974,0.8,1,1,RUNNING
F02,DEMO-DEVICE-01,2026-10-03T21:01:41.000Z,101,1,60,60.3527,60.3527,-4.0607,1.0023,0.8,1,1,RUNNING
F02,DEMO-DEVICE-01,2026-10-03T21:01:42.000Z,102,1,60,60.5706,60.5706,-4.0449,1.0072,0.8,1,1,RUNNING
F02,DEMO-DEVICE-01,2026-10-03T21:01:43.000Z,103,1,60,60.5706,60.5706,-4.0405,1.0116,0.8,1,1,RUNNING
F02,DEMO-DEVICE-01,2026-10-03T21:01:44.000Z,104,1,60,60.3527,60.3527,-4.0477,1.0153,0.8,1,1,RUNNING
F02,DEMO-DEVICE-01,2026-10-03T21:01:45.000Z,105,1,60,60,60,-4.0627,1.018,0.8,1,1,RUNNING
F02,DEMO-DEVICE-01,2026-10-03T21:01:46.000Z,106,1,60,59.6473,59.6473,-4.0787,1.0196,0.8,1,1,RUNNING
F02,DEMO-DEVICE-01,2026-10-03T21:01:47.000Z,107,1,60,59.4294,59.4294,-4.0892,1.02,0.8,1,1,RUNNING
F02,DEMO-DEVICE-01,2026-10-03T21:01:48.000Z,108,1,60,59.4294,59.4294,-4.0901,1.0191,0.8,1,1,RUNNING
F02,DEMO-DEVICE-01,2026-10-03T21:01:49.000Z,109,1,60,59.6473,59.6473,-4.0812,1.0171,0.8,1,1,RUNNING
F02,DEMO-DEVICE-01,2026-10-03T21:01:50.000Z,110,1,60,60,60,-4.0667,1.014,0.8,1,1,RUNNING
F02,DEMO-DEVICE-01,2026-10-03T21:01:51.000Z,111,1,60,60.3527,60.3527,-4.053,1.01,0.8,1,1,RUNNING
F02,DEMO-DEVICE-01,2026-10-03T21:01:52.000Z,112,1,60,60.5706,60.5706,-4.0467,1.0054,0.8,1,1,RUNNING
F02,DEMO-DEVICE-01,2026-10-03T21:01:53.000Z,113,1,60,60.5706,60.5706,-4.0516,1.0005,0.8,1,1,RUNNING
F02,DEMO-DEVICE-01,2026-10-03T21:01:54.000Z,114,1,60,60.3527,60.3527,-4.0675,0.9955,0.8,1,1,RUNNING
F02,DEMO-DEVICE-01,2026-10-03T21:01:55.000Z,115,1,60,60,60,-4.0899,0.9908,0.8,1,1,RUNNING
F02,DEMO-DEVICE-01,2026-10-03T21:01:56.000Z,116,1,60,59.6473,59.6473,-4.1116,0.9867,0.8,1,1,RUNNING
F02,DEMO-DEVICE-01,2026-10-03T21:01:57.000Z,117,1,60,59.4294,59.4294,-4.1258,0.9834,0.8,1,1,RUNNING
F02,DEMO-DEVICE-01,2026-10-03T21:01:58.000Z,118,1,60,59.4294,59.4294,-4.128,0.9812,0.8,1,1,RUNNING
F02,DEMO-DEVICE-01,2026-10-03T21:01:59.000Z,119,1,60,59.6473,59.6473,-4.1182,0.9801,0.8,1,1,RUNNING
F02,DEMO-DEVICE-01,2026-10-03T21:02:00.000Z,120,1,60,60,60,-4.1005,0.9802,0.8,1,1,RUNNING
F02,DEMO-DEVICE-01,2026-10-03T21:02:01.000Z,121,1,60,60.3527,60.3527,-4.0814,0.9816,0.8,1,1,RUNNING
F02,DEMO-DEVICE-01,2026-10-03T21:02:02.000Z,122,1,60,60.5706,60.5706,-4.068,0.9841,0.8,1,1,RUNNING
F02,DEMO-DEVICE-01,2026-10-03T21:02:03.000Z,123,1,60,60.5706,60.5706,-4.0645,0.9876,0.8,1,1,RUNNING
F02,DEMO-DEVICE-01,2026-10-03T21:02:04.000Z,124,1,60,60.3527,60.3527,-4.0711,0.9919,0.8,1,1,RUNNING
F02,DEMO-DEVICE-01,2026-10-03T21:02:05.000Z,125,1,60,60,60,-4.084,0.9967,0.8,1,1,RUNNING
F02,DEMO-DEVICE-01,2026-10-03T21:02:06.000Z,126,1,60,59.6473,59.6473,-4.0966,1.0017,0.8,1,1,RUNNING
F02,DEMO-DEVICE-01,2026-10-03T21:02:07.000Z,127,1,60,59.4294,59.4294,-4.1026,1.0066,0.8,1,1,RUNNING
F02,DEMO-DEVICE-01,2026-10-03T21:02:08.000Z,128,1,60,59.4294,59.4294,-4.0982,1.011,0.8,1,1,RUNNING
F02,DEMO-DEVICE-01,2026-10-03T21:02:09.000Z,129,1,60,59.6473,59.6473,-4.0835,1.0148,0.8,1,1,RUNNING
F02,DEMO-DEVICE-01,2026-10-03T21:02:10.000Z,130,1,60,60,60,-4.063,1.0177,0.8,1,1,RUNNING
F02,DEMO-DEVICE-01,2026-10-03T21:02:11.000Z,131,1,60,60.3527,60.3527,-4.0436,1.0194,0.8,1,1,RUNNING
F02,DEMO-DEVICE-01,2026-10-03T21:02:12.000Z,132,1,60,60.5706,60.5706,-4.0321,1.02,0.8,1,1,RUNNING
F02,DEMO-DEVICE-01,2026-10-03T21:02:13.000Z,133,1,60,60.5706,60.5706,-4.0328,1.0193,0.8,1,1,RUNNING
F02,DEMO-DEVICE-01,2026-10-03T21:02:14.000Z,134,1,60,60.3527,60.3527,-4.0456,1.0174,0.8,1,1,RUNNING
F02,DEMO-DEVICE-01,2026-10-03T21:02:15.000Z,135,1,60,60,60,-4.0662,1.0145,0.8,1,1,RUNNING
F02,DEMO-DEVICE-01,2026-10-03T21:02:16.000Z,136,1,60,59.6473,59.6473,-4.0877,1.0106,0.8,1,1,RUNNING
F02,DEMO-DEVICE-01,2026-10-03T21:02:17.000Z,137,1,60,59.4294,59.4294,-4.1031,1.0061,0.8,1,1,RUNNING
F02,DEMO-DEVICE-01,2026-10-03T21:02:18.000Z,138,1,60,59.4294,59.4294,-4.1081,1.0011,0.8,1,1,RUNNING
F02,DEMO-DEVICE-01,2026-10-03T21:02:19.000Z,139,1,60,59.6473,59.6473,-4.1021,0.9962,0.8,1,1,RUNNING
F02,DEMO-DEVICE-01,2026-10-03T21:02:20.000Z,140,1,60,60,60,-4.0893,0.9914,0.8,1,1,RUNNING
F02,DEMO-DEVICE-01,2026-10-03T21:02:21.000Z,141,1,60,60.3527,60.3527,-4.0758,0.9872,0.8,1,1,RUNNING
F02,DEMO-DEVICE-01,2026-10-03T21:02:22.000Z,142,1,60,60.5706,60.5706,-4.0683,0.9838,0.8,1,1,RUNNING
F02,DEMO-DEVICE-01,2026-10-03T21:02:23.000Z,143,1,60,60.5706,60.5706,-4.0707,0.9814,0.8,1,1,RUNNING
F02,DEMO-DEVICE-01,2026-10-03T21:02:24.000Z,144,1,60,60.3527,60.3527,-4.0828,0.9802,0.8,1,1,RUNNING
F02,DEMO-DEVICE-01,2026-10-03T21:02:25.000Z,145,1,60,60,60,-4.1006,0.9801,0.8,1,1,RUNNING
F02,DEMO-DEVICE-01,2026-10-03T21:02:26.000Z,146,1,60,59.6473,59.6473,-4.1169,0.9814,0.8,1,1,RUNNING
F02,DEMO-DEVICE-01,2026-10-03T21:02:27.000Z,147,1,60,59.4294,59.4294,-4.1255,0.9837,0.8,1,1,RUNNING
F02,DEMO-DEVICE-01,2026-10-03T21:02:28.000Z,148,1,60,59.4294,59.4294,-4.1221,0.9871,0.8,1,1,RUNNING
F02,DEMO-DEVICE-01,2026-10-03T21:02:29.000Z,149,1,60,59.6473,59.6473,-4.107,0.9913,0.8,1,1,RUNNING
F02,DEMO-DEVICE-01,2026-10-03T21:02:30.000Z,150,1,60,60,60,-4.0847,0.996,0.8,1,1,RUNNING
F02,DEMO-DEVICE-01,2026-10-03T21:02:31.000Z,151,1,60,60.3527,60.3527,-4.062,1.001,0.8,1,1,RUNNING
F02,DEMO-DEVICE-01,2026-10-03T21:02:32.000Z,152,1,60,60.5706,60.5706,-4.0462,1.0059,0.8,1,1,RUNNING
F02,DEMO-DEVICE-01,2026-10-03T21:02:33.000Z,153,1,60,60.5706,60.5706,-4.0416,1.0105,0.8,1,1,RUNNING
F02,DEMO-DEVICE-01,2026-10-03T21:02:34.000Z,154,1,60,60.3527,60.3527,-4.0486,1.0144,0.8,1,1,RUNNING
F02,DEMO-DEVICE-01,2026-10-03T21:02:35.000Z,155,1,60,60,60,-4.0633,1.0174,0.8,1,1,RUNNING
F02,DEMO-DEVICE-01,2026-10-03T21:02:36.000Z,156,1,60,59.6473,59.6473,-4.079,1.0193,0.8,1,1,RUNNING
F02,DEMO-DEVICE-01,2026-10-03T21:02:37.000Z,157,1,60,59.4294,59.4294,-4.0892,1.02,0.8,1,1,RUNNING
F02,DEMO-DEVICE-01,2026-10-03T21:02:38.000Z,158,1,60,59.4294,59.4294,-4.0897,1.0195,0.8,1,1,RUNNING
F02,DEMO-DEVICE-01,2026-10-03T21:02:39.000Z,159,1,60,59.6473,59.6473,-4.0806,1.0177,0.8,1,1,RUNNING
F02,DEMO-DEVICE-01,2026-10-03T21:02:40.000Z,160,1,60,60,60,-4.0658,1.0149,0.8,1,1,RUNNING
F02,DEMO-DEVICE-01,2026-10-03T21:02:41.000Z,161,1,60,60.3527,60.3527,-4.0519,1.0111,0.8,1,1,RUNNING
F02,DEMO-DEVICE-01,2026-10-03T21:02:42.000Z,162,1,60,60.5706,60.5706,-4.0454,1.0067,0.8,1,1,RUNNING
F02,DEMO-DEVICE-01,2026-10-03T21:02:43.000Z,163,1,60,60.5706,60.5706,-4.0503,1.0018,0.8,1,1,RUNNING
F02,DEMO-DEVICE-01,2026-10-03T21:02:44.000Z,164,1,60,60.3527,60.3527,-4.0662,0.9968,0.8,1,1,RUNNING
F02,DEMO-DEVICE-01,2026-10-03T21:02:45.000Z,165,1,60,60,60,-4.0887,0.992,0.8,1,1,RUNNING
F02,DEMO-DEVICE-01,2026-10-03T21:02:46.000Z,166,1,60,59.6473,59.6473,-4.1106,0.9877,0.8,1,1,RUNNING
F02,DEMO-DEVICE-01,2026-10-03T21:02:47.000Z,167,1,60,59.4294,59.4294,-4.125,0.9842,0.8,1,1,RUNNING
F02,DEMO-DEVICE-01,2026-10-03T21:02:48.000Z,168,1,60,59.4294,59.4294,-4.1275,0.9817,0.8,1,1,RUNNING
F02,DEMO-DEVICE-01,2026-10-03T21:02:49.000Z,169,1,60,59.6473,59.6473,-4.118,0.9803,0.8,1,1,RUNNING
F02,DEMO-DEVICE-01,2026-10-03T21:02:50.000Z,170,1,60,60,60,-4.1006,0.9801,0.8,1,1,RUNNING
F02,DEMO-DEVICE-01,2026-10-03T21:02:51.000Z,171,1,60,60.3527,60.3527,-4.0819,0.9811,0.8,1,1,RUNNING
F02,DEMO-DEVICE-01,2026-10-03T21:02:52.000Z,172,1,60,60.5706,60.5706,-4.0687,0.9834,0.8,1,1,RUNNING
F02,DEMO-DEVICE-01,2026-10-03T21:02:53.000Z,173,1,60,60.5706,60.5706,-4.0655,0.9866,0.8,1,1,RUNNING
F02,DEMO-DEVICE-01,2026-10-03T21:02:54.000Z,174,1,60,60.3527,60.3527,-4.0723,0.9907,0.8,1,1,RUNNING
F02,DEMO-DEVICE-01,2026-10-03T21:02:55.000Z,175,1,60,60,60,-4.0853,0.9954,0.8,1,1,RUNNING
F02,DEMO-DEVICE-01,2026-10-03T21:02:56.000Z,176,1,60,59.6473,59.6473,-4.0979,1.0004,0.8,1,1,RUNNING
F02,DEMO-DEVICE-01,2026-10-03T21:02:57.000Z,177,1,60,59.4294,59.4294,-4.1039,1.0053,0.8,1,1,RUNNING
F02,DEMO-DEVICE-01,2026-10-03T21:02:58.000Z,178,1,60,59.4294,59.4294,-4.0993,1.0099,0.8,1,1,RUNNING
F02,DEMO-DEVICE-01,2026-10-03T21:02:59.000Z,179,1,60,59.6473,59.6473,-4.0844,1.0139,0.8,1,1,RUNNING
F02,DEMO-DEVICE-01,2026-10-03T21:03:00.000Z,180,1,60,60,60,-4.0637,1.017,0.8,1,1,RUNNING
F03,DEMO-DEVICE-01,2026-10-03T22:00:01.000Z,1,1,60,60.3527,60.3527,0.9923,1.0049,0.3,1,1,RUNNING
F03,DEMO-DEVICE-01,2026-10-03T22:00:02.000Z,2,1,60,60.5706,60.5706,1.0079,1.0096,0.3,1,1,RUNNING
F03,DEMO-DEVICE-01,2026-10-03T22:00:03.000Z,3,1,60,60.5706,60.5706,1.0119,1.0136,0.3,1,1,RUNNING
F03,DEMO-DEVICE-01,2026-10-03T22:00:04.000Z,4,1,60,60.3527,60.3527,1.0042,1.0168,0.3,1,1,RUNNING
F03,DEMO-DEVICE-01,2026-10-03T22:00:05.000Z,5,1,60,60,60,0.9887,1.019,0.3,1,1,RUNNING
F03,DEMO-DEVICE-01,2026-10-03T22:00:06.000Z,6,1,60,59.6473,59.6473,0.972,1.0199,0.3,1,1,RUNNING
F03,DEMO-DEVICE-01,2026-10-03T22:00:07.000Z,7,1,60,59.4294,59.4294,0.9609,1.0197,0.3,1,1,RUNNING
F03,DEMO-DEVICE-01,2026-10-03T22:00:08.000Z,8,1,60,59.4294,59.4294,0.9594,1.0182,0.3,1,1,RUNNING
F03,DEMO-DEVICE-01,2026-10-03T22:00:09.000Z,9,1,60,59.6473,59.6473,0.9677,1.0156,0.3,1,1,RUNNING
F03,DEMO-DEVICE-01,2026-10-03T22:00:10.000Z,10,1,60,60,60,0.9817,1.012,0.3,1,1,RUNNING
F03,DEMO-DEVICE-01,2026-10-03T22:00:11.000Z,11,1,60,60.3527,60.3527,0.995,1.0076,0.3,1,1,RUNNING
F03,DEMO-DEVICE-01,2026-10-03T22:00:12.000Z,12,1,60,60.5706,60.5706,1.0011,1.0028,0.3,1,1,RUNNING
F03,DEMO-DEVICE-01,2026-10-03T22:00:13.000Z,13,1,60,60.5706,60.5706,0.9961,0.9978,0.3,1,1,RUNNING
F03,DEMO-DEVICE-01,2026-10-03T22:00:14.000Z,14,1,60,60.3527,60.3527,0.9804,0.993,0.3,1,1,RUNNING
F03,DEMO-DEVICE-01,2026-10-03T22:00:15.000Z,15,1,60,60,60,0.9583,0.9886,0.3,1,1,RUNNING
F03,DEMO-DEVICE-01,2026-10-03T22:00:16.000Z,16,1,60,59.6473,59.6473,0.937,0.9849,0.3,1,1,RUNNING
F03,DEMO-DEVICE-01,2026-10-03T22:00:17.000Z,17,1,60,59.4294,59.4294,0.9233,0.9821,0.3,1,1,RUNNING
F03,DEMO-DEVICE-01,2026-10-03T22:00:18.000Z,18,1,60,59.4294,59.4294,0.9216,0.9804,0.3,1,1,RUNNING
F03,DEMO-DEVICE-01,2026-10-03T22:00:19.000Z,19,1,60,59.6473,59.6473,0.9321,0.98,0.3,1,1,RUNNING
F03,DEMO-DEVICE-01,2026-10-03T22:00:20.000Z,20,1,60,60,60,0.9505,0.9808,0.3,1,1,RUNNING
F03,DEMO-DEVICE-01,2026-10-03T22:00:21.000Z,21,1,60,60.3527,60.3527,0.9702,0.9828,0.3,1,1,RUNNING
F03,DEMO-DEVICE-01,2026-10-03T22:00:22.000Z,22,1,60,60.5706,60.5706,0.9842,0.9859,0.3,1,1,RUNNING
F03,DEMO-DEVICE-01,2026-10-03T22:00:23.000Z,23,1,60,60.5706,60.5706,0.9881,0.9898,0.3,1,1,RUNNING
F03,DEMO-DEVICE-01,2026-10-03T22:00:24.000Z,24,1,60,60.3527,60.3527,0.9818,0.9944,0.3,1,1,RUNNING
F03,DEMO-DEVICE-01,2026-10-03T22:00:25.000Z,25,1,60,60,60,0.969,0.9993,0.3,1,1,RUNNING
F03,DEMO-DEVICE-01,2026-10-03T22:00:26.000Z,26,1,60,59.6473,59.6473,0.9564,1.0043,0.3,1,1,RUNNING
F03,DEMO-DEVICE-01,2026-10-03T22:00:27.000Z,27,1,60,59.4294,59.4294,0.9502,1.009,0.3,1,1,RUNNING
F03,DEMO-DEVICE-01,2026-10-03T22:00:28.000Z,28,1,60,59.4294,59.4294,0.9543,1.0131,0.3,1,1,RUNNING
F03,DEMO-DEVICE-01,2026-10-03T22:00:29.000Z,29,1,60,59.6473,59.6473,0.9686,1.0165,0.3,1,1,RUNNING
F03,DEMO-DEVICE-01,2026-10-03T22:00:30.000Z,30,1,60,60,60,0.9885,1.0188,0.3,1,1,RUNNING
F03,DEMO-DEVICE-01,2026-10-03T22:00:31.000Z,31,1,60,60.3527,60.3527,1.0073,1.0199,0.3,1,1,RUNNING
F03,DEMO-DEVICE-01,2026-10-03T22:00:32.000Z,32,1,60,60.5706,60.5706,1.0181,1.0198,0.3,1,1,RUNNING
F03,DEMO-DEVICE-01,2026-10-03T22:00:33.000Z,33,1,60,60.5706,60.5706,1.0168,1.0185,0.3,1,1,RUNNING
F03,DEMO-DEVICE-01,2026-10-03T22:00:34.000Z,34,1,60,60.3527,60.3527,1.0034,1.016,0.3,1,1,RUNNING
F03,DEMO-DEVICE-01,2026-10-03T22:00:35.000Z,35,1,60,60,60,0.9822,1.0125,0.3,1,1,RUNNING
F03,DEMO-DEVICE-01,2026-10-03T22:00:36.000Z,36,1,60,59.6473,59.6473,0.9603,1.0082,0.3,1,1,RUNNING
F03,DEMO-DEVICE-01,2026-10-03T22:00:37.000Z,37,1,60,59.4294,59.4294,0.9447,1.0035,0.3,1,1,RUNNING
F03,DEMO-DEVICE-01,2026-10-03T22:00:38.000Z,38,1,60,59.4294,59.4294,0.9397,0.9985,0.3,1,1,RUNNING
F03,DEMO-DEVICE-01,2026-10-03T22:00:39.000Z,39,1,60,59.6473,59.6473,0.9457,0.9936,0.3,1,1,RUNNING
F03,DEMO-DEVICE-01,2026-10-03T22:00:40.000Z,40,1,60,60,60,0.9588,0.9891,0.3,1,1,RUNNING
F03,DEMO-DEVICE-01,2026-10-03T22:00:41.000Z,41,1,60,60.3527,60.3527,0.9727,0.9853,0.3,1,1,RUNNING
F03,DEMO-DEVICE-01,2026-10-03T22:00:42.000Z,42,1,60,60.5706,60.5706,0.9807,0.9824,0.3,1,1,RUNNING
F03,DEMO-DEVICE-01,2026-10-03T22:00:43.000Z,43,1,60,60.5706,60.5706,0.9789,0.9806,0.3,1,1,RUNNING
F03,DEMO-DEVICE-01,2026-10-03T22:00:44.000Z,44,1,60,60.3527,60.3527,0.9674,0.98,0.3,1,1,RUNNING
F03,DEMO-DEVICE-01,2026-10-03T22:00:45.000Z,45,1,60,60,60,0.9503,0.9806,0.3,1,1,RUNNING
F03,DEMO-DEVICE-01,2026-10-03T22:00:46.000Z,46,1,60,59.6473,59.6473,0.9346,0.9825,0.3,1,1,RUNNING
F03,DEMO-DEVICE-01,2026-10-03T22:00:47.000Z,47,1,60,59.4294,59.4294,0.9266,0.9854,0.3,1,1,RUNNING
F03,DEMO-DEVICE-01,2026-10-03T22:00:48.000Z,48,1,60,59.4294,59.4294,0.9305,0.9893,0.3,1,1,RUNNING
F03,DEMO-DEVICE-01,2026-10-03T22:00:49.000Z,49,1,60,59.6473,59.6473,0.9459,0.9938,0.3,1,1,RUNNING
F03,DEMO-DEVICE-01,2026-10-03T22:00:50.000Z,50,1,60,60,60,0.9684,0.9987,0.3,1,1,RUNNING
F03,DEMO-DEVICE-01,2026-10-03T22:00:51.000Z,51,1,60,60.3527,60.3527,0.9911,1.0037,0.3,1,1,RUNNING
F03,DEMO-DEVICE-01,2026-10-03T22:00:52.000Z,52,1,60,60.5706,60.5706,1.0067,1.0084,0.3,1,1,RUNNING
F03,DEMO-DEVICE-01,2026-10-03T22:00:53.000Z,53,1,60,60.5706,60.5706,1.0109,1.0126,0.3,1,1,RUNNING
F03,DEMO-DEVICE-01,2026-10-03T22:00:54.000Z,54,1,60,60.3527,60.3527,1.0035,1.0161,0.3,1,1,RUNNING
F03,DEMO-DEVICE-01,2026-10-03T22:00:55.000Z,55,1,60,60,60,0.9882,1.0185,0.3,1,1,RUNNING
F03,DEMO-DEVICE-01,2026-10-03T22:00:56.000Z,56,1,60,59.6473,59.6473,0.9719,1.0198,0.3,1,1,RUNNING
F03,DEMO-DEVICE-01,2026-10-03T22:00:57.000Z,57,1,60,59.4294,59.4294,0.9611,1.0199,0.3,1,1,RUNNING
F03,DEMO-DEVICE-01,2026-10-03T22:00:58.000Z,58,1,60,59.4294,59.4294,0.9599,1.0187,0.3,1,1,RUNNING
F03,DEMO-DEVICE-01,2026-10-03T22:00:59.000Z,59,1,60,59.6473,59.6473,0.9685,1.0164,0.3,1,1,RUNNING
F03,DEMO-DEVICE-01,2026-10-03T22:01:00.000Z,60,1,60,60,60,0.9827,1.013,0.3,1,1,RUNNING
F03,DEMO-DEVICE-01,2026-10-03T22:01:01.000Z,61,1,60,60.3527,60.3527,1.1982,1.0088,0.28,1,1,RUNNING
F03,DEMO-DEVICE-01,2026-10-03T22:01:02.000Z,62,1,60,60.5706,60.5706,1.4064,1.0041,0.26,1,1,RUNNING
F03,DEMO-DEVICE-01,2026-10-03T22:01:03.000Z,63,1,60,60.5706,60.5706,1.6035,0.9992,0.24,1,1,RUNNING
F03,DEMO-DEVICE-01,2026-10-03T22:01:04.000Z,64,1,60,60.3527,60.3527,1.7896,0.9942,0.22,1,1,RUNNING
F03,DEMO-DEVICE-01,2026-10-03T22:01:05.000Z,65,1,60,60,60,1.9695,0.9897,0.2,1,1,RUNNING
F03,DEMO-DEVICE-01,2026-10-03T22:01:06.000Z,66,1,60,59.6473,59.6473,2.15,0.9858,0.18,1,1,RUNNING
F03,DEMO-DEVICE-01,2026-10-03T22:01:07.000Z,67,1,60,59.4294,59.4294,2.338,0.9827,0.16,1,1,RUNNING
F03,DEMO-DEVICE-01,2026-10-03T22:01:08.000Z,68,1,60,59.4294,59.4294,2.5381,0.9808,0.14,1,1,RUNNING
F03,DEMO-DEVICE-01,2026-10-03T22:01:09.000Z,69,1,60,59.6473,59.6473,2.7503,0.98,0.12,1,1,RUNNING
F03,DEMO-DEVICE-01,2026-10-03T22:01:10.000Z,70,1,60,60,60,2.9704,0.9805,0.1,1,1,RUNNING
F03,DEMO-DEVICE-01,2026-10-03T22:01:11.000Z,71,1,60,60.3527,60.3527,3.1918,0.9822,0.08,1,1,RUNNING
F03,DEMO-DEVICE-01,2026-10-03T22:01:12.000Z,72,1,60,60.5706,60.5706,3.4075,0.985,0.06,1,1,RUNNING
F03,DEMO-DEVICE-01,2026-10-03T22:01:13.000Z,73,1,60,60.5706,60.5706,3.6132,0.9887,0.04,1,1,RUNNING
F03,DEMO-DEVICE-01,2026-10-03T22:01:14.000Z,74,1,60,60.3527,60.3527,3.8088,0.9932,0.02,1,1,RUNNING
F03,DEMO-DEVICE-01,2026-10-03T22:01:15.000Z,75,1,60,60,60,3.998,0.998,0,1,1,RUNNING
F03,DEMO-DEVICE-01,2026-10-03T22:01:16.000Z,76,1,60,59.6473,59.6473,4.1874,1.003,-0.02,1,1,RUNNING
F03,DEMO-DEVICE-01,2026-10-03T22:01:17.000Z,77,1,60,59.4294,59.4294,4.3833,1.0078,-0.04,1,1,RUNNING
F03,DEMO-DEVICE-01,2026-10-03T22:01:18.000Z,78,1,60,59.4294,59.4294,4.5896,1.0121,-0.06,1,1,RUNNING
F03,DEMO-DEVICE-01,2026-10-03T22:01:19.000Z,79,1,60,59.6473,59.6473,4.8061,1.0157,-0.08,1,1,RUNNING
F03,DEMO-DEVICE-01,2026-10-03T22:01:20.000Z,80,1,60,60,60,5.0284,1.0183,-0.1,1,1,RUNNING
F03,DEMO-DEVICE-01,2026-10-03T22:01:21.000Z,81,1,60,60.3527,60.3527,5.2494,1.0197,-0.12,1,1,RUNNING
F03,DEMO-DEVICE-01,2026-10-03T22:01:22.000Z,82,1,60,60.5706,60.5706,5.4626,1.0199,-0.14,1,1,RUNNING
F03,DEMO-DEVICE-01,2026-10-03T22:01:23.000Z,83,1,60,60.5706,60.5706,5.6636,1.0189,-0.16,1,1,RUNNING
F03,DEMO-DEVICE-01,2026-10-03T22:01:24.000Z,84,1,60,60.3527,60.3527,5.8525,1.0167,-0.18,1,1,RUNNING
F03,DEMO-DEVICE-01,2026-10-03T22:01:25.000Z,85,1,60,60,60,6.0337,1.0135,-0.2,1,1,RUNNING
F03,DEMO-DEVICE-01,2026-10-03T22:01:26.000Z,86,1,60,59.6473,59.6473,6.214,1.0094,-0.22,1,1,RUNNING
F03,DEMO-DEVICE-01,2026-10-03T22:01:27.000Z,87,1,60,59.4294,59.4294,6.4005,1.0048,-0.24,1,1,RUNNING
F03,DEMO-DEVICE-01,2026-10-03T22:01:28.000Z,88,1,60,59.4294,59.4294,6.5975,0.9998,-0.26,1,1,RUNNING
F03,DEMO-DEVICE-01,2026-10-03T22:01:29.000Z,89,1,60,59.6473,59.6473,6.8055,0.9949,-0.28,1,1,RUNNING
F03,DEMO-DEVICE-01,2026-10-03T22:01:30.000Z,90,1,60,60,60,7.0206,0.9903,-0.3,1,1,RUNNING
F03,DEMO-DEVICE-01,2026-10-03T22:01:31.000Z,91,1,60,60.3527,60.3527,7.0341,0.9862,-0.3,1,1,RUNNING
F03,DEMO-DEVICE-01,2026-10-03T22:01:32.000Z,92,1,60,60.5706,60.5706,7.0419,0.9831,-0.3,1,1,RUNNING
F03,DEMO-DEVICE-01,2026-10-03T22:01:33.000Z,93,1,60,60.5706,60.5706,7.0398,0.981,-0.3,1,1,RUNNING
F03,DEMO-DEVICE-01,2026-10-03T22:01:34.000Z,94,1,60,60.3527,60.3527,7.0279,0.98,-0.3,1,1,RUNNING
F03,DEMO-DEVICE-01,2026-10-03T22:01:35.000Z,95,1,60,60,60,7.0107,0.9804,-0.3,1,1,RUNNING
F03,DEMO-DEVICE-01,2026-10-03T22:01:36.000Z,96,1,60,59.6473,59.6473,6.9945,0.9819,-0.3,1,1,RUNNING
F03,DEMO-DEVICE-01,2026-10-03T22:01:37.000Z,97,1,60,59.4294,59.4294,6.9863,0.9846,-0.3,1,1,RUNNING
F03,DEMO-DEVICE-01,2026-10-03T22:01:38.000Z,98,1,60,59.4294,59.4294,6.9899,0.9882,-0.3,1,1,RUNNING
F03,DEMO-DEVICE-01,2026-10-03T22:01:39.000Z,99,1,60,59.6473,59.6473,7.0051,0.9925,-0.3,1,1,RUNNING
F03,DEMO-DEVICE-01,2026-10-03T22:01:40.000Z,100,1,60,60,60,7.0277,0.9974,-0.3,1,1,RUNNING
F03,DEMO-DEVICE-01,2026-10-03T22:01:41.000Z,101,1,60,60.3527,60.3527,7.0502,1.0023,-0.3,1,1,RUNNING
F03,DEMO-DEVICE-01,2026-10-03T22:01:42.000Z,102,1,60,60.5706,60.5706,7.066,1.0072,-0.3,1,1,RUNNING
F03,DEMO-DEVICE-01,2026-10-03T22:01:43.000Z,103,1,60,60.5706,60.5706,7.0704,1.0116,-0.3,1,1,RUNNING
F03,DEMO-DEVICE-01,2026-10-03T22:01:44.000Z,104,1,60,60.3527,60.3527,7.0632,1.0153,-0.3,1,1,RUNNING
F03,DEMO-DEVICE-01,2026-10-03T22:01:45.000Z,105,1,60,60,60,7.0483,1.018,-0.3,1,1,RUNNING
F03,DEMO-DEVICE-01,2026-10-03T22:01:46.000Z,106,1,60,59.6473,59.6473,7.0322,1.0196,-0.3,1,1,RUNNING
F03,DEMO-DEVICE-01,2026-10-03T22:01:47.000Z,107,1,60,59.4294,59.4294,7.0217,1.02,-0.3,1,1,RUNNING
F03,DEMO-DEVICE-01,2026-10-03T22:01:48.000Z,108,1,60,59.4294,59.4294,7.0208,1.0191,-0.3,1,1,RUNNING
F03,DEMO-DEVICE-01,2026-10-03T22:01:49.000Z,109,1,60,59.6473,59.6473,7.0297,1.0171,-0.3,1,1,RUNNING
F03,DEMO-DEVICE-01,2026-10-03T22:01:50.000Z,110,1,60,60,60,7.0443,1.014,-0.3,1,1,RUNNING
F03,DEMO-DEVICE-01,2026-10-03T22:01:51.000Z,111,1,60,60.3527,60.3527,7.0579,1.01,-0.3,1,1,RUNNING
F03,DEMO-DEVICE-01,2026-10-03T22:01:52.000Z,112,1,60,60.5706,60.5706,7.0642,1.0054,-0.3,1,1,RUNNING
F03,DEMO-DEVICE-01,2026-10-03T22:01:53.000Z,113,1,60,60.5706,60.5706,7.0593,1.0005,-0.3,1,1,RUNNING
F03,DEMO-DEVICE-01,2026-10-03T22:01:54.000Z,114,1,60,60.3527,60.3527,7.0434,0.9955,-0.3,1,1,RUNNING
F03,DEMO-DEVICE-01,2026-10-03T22:01:55.000Z,115,1,60,60,60,7.0211,0.9908,-0.3,1,1,RUNNING
F03,DEMO-DEVICE-01,2026-10-03T22:01:56.000Z,116,1,60,59.6473,59.6473,6.9993,0.9867,-0.3,1,1,RUNNING
F03,DEMO-DEVICE-01,2026-10-03T22:01:57.000Z,117,1,60,59.4294,59.4294,6.9851,0.9834,-0.3,1,1,RUNNING
F03,DEMO-DEVICE-01,2026-10-03T22:01:58.000Z,118,1,60,59.4294,59.4294,6.9829,0.9812,-0.3,1,1,RUNNING
F03,DEMO-DEVICE-01,2026-10-03T22:01:59.000Z,119,1,60,59.6473,59.6473,6.9927,0.9801,-0.3,1,1,RUNNING
F03,DEMO-DEVICE-01,2026-10-03T22:02:00.000Z,120,1,60,60,60,7.0105,0.9802,-0.3,1,1,RUNNING
F03,DEMO-DEVICE-01,2026-10-03T22:02:01.000Z,121,1,60,60.3527,60.3527,7.0295,0.9816,-0.3,1,1,RUNNING
F03,DEMO-DEVICE-01,2026-10-03T22:02:02.000Z,122,1,60,60.5706,60.5706,7.0429,0.9841,-0.3,1,1,RUNNING
F03,DEMO-DEVICE-01,2026-10-03T22:02:03.000Z,123,1,60,60.5706,60.5706,7.0464,0.9876,-0.3,1,1,RUNNING
F03,DEMO-DEVICE-01,2026-10-03T22:02:04.000Z,124,1,60,60.3527,60.3527,7.0398,0.9919,-0.3,1,1,RUNNING
F03,DEMO-DEVICE-01,2026-10-03T22:02:05.000Z,125,1,60,60,60,7.027,0.9967,-0.3,1,1,RUNNING
F03,DEMO-DEVICE-01,2026-10-03T22:02:06.000Z,126,1,60,59.6473,59.6473,7.0143,1.0017,-0.3,1,1,RUNNING
F03,DEMO-DEVICE-01,2026-10-03T22:02:07.000Z,127,1,60,59.4294,59.4294,7.0083,1.0066,-0.3,1,1,RUNNING
F03,DEMO-DEVICE-01,2026-10-03T22:02:08.000Z,128,1,60,59.4294,59.4294,7.0127,1.011,-0.3,1,1,RUNNING
F03,DEMO-DEVICE-01,2026-10-03T22:02:09.000Z,129,1,60,59.6473,59.6473,7.0274,1.0148,-0.3,1,1,RUNNING
F03,DEMO-DEVICE-01,2026-10-03T22:02:10.000Z,130,1,60,60,60,7.048,1.0177,-0.3,1,1,RUNNING
F03,DEMO-DEVICE-01,2026-10-03T22:02:11.000Z,131,1,60,60.3527,60.3527,7.0673,1.0194,-0.3,1,1,RUNNING
F03,DEMO-DEVICE-01,2026-10-03T22:02:12.000Z,132,1,60,60.5706,60.5706,7.0788,1.02,-0.3,1,1,RUNNING
F03,DEMO-DEVICE-01,2026-10-03T22:02:13.000Z,133,1,60,60.5706,60.5706,7.0781,1.0193,-0.3,1,1,RUNNING
F03,DEMO-DEVICE-01,2026-10-03T22:02:14.000Z,134,1,60,60.3527,60.3527,7.0653,1.0174,-0.3,1,1,RUNNING
F03,DEMO-DEVICE-01,2026-10-03T22:02:15.000Z,135,1,60,60,60,7.0448,1.0145,-0.3,1,1,RUNNING
F03,DEMO-DEVICE-01,2026-10-03T22:02:16.000Z,136,1,60,59.6473,59.6473,7.0232,1.0106,-0.3,1,1,RUNNING
F03,DEMO-DEVICE-01,2026-10-03T22:02:17.000Z,137,1,60,59.4294,59.4294,7.0078,1.0061,-0.3,1,1,RUNNING
F03,DEMO-DEVICE-01,2026-10-03T22:02:18.000Z,138,1,60,59.4294,59.4294,7.0028,1.0011,-0.3,1,1,RUNNING
F03,DEMO-DEVICE-01,2026-10-03T22:02:19.000Z,139,1,60,59.6473,59.6473,7.0088,0.9962,-0.3,1,1,RUNNING
F03,DEMO-DEVICE-01,2026-10-03T22:02:20.000Z,140,1,60,60,60,7.0217,0.9914,-0.3,1,1,RUNNING
F03,DEMO-DEVICE-01,2026-10-03T22:02:21.000Z,141,1,60,60.3527,60.3527,7.0351,0.9872,-0.3,1,1,RUNNING
F03,DEMO-DEVICE-01,2026-10-03T22:02:22.000Z,142,1,60,60.5706,60.5706,7.0426,0.9838,-0.3,1,1,RUNNING
F03,DEMO-DEVICE-01,2026-10-03T22:02:23.000Z,143,1,60,60.5706,60.5706,7.0402,0.9814,-0.3,1,1,RUNNING
F03,DEMO-DEVICE-01,2026-10-03T22:02:24.000Z,144,1,60,60.3527,60.3527,7.0281,0.9802,-0.3,1,1,RUNNING
F03,DEMO-DEVICE-01,2026-10-03T22:02:25.000Z,145,1,60,60,60,7.0104,0.9801,-0.3,1,1,RUNNING
F03,DEMO-DEVICE-01,2026-10-03T22:02:26.000Z,146,1,60,59.6473,59.6473,6.994,0.9814,-0.3,1,1,RUNNING
F03,DEMO-DEVICE-01,2026-10-03T22:02:27.000Z,147,1,60,59.4294,59.4294,6.9854,0.9837,-0.3,1,1,RUNNING
F03,DEMO-DEVICE-01,2026-10-03T22:02:28.000Z,148,1,60,59.4294,59.4294,6.9888,0.9871,-0.3,1,1,RUNNING
F03,DEMO-DEVICE-01,2026-10-03T22:02:29.000Z,149,1,60,59.6473,59.6473,7.0039,0.9913,-0.3,1,1,RUNNING
F03,DEMO-DEVICE-01,2026-10-03T22:02:30.000Z,150,1,60,60,60,7.0263,0.996,-0.3,1,1,RUNNING
F03,DEMO-DEVICE-01,2026-10-03T22:02:31.000Z,151,1,60,60.3527,60.3527,7.0489,1.001,-0.3,1,1,RUNNING
F03,DEMO-DEVICE-01,2026-10-03T22:02:32.000Z,152,1,60,60.5706,60.5706,7.0647,1.0059,-0.3,1,1,RUNNING
F03,DEMO-DEVICE-01,2026-10-03T22:02:33.000Z,153,1,60,60.5706,60.5706,7.0693,1.0105,-0.3,1,1,RUNNING
F03,DEMO-DEVICE-01,2026-10-03T22:02:34.000Z,154,1,60,60.3527,60.3527,7.0623,1.0144,-0.3,1,1,RUNNING
F03,DEMO-DEVICE-01,2026-10-03T22:02:35.000Z,155,1,60,60,60,7.0477,1.0174,-0.3,1,1,RUNNING
F03,DEMO-DEVICE-01,2026-10-03T22:02:36.000Z,156,1,60,59.6473,59.6473,7.0319,1.0193,-0.3,1,1,RUNNING
F03,DEMO-DEVICE-01,2026-10-03T22:02:37.000Z,157,1,60,59.4294,59.4294,7.0217,1.02,-0.3,1,1,RUNNING
F03,DEMO-DEVICE-01,2026-10-03T22:02:38.000Z,158,1,60,59.4294,59.4294,7.0212,1.0195,-0.3,1,1,RUNNING
F03,DEMO-DEVICE-01,2026-10-03T22:02:39.000Z,159,1,60,59.6473,59.6473,7.0303,1.0177,-0.3,1,1,RUNNING
F03,DEMO-DEVICE-01,2026-10-03T22:02:40.000Z,160,1,60,60,60,7.0452,1.0149,-0.3,1,1,RUNNING
F03,DEMO-DEVICE-01,2026-10-03T22:02:41.000Z,161,1,60,60.3527,60.3527,7.059,1.0111,-0.3,1,1,RUNNING
F03,DEMO-DEVICE-01,2026-10-03T22:02:42.000Z,162,1,60,60.5706,60.5706,7.0655,1.0067,-0.3,1,1,RUNNING
F03,DEMO-DEVICE-01,2026-10-03T22:02:43.000Z,163,1,60,60.5706,60.5706,7.0606,1.0018,-0.3,1,1,RUNNING
F03,DEMO-DEVICE-01,2026-10-03T22:02:44.000Z,164,1,60,60.3527,60.3527,7.0447,0.9968,-0.3,1,1,RUNNING
F03,DEMO-DEVICE-01,2026-10-03T22:02:45.000Z,165,1,60,60,60,7.0223,0.992,-0.3,1,1,RUNNING
F03,DEMO-DEVICE-01,2026-10-03T22:02:46.000Z,166,1,60,59.6473,59.6473,7.0003,0.9877,-0.3,1,1,RUNNING
F03,DEMO-DEVICE-01,2026-10-03T22:02:47.000Z,167,1,60,59.4294,59.4294,6.9859,0.9842,-0.3,1,1,RUNNING
F03,DEMO-DEVICE-01,2026-10-03T22:02:48.000Z,168,1,60,59.4294,59.4294,6.9834,0.9817,-0.3,1,1,RUNNING
F03,DEMO-DEVICE-01,2026-10-03T22:02:49.000Z,169,1,60,59.6473,59.6473,6.9929,0.9803,-0.3,1,1,RUNNING
F03,DEMO-DEVICE-01,2026-10-03T22:02:50.000Z,170,1,60,60,60,7.0104,0.9801,-0.3,1,1,RUNNING
F03,DEMO-DEVICE-01,2026-10-03T22:02:51.000Z,171,1,60,60.3527,60.3527,7.029,0.9811,-0.3,1,1,RUNNING
F03,DEMO-DEVICE-01,2026-10-03T22:02:52.000Z,172,1,60,60.5706,60.5706,7.0422,0.9834,-0.3,1,1,RUNNING
F03,DEMO-DEVICE-01,2026-10-03T22:02:53.000Z,173,1,60,60.5706,60.5706,7.0454,0.9866,-0.3,1,1,RUNNING
F03,DEMO-DEVICE-01,2026-10-03T22:02:54.000Z,174,1,60,60.3527,60.3527,7.0386,0.9907,-0.3,1,1,RUNNING
F03,DEMO-DEVICE-01,2026-10-03T22:02:55.000Z,175,1,60,60,60,7.0257,0.9954,-0.3,1,1,RUNNING
F03,DEMO-DEVICE-01,2026-10-03T22:02:56.000Z,176,1,60,59.6473,59.6473,7.013,1.0004,-0.3,1,1,RUNNING
F03,DEMO-DEVICE-01,2026-10-03T22:02:57.000Z,177,1,60,59.4294,59.4294,7.007,1.0053,-0.3,1,1,RUNNING
F03,DEMO-DEVICE-01,2026-10-03T22:02:58.000Z,178,1,60,59.4294,59.4294,7.0116,1.0099,-0.3,1,1,RUNNING
F03,DEMO-DEVICE-01,2026-10-03T22:02:59.000Z,179,1,60,59.6473,59.6473,7.0265,1.0139,-0.3,1,1,RUNNING
F03,DEMO-DEVICE-01,2026-10-03T22:03:00.000Z,180,1,60,60,60,7.0473,1.017,-0.3,1,1,RUNNING
F04,DEMO-DEVICE-01,2026-10-03T23:00:01.000Z,1,1,60,60.3527,60.3527,0.9923,1.0049,0.3,1,1,RUNNING
F04,DEMO-DEVICE-01,2026-10-03T23:00:02.000Z,2,1,60,60.5706,60.5706,1.0079,1.0096,0.3,1,1,RUNNING
F04,DEMO-DEVICE-01,2026-10-03T23:00:03.000Z,3,1,60,60.5706,60.5706,1.0119,1.0136,0.3,1,1,RUNNING
F04,DEMO-DEVICE-01,2026-10-03T23:00:04.000Z,4,1,60,60.3527,60.3527,1.0042,1.0168,0.3,1,1,RUNNING
F04,DEMO-DEVICE-01,2026-10-03T23:00:05.000Z,5,1,60,60,60,0.9887,1.019,0.3,1,1,RUNNING
F04,DEMO-DEVICE-01,2026-10-03T23:00:06.000Z,6,1,60,59.6473,59.6473,0.972,1.0199,0.3,1,1,RUNNING
F04,DEMO-DEVICE-01,2026-10-03T23:00:07.000Z,7,1,60,59.4294,59.4294,0.9609,1.0197,0.3,1,1,RUNNING
F04,DEMO-DEVICE-01,2026-10-03T23:00:08.000Z,8,1,60,59.4294,59.4294,0.9594,1.0182,0.3,1,1,RUNNING
F04,DEMO-DEVICE-01,2026-10-03T23:00:09.000Z,9,1,60,59.6473,59.6473,0.9677,1.0156,0.3,1,1,RUNNING
F04,DEMO-DEVICE-01,2026-10-03T23:00:10.000Z,10,1,60,60,60,0.9817,1.012,0.3,1,1,RUNNING
F04,DEMO-DEVICE-01,2026-10-03T23:00:11.000Z,11,1,60,60.3527,60.3527,0.995,1.0076,0.3,1,1,RUNNING
F04,DEMO-DEVICE-01,2026-10-03T23:00:12.000Z,12,1,60,60.5706,60.5706,1.0011,1.0028,0.3,1,1,RUNNING
F04,DEMO-DEVICE-01,2026-10-03T23:00:13.000Z,13,1,60,60.5706,60.5706,0.9961,0.9978,0.3,1,1,RUNNING
F04,DEMO-DEVICE-01,2026-10-03T23:00:14.000Z,14,1,60,60.3527,60.3527,0.9804,0.993,0.3,1,1,RUNNING
F04,DEMO-DEVICE-01,2026-10-03T23:00:15.000Z,15,1,60,60,60,0.9583,0.9886,0.3,1,1,RUNNING
F04,DEMO-DEVICE-01,2026-10-03T23:00:16.000Z,16,1,60,59.6473,59.6473,0.937,0.9849,0.3,1,1,RUNNING
F04,DEMO-DEVICE-01,2026-10-03T23:00:17.000Z,17,1,60,59.4294,59.4294,0.9233,0.9821,0.3,1,1,RUNNING
F04,DEMO-DEVICE-01,2026-10-03T23:00:18.000Z,18,1,60,59.4294,59.4294,0.9216,0.9804,0.3,1,1,RUNNING
F04,DEMO-DEVICE-01,2026-10-03T23:00:19.000Z,19,1,60,59.6473,59.6473,0.9321,0.98,0.3,1,1,RUNNING
F04,DEMO-DEVICE-01,2026-10-03T23:00:20.000Z,20,1,60,60,60,0.9505,0.9808,0.3,1,1,RUNNING
F04,DEMO-DEVICE-01,2026-10-03T23:00:21.000Z,21,1,60,60.3527,60.3527,0.9702,0.9828,0.3,1,1,RUNNING
F04,DEMO-DEVICE-01,2026-10-03T23:00:22.000Z,22,1,60,60.5706,60.5706,0.9842,0.9859,0.3,1,1,RUNNING
F04,DEMO-DEVICE-01,2026-10-03T23:00:23.000Z,23,1,60,60.5706,60.5706,0.9881,0.9898,0.3,1,1,RUNNING
F04,DEMO-DEVICE-01,2026-10-03T23:00:24.000Z,24,1,60,60.3527,60.3527,0.9818,0.9944,0.3,1,1,RUNNING
F04,DEMO-DEVICE-01,2026-10-03T23:00:25.000Z,25,1,60,60,60,0.969,0.9993,0.3,1,1,RUNNING
F04,DEMO-DEVICE-01,2026-10-03T23:00:26.000Z,26,1,60,59.6473,59.6473,0.9564,1.0043,0.3,1,1,RUNNING
F04,DEMO-DEVICE-01,2026-10-03T23:00:27.000Z,27,1,60,59.4294,59.4294,0.9502,1.009,0.3,1,1,RUNNING
F04,DEMO-DEVICE-01,2026-10-03T23:00:28.000Z,28,1,60,59.4294,59.4294,0.9543,1.0131,0.3,1,1,RUNNING
F04,DEMO-DEVICE-01,2026-10-03T23:00:29.000Z,29,1,60,59.6473,59.6473,0.9686,1.0165,0.3,1,1,RUNNING
F04,DEMO-DEVICE-01,2026-10-03T23:00:30.000Z,30,1,60,60,60,0.9885,1.0188,0.3,1,1,RUNNING
F04,DEMO-DEVICE-01,2026-10-03T23:00:31.000Z,31,1,60,60.3527,60.3527,1.0073,1.0199,0.3,1,1,RUNNING
F04,DEMO-DEVICE-01,2026-10-03T23:00:32.000Z,32,1,60,60.5706,60.5706,1.0181,1.0198,0.3,1,1,RUNNING
F04,DEMO-DEVICE-01,2026-10-03T23:00:33.000Z,33,1,60,60.5706,60.5706,1.0168,1.0185,0.3,1,1,RUNNING
F04,DEMO-DEVICE-01,2026-10-03T23:00:34.000Z,34,1,60,60.3527,60.3527,1.0034,1.016,0.3,1,1,RUNNING
F04,DEMO-DEVICE-01,2026-10-03T23:00:35.000Z,35,1,60,60,60,0.9822,1.0125,0.3,1,1,RUNNING
F04,DEMO-DEVICE-01,2026-10-03T23:00:36.000Z,36,1,60,59.6473,59.6473,0.9603,1.0082,0.3,1,1,RUNNING
F04,DEMO-DEVICE-01,2026-10-03T23:00:37.000Z,37,1,60,59.4294,59.4294,0.9447,1.0035,0.3,1,1,RUNNING
F04,DEMO-DEVICE-01,2026-10-03T23:00:38.000Z,38,1,60,59.4294,59.4294,0.9397,0.9985,0.3,1,1,RUNNING
F04,DEMO-DEVICE-01,2026-10-03T23:00:39.000Z,39,1,60,59.6473,59.6473,0.9457,0.9936,0.3,1,1,RUNNING
F04,DEMO-DEVICE-01,2026-10-03T23:00:40.000Z,40,1,60,60,60,0.9588,0.9891,0.3,1,1,RUNNING
F04,DEMO-DEVICE-01,2026-10-03T23:00:41.000Z,41,1,60,60.3527,60.3527,0.9727,0.9853,0.3,1,1,RUNNING
F04,DEMO-DEVICE-01,2026-10-03T23:00:42.000Z,42,1,60,60.5706,60.5706,0.9807,0.9824,0.3,1,1,RUNNING
F04,DEMO-DEVICE-01,2026-10-03T23:00:43.000Z,43,1,60,60.5706,60.5706,0.9789,0.9806,0.3,1,1,RUNNING
F04,DEMO-DEVICE-01,2026-10-03T23:00:44.000Z,44,1,60,60.3527,60.3527,0.9674,0.98,0.3,1,1,RUNNING
F04,DEMO-DEVICE-01,2026-10-03T23:00:45.000Z,45,1,60,60,60,0.9503,0.9806,0.3,1,1,RUNNING
F04,DEMO-DEVICE-01,2026-10-03T23:00:46.000Z,46,1,60,59.6473,59.6473,0.9346,0.9825,0.3,1,1,RUNNING
F04,DEMO-DEVICE-01,2026-10-03T23:00:47.000Z,47,1,60,59.4294,59.4294,0.9266,0.9854,0.3,1,1,RUNNING
F04,DEMO-DEVICE-01,2026-10-03T23:00:48.000Z,48,1,60,59.4294,59.4294,0.9305,0.9893,0.3,1,1,RUNNING
F04,DEMO-DEVICE-01,2026-10-03T23:00:49.000Z,49,1,60,59.6473,59.6473,0.9459,0.9938,0.3,1,1,RUNNING
F04,DEMO-DEVICE-01,2026-10-03T23:00:50.000Z,50,1,60,60,60,0.9684,0.9987,0.3,1,1,RUNNING
F04,DEMO-DEVICE-01,2026-10-03T23:00:51.000Z,51,1,60,60.3527,60.3527,0.9911,1.0037,0.3,1,1,RUNNING
F04,DEMO-DEVICE-01,2026-10-03T23:00:52.000Z,52,1,60,60.5706,60.5706,1.0067,1.0084,0.3,1,1,RUNNING
F04,DEMO-DEVICE-01,2026-10-03T23:00:53.000Z,53,1,60,60.5706,60.5706,1.0109,1.0126,0.3,1,1,RUNNING
F04,DEMO-DEVICE-01,2026-10-03T23:00:54.000Z,54,1,60,60.3527,60.3527,1.0035,1.0161,0.3,1,1,RUNNING
F04,DEMO-DEVICE-01,2026-10-03T23:00:55.000Z,55,1,60,60,60,0.9882,1.0185,0.3,1,1,RUNNING
F04,DEMO-DEVICE-01,2026-10-03T23:00:56.000Z,56,1,60,59.6473,59.6473,0.9719,1.0198,0.3,1,1,RUNNING
F04,DEMO-DEVICE-01,2026-10-03T23:00:57.000Z,57,1,60,59.4294,59.4294,0.9611,1.0199,0.3,1,1,RUNNING
F04,DEMO-DEVICE-01,2026-10-03T23:00:58.000Z,58,1,60,59.4294,59.4294,0.9599,1.0187,0.3,1,1,RUNNING
F04,DEMO-DEVICE-01,2026-10-03T23:00:59.000Z,59,1,60,59.6473,59.6473,0.9685,1.0164,0.3,1,1,RUNNING
F04,DEMO-DEVICE-01,2026-10-03T23:01:00.000Z,60,1,60,60,60,0.9827,1.013,0.3,1,1,RUNNING
F04,DEMO-DEVICE-01,2026-10-03T23:01:01.000Z,61,1,60,59.1801,59.1801,2.0225,1.0088,0.3,1,1,RUNNING
F04,DEMO-DEVICE-01,2026-10-03T23:01:02.000Z,62,1,60,58.2183,58.2183,3.0194,1.0041,0.3,1,1,RUNNING
F04,DEMO-DEVICE-01,2026-10-03T23:01:03.000Z,63,1,60,57.0421,57.0421,3.9584,0.9992,0.3,1,1,RUNNING
F04,DEMO-DEVICE-01,2026-10-03T23:01:04.000Z,64,1,60,55.6625,55.6625,4.829,0.9942,0.3,1,1,RUNNING
F04,DEMO-DEVICE-01,2026-10-03T23:01:05.000Z,65,1,60,54.1667,54.1667,5.6331,0.9897,0.3,1,1,RUNNING
F04,DEMO-DEVICE-01,2026-10-03T23:01:06.000Z,66,1,60,52.6826,52.6826,6.3848,0.9858,0.3,1,1,RUNNING
F04,DEMO-DEVICE-01,2026-10-03T23:01:07.000Z,67,1,60,51.3293,51.3293,7.1062,0.9827,0.3,1,1,RUNNING
F04,DEMO-DEVICE-01,2026-10-03T23:01:08.000Z,68,1,60,50.1721,50.1721,7.8177,0.9808,0.3,1,1,RUNNING
F04,DEMO-DEVICE-01,2026-10-03T23:01:09.000Z,69,1,60,49.2002,49.2002,8.5278,0.98,0.3,1,1,RUNNING
F04,DEMO-DEVICE-01,2026-10-03T23:01:10.000Z,70,1,60,48.3333,48.3333,9.228,0.9805,0.3,1,1,RUNNING
F04,DEMO-DEVICE-01,2026-10-03T23:01:11.000Z,71,1,60,47.4547,47.4547,9.8947,0.9822,0.3,1,1,RUNNING
F04,DEMO-DEVICE-01,2026-10-03T23:01:12.000Z,72,1,60,46.4565,46.4565,10.498,0.985,0.3,1,1,RUNNING
F04,DEMO-DEVICE-01,2026-10-03T23:01:13.000Z,73,1,60,45.2803,45.2803,11.0143,0.9887,0.3,1,1,RUNNING
F04,DEMO-DEVICE-01,2026-10-03T23:01:14.000Z,74,1,60,43.937,43.937,11.437,0.9932,0.3,1,1,RUNNING
F04,DEMO-DEVICE-01,2026-10-03T23:01:15.000Z,75,1,60,42.5,42.5,11.7802,0.998,0.3,1,1,RUNNING
F04,DEMO-DEVICE-01,2026-10-03T23:01:16.000Z,76,1,60,41.0747,41.0747,12.0751,1.003,0.3,1,1,RUNNING
F04,DEMO-DEVICE-01,2026-10-03T23:01:17.000Z,77,1,60,39.7577,39.7577,12.3566,1.0078,0.3,1,1,RUNNING
F04,DEMO-DEVICE-01,2026-10-03T23:01:18.000Z,78,1,60,38.6006,38.6006,12.6501,1.0121,0.3,1,1,RUNNING
F04,DEMO-DEVICE-01,2026-10-03T23:01:19.000Z,79,1,60,37.5923,37.5923,12.9597,1.0157,0.3,1,1,RUNNING
F04,DEMO-DEVICE-01,2026-10-03T23:01:20.000Z,80,1,60,36.6667,36.6667,13.2658,1.0183,0.3,1,1,RUNNING
F04,DEMO-DEVICE-01,2026-10-03T23:01:21.000Z,81,1,60,35.7292,35.7292,13.5317,1.0197,0.3,1,1,RUNNING
F04,DEMO-DEVICE-01,2026-10-03T23:01:22.000Z,82,1,60,34.6947,34.6947,13.7179,1.0199,0.3,1,1,RUNNING
F04,DEMO-DEVICE-01,2026-10-03T23:01:23.000Z,83,1,60,33.5186,33.5186,13.7982,1.0189,0.3,1,1,RUNNING
F04,DEMO-DEVICE-01,2026-10-03T23:01:24.000Z,84,1,60,32.2116,32.2116,13.7701,1.0167,0.3,1,1,RUNNING
F04,DEMO-DEVICE-01,2026-10-03T23:01:25.000Z,85,1,60,30.8333,30.8333,13.6569,1.0135,0.3,1,1,RUNNING
F04,DEMO-DEVICE-01,2026-10-03T23:01:26.000Z,86,1,60,29.4668,29.4668,13.4983,1.0094,0.3,1,1,RUNNING
F04,DEMO-DEVICE-01,2026-10-03T23:01:27.000Z,87,1,60,28.1862,28.1862,13.336,1.0048,0.3,1,1,RUNNING
F04,DEMO-DEVICE-01,2026-10-03T23:01:28.000Z,88,1,60,27.029,27.029,13.1959,0.9998,0.3,1,1,RUNNING
F04,DEMO-DEVICE-01,2026-10-03T23:01:29.000Z,89,1,60,25.9845,25.9845,13.0789,0.9949,0.3,1,1,RUNNING
F04,DEMO-DEVICE-01,2026-10-03T23:01:30.000Z,90,1,60,25,25,12.96,0.9903,0.3,1,1,RUNNING
F04,DEMO-DEVICE-01,2026-10-03T23:01:31.000Z,91,1,60,25.1763,25.1763,13.0617,0.9862,0.3,1,1,RUNNING
F04,DEMO-DEVICE-01,2026-10-03T23:01:32.000Z,92,1,60,25.2853,25.2853,13.124,0.9831,0.3,1,1,RUNNING
F04,DEMO-DEVICE-01,2026-10-03T23:01:33.000Z,93,1,60,25.2853,25.2853,13.1219,0.981,0.3,1,1,RUNNING
F04,DEMO-DEVICE-01,2026-10-03T23:01:34.000Z,94,1,60,25.1763,25.1763,13.0555,0.98,0.3,1,1,RUNNING
F04,DEMO-DEVICE-01,2026-10-03T23:01:35.000Z,95,1,60,25,25,12.9501,0.9804,0.3,1,1,RUNNING
F04,DEMO-DEVICE-01,2026-10-03T23:01:36.000Z,96,1,60,24.8237,24.8237,12.8458,0.9819,0.3,1,1,RUNNING
F04,DEMO-DEVICE-01,2026-10-03T23:01:37.000Z,97,1,60,24.7147,24.7147,12.7832,0.9846,0.3,1,1,RUNNING
F04,DEMO-DEVICE-01,2026-10-03T23:01:38.000Z,98,1,60,24.7147,24.7147,12.7868,0.9882,0.3,1,1,RUNNING
F04,DEMO-DEVICE-01,2026-10-03T23:01:39.000Z,99,1,60,24.8237,24.8237,12.8564,0.9925,0.3,1,1,RUNNING
F04,DEMO-DEVICE-01,2026-10-03T23:01:40.000Z,100,1,60,25,25,12.9671,0.9974,0.3,1,1,RUNNING
F04,DEMO-DEVICE-01,2026-10-03T23:01:41.000Z,101,1,60,25.1763,25.1763,13.0778,1.0023,0.3,1,1,RUNNING
F04,DEMO-DEVICE-01,2026-10-03T23:01:42.000Z,102,1,60,25.2853,25.2853,13.1481,1.0072,0.3,1,1,RUNNING
F04,DEMO-DEVICE-01,2026-10-03T23:01:43.000Z,103,1,60,25.2853,25.2853,13.1525,1.0116,0.3,1,1,RUNNING
F04,DEMO-DEVICE-01,2026-10-03T23:01:44.000Z,104,1,60,25.1763,25.1763,13.0908,1.0153,0.3,1,1,RUNNING
F04,DEMO-DEVICE-01,2026-10-03T23:01:45.000Z,105,1,60,25,25,12.9877,1.018,0.3,1,1,RUNNING
F04,DEMO-DEVICE-01,2026-10-03T23:01:46.000Z,106,1,60,24.8237,24.8237,12.8835,1.0196,0.3,1,1,RUNNING
F04,DEMO-DEVICE-01,2026-10-03T23:01:47.000Z,107,1,60,24.7147,24.7147,12.8186,1.02,0.3,1,1,RUNNING
F04,DEMO-DEVICE-01,2026-10-03T23:01:48.000Z,108,1,60,24.7147,24.7147,12.8177,1.0191,0.3,1,1,RUNNING
F04,DEMO-DEVICE-01,2026-10-03T23:01:49.000Z,109,1,60,24.8237,24.8237,12.881,1.0171,0.3,1,1,RUNNING
F04,DEMO-DEVICE-01,2026-10-03T23:01:50.000Z,110,1,60,25,25,12.9837,1.014,0.3,1,1,RUNNING
F04,DEMO-DEVICE-01,2026-10-03T23:01:51.000Z,111,1,60,25.1763,25.1763,13.0855,1.01,0.3,1,1,RUNNING
F04,DEMO-DEVICE-01,2026-10-03T23:01:52.000Z,112,1,60,25.2853,25.2853,13.1463,1.0054,0.3,1,1,RUNNING
F04,DEMO-DEVICE-01,2026-10-03T23:01:53.000Z,113,1,60,25.2853,25.2853,13.1414,1.0005,0.3,1,1,RUNNING
F04,DEMO-DEVICE-01,2026-10-03T23:01:54.000Z,114,1,60,25.1763,25.1763,13.071,0.9955,0.3,1,1,RUNNING
F04,DEMO-DEVICE-01,2026-10-03T23:01:55.000Z,115,1,60,25,25,12.9605,0.9908,0.3,1,1,RUNNING
F04,DEMO-DEVICE-01,2026-10-03T23:01:56.000Z,116,1,60,24.8237,24.8237,12.8506,0.9867,0.3,1,1,RUNNING
F04,DEMO-DEVICE-01,2026-10-03T23:01:57.000Z,117,1,60,24.7147,24.7147,12.782,0.9834,0.3,1,1,RUNNING
F04,DEMO-DEVICE-01,2026-10-03T23:01:58.000Z,118,1,60,24.7147,24.7147,12.7798,0.9812,0.3,1,1,RUNNING
F04,DEMO-DEVICE-01,2026-10-03T23:01:59.000Z,119,1,60,24.8237,24.8237,12.844,0.9801,0.3,1,1,RUNNING
F04,DEMO-DEVICE-01,2026-10-03T23:02:00.000Z,120,1,60,25,25,12.9499,0.9802,0.3,1,1,RUNNING
F04,DEMO-DEVICE-01,2026-10-03T23:02:01.000Z,121,1,60,25.1763,25.1763,13.0571,0.9816,0.3,1,1,RUNNING
F04,DEMO-DEVICE-01,2026-10-03T23:02:02.000Z,122,1,60,25.2853,25.2853,13.125,0.9841,0.3,1,1,RUNNING
F04,DEMO-DEVICE-01,2026-10-03T23:02:03.000Z,123,1,60,25.2853,25.2853,13.1285,0.9876,0.3,1,1,RUNNING
F04,DEMO-DEVICE-01,2026-10-03T23:02:04.000Z,124,1,60,25.1763,25.1763,13.0674,0.9919,0.3,1,1,RUNNING
F04,DEMO-DEVICE-01,2026-10-03T23:02:05.000Z,125,1,60,25,25,12.9664,0.9967,0.3,1,1,RUNNING
F04,DEMO-DEVICE-01,2026-10-03T23:02:06.000Z,126,1,60,24.8237,24.8237,12.8656,1.0017,0.3,1,1,RUNNING
F04,DEMO-DEVICE-01,2026-10-03T23:02:07.000Z,127,1,60,24.7147,24.7147,12.8052,1.0066,0.3,1,1,RUNNING
F04,DEMO-DEVICE-01,2026-10-03T23:02:08.000Z,128,1,60,24.7147,24.7147,12.8096,1.011,0.3,1,1,RUNNING
F04,DEMO-DEVICE-01,2026-10-03T23:02:09.000Z,129,1,60,24.8237,24.8237,12.8787,1.0148,0.3,1,1,RUNNING
F04,DEMO-DEVICE-01,2026-10-03T23:02:10.000Z,130,1,60,25,25,12.9874,1.0177,0.3,1,1,RUNNING
F04,DEMO-DEVICE-01,2026-10-03T23:02:11.000Z,131,1,60,25.1763,25.1763,13.0949,1.0194,0.3,1,1,RUNNING
F04,DEMO-DEVICE-01,2026-10-03T23:02:12.000Z,132,1,60,25.2853,25.2853,13.1609,1.02,0.3,1,1,RUNNING
F04,DEMO-DEVICE-01,2026-10-03T23:02:13.000Z,133,1,60,25.2853,25.2853,13.1602,1.0193,0.3,1,1,RUNNING
F04,DEMO-DEVICE-01,2026-10-03T23:02:14.000Z,134,1,60,25.1763,25.1763,13.0929,1.0174,0.3,1,1,RUNNING
F04,DEMO-DEVICE-01,2026-10-03T23:02:15.000Z,135,1,60,25,25,12.9842,1.0145,0.3,1,1,RUNNING
F04,DEMO-DEVICE-01,2026-10-03T23:02:16.000Z,136,1,60,24.8237,24.8237,12.8745,1.0106,0.3,1,1,RUNNING
F04,DEMO-DEVICE-01,2026-10-03T23:02:17.000Z,137,1,60,24.7147,24.7147,12.8047,1.0061,0.3,1,1,RUNNING
F04,DEMO-DEVICE-01,2026-10-03T23:02:18.000Z,138,1,60,24.7147,24.7147,12.7997,1.0011,0.3,1,1,RUNNING
F04,DEMO-DEVICE-01,2026-10-03T23:02:19.000Z,139,1,60,24.8237,24.8237,12.8601,0.9962,0.3,1,1,RUNNING
F04,DEMO-DEVICE-01,2026-10-03T23:02:20.000Z,140,1,60,25,25,12.9611,0.9914,0.3,1,1,RUNNING
F04,DEMO-DEVICE-01,2026-10-03T23:02:21.000Z,141,1,60,25.1763,25.1763,13.0627,0.9872,0.3,1,1,RUNNING
F04,DEMO-DEVICE-01,2026-10-03T23:02:22.000Z,142,1,60,25.2853,25.2853,13.1247,0.9838,0.3,1,1,RUNNING
F04,DEMO-DEVICE-01,2026-10-03T23:02:23.000Z,143,1,60,25.2853,25.2853,13.1223,0.9814,0.3,1,1,RUNNING
F04,DEMO-DEVICE-01,2026-10-03T23:02:24.000Z,144,1,60,25.1763,25.1763,13.0557,0.9802,0.3,1,1,RUNNING
F04,DEMO-DEVICE-01,2026-10-03T23:02:25.000Z,145,1,60,25,25,12.9498,0.9801,0.3,1,1,RUNNING
F04,DEMO-DEVICE-01,2026-10-03T23:02:26.000Z,146,1,60,24.8237,24.8237,12.8453,0.9814,0.3,1,1,RUNNING
F04,DEMO-DEVICE-01,2026-10-03T23:02:27.000Z,147,1,60,24.7147,24.7147,12.7823,0.9837,0.3,1,1,RUNNING
F04,DEMO-DEVICE-01,2026-10-03T23:02:28.000Z,148,1,60,24.7147,24.7147,12.7857,0.9871,0.3,1,1,RUNNING
F04,DEMO-DEVICE-01,2026-10-03T23:02:29.000Z,149,1,60,24.8237,24.8237,12.8552,0.9913,0.3,1,1,RUNNING
F04,DEMO-DEVICE-01,2026-10-03T23:02:30.000Z,150,1,60,25,25,12.9657,0.996,0.3,1,1,RUNNING
F04,DEMO-DEVICE-01,2026-10-03T23:02:31.000Z,151,1,60,25.1763,25.1763,13.0765,1.001,0.3,1,1,RUNNING
F04,DEMO-DEVICE-01,2026-10-03T23:02:32.000Z,152,1,60,25.2853,25.2853,13.1468,1.0059,0.3,1,1,RUNNING
F04,DEMO-DEVICE-01,2026-10-03T23:02:33.000Z,153,1,60,25.2853,25.2853,13.1514,1.0105,0.3,1,1,RUNNING
F04,DEMO-DEVICE-01,2026-10-03T23:02:34.000Z,154,1,60,25.1763,25.1763,13.0899,1.0144,0.3,1,1,RUNNING
F04,DEMO-DEVICE-01,2026-10-03T23:02:35.000Z,155,1,60,25,25,12.9871,1.0174,0.3,1,1,RUNNING
F04,DEMO-DEVICE-01,2026-10-03T23:02:36.000Z,156,1,60,24.8237,24.8237,12.8832,1.0193,0.3,1,1,RUNNING
F04,DEMO-DEVICE-01,2026-10-03T23:02:37.000Z,157,1,60,24.7147,24.7147,12.8186,1.02,0.3,1,1,RUNNING
F04,DEMO-DEVICE-01,2026-10-03T23:02:38.000Z,158,1,60,24.7147,24.7147,12.8181,1.0195,0.3,1,1,RUNNING
F04,DEMO-DEVICE-01,2026-10-03T23:02:39.000Z,159,1,60,24.8237,24.8237,12.8816,1.0177,0.3,1,1,RUNNING
F04,DEMO-DEVICE-01,2026-10-03T23:02:40.000Z,160,1,60,25,25,12.9846,1.0149,0.3,1,1,RUNNING
F04,DEMO-DEVICE-01,2026-10-03T23:02:41.000Z,161,1,60,25.1763,25.1763,13.0866,1.0111,0.3,1,1,RUNNING
F04,DEMO-DEVICE-01,2026-10-03T23:02:42.000Z,162,1,60,25.2853,25.2853,13.1476,1.0067,0.3,1,1,RUNNING
F04,DEMO-DEVICE-01,2026-10-03T23:02:43.000Z,163,1,60,25.2853,25.2853,13.1427,1.0018,0.3,1,1,RUNNING
F04,DEMO-DEVICE-01,2026-10-03T23:02:44.000Z,164,1,60,25.1763,25.1763,13.0723,0.9968,0.3,1,1,RUNNING
F04,DEMO-DEVICE-01,2026-10-03T23:02:45.000Z,165,1,60,25,25,12.9617,0.992,0.3,1,1,RUNNING
F04,DEMO-DEVICE-01,2026-10-03T23:02:46.000Z,166,1,60,24.8237,24.8237,12.8516,0.9877,0.3,1,1,RUNNING
F04,DEMO-DEVICE-01,2026-10-03T23:02:47.000Z,167,1,60,24.7147,24.7147,12.7828,0.9842,0.3,1,1,RUNNING
F04,DEMO-DEVICE-01,2026-10-03T23:02:48.000Z,168,1,60,24.7147,24.7147,12.7803,0.9817,0.3,1,1,RUNNING
F04,DEMO-DEVICE-01,2026-10-03T23:02:49.000Z,169,1,60,24.8237,24.8237,12.8442,0.9803,0.3,1,1,RUNNING
F04,DEMO-DEVICE-01,2026-10-03T23:02:50.000Z,170,1,60,25,25,12.9498,0.9801,0.3,1,1,RUNNING
F04,DEMO-DEVICE-01,2026-10-03T23:02:51.000Z,171,1,60,25.1763,25.1763,13.0566,0.9811,0.3,1,1,RUNNING
F04,DEMO-DEVICE-01,2026-10-03T23:02:52.000Z,172,1,60,25.2853,25.2853,13.1243,0.9834,0.3,1,1,RUNNING
F04,DEMO-DEVICE-01,2026-10-03T23:02:53.000Z,173,1,60,25.2853,25.2853,13.1275,0.9866,0.3,1,1,RUNNING
F04,DEMO-DEVICE-01,2026-10-03T23:02:54.000Z,174,1,60,25.1763,25.1763,13.0662,0.9907,0.3,1,1,RUNNING
F04,DEMO-DEVICE-01,2026-10-03T23:02:55.000Z,175,1,60,25,25,12.9651,0.9954,0.3,1,1,RUNNING
F04,DEMO-DEVICE-01,2026-10-03T23:02:56.000Z,176,1,60,24.8237,24.8237,12.8643,1.0004,0.3,1,1,RUNNING
F04,DEMO-DEVICE-01,2026-10-03T23:02:57.000Z,177,1,60,24.7147,24.7147,12.8039,1.0053,0.3,1,1,RUNNING
F04,DEMO-DEVICE-01,2026-10-03T23:02:58.000Z,178,1,60,24.7147,24.7147,12.8085,1.0099,0.3,1,1,RUNNING
F04,DEMO-DEVICE-01,2026-10-03T23:02:59.000Z,179,1,60,24.8237,24.8237,12.8778,1.0139,0.3,1,1,RUNNING
F04,DEMO-DEVICE-01,2026-10-03T23:03:00.000Z,180,1,60,25,25,12.9867,1.017,0.3,1,1,RUNNING
F05,DEMO-DEVICE-01,2026-10-04T00:00:01.000Z,1,1,60,60.3527,60.3527,0.9746,1.0049,0.3,1,1,RUNNING
F05,DEMO-DEVICE-01,2026-10-04T00:00:02.000Z,2,1,60,60.5706,60.5706,0.9793,1.0096,0.3,1,1,RUNNING
F05,DEMO-DEVICE-01,2026-10-04T00:00:03.000Z,3,1,60,60.5706,60.5706,0.9833,1.0136,0.3,1,1,RUNNING
F05,DEMO-DEVICE-01,2026-10-04T00:00:04.000Z,4,1,60,60.3527,60.3527,0.9865,1.0168,0.3,1,1,RUNNING
F05,DEMO-DEVICE-01,2026-10-04T00:00:05.000Z,5,1,60,60,60,0.9887,1.019,0.3,1,1,RUNNING
F05,DEMO-DEVICE-01,2026-10-04T00:00:06.000Z,6,1,60,59.6473,59.6473,0.9896,1.0199,0.3,1,1,RUNNING
F05,DEMO-DEVICE-01,2026-10-04T00:00:07.000Z,7,1,60,59.4294,59.4294,0.9894,1.0197,0.3,1,1,RUNNING
F05,DEMO-DEVICE-01,2026-10-04T00:00:08.000Z,8,1,60,59.4294,59.4294,0.9879,1.0182,0.3,1,1,RUNNING
F05,DEMO-DEVICE-01,2026-10-04T00:00:09.000Z,9,1,60,59.6473,59.6473,0.9853,1.0156,0.3,1,1,RUNNING
F05,DEMO-DEVICE-01,2026-10-04T00:00:10.000Z,10,1,60,60,60,0.9817,1.012,0.3,1,1,RUNNING
F05,DEMO-DEVICE-01,2026-10-04T00:00:11.000Z,11,1,60,60.3527,60.3527,0.9773,1.0076,0.3,1,1,RUNNING
F05,DEMO-DEVICE-01,2026-10-04T00:00:12.000Z,12,1,60,60.5706,60.5706,0.9725,1.0028,0.3,1,1,RUNNING
F05,DEMO-DEVICE-01,2026-10-04T00:00:13.000Z,13,1,60,60.5706,60.5706,0.9675,0.9978,0.3,1,1,RUNNING
F05,DEMO-DEVICE-01,2026-10-04T00:00:14.000Z,14,1,60,60.3527,60.3527,0.9627,0.993,0.3,1,1,RUNNING
F05,DEMO-DEVICE-01,2026-10-04T00:00:15.000Z,15,1,60,60,60,0.9583,0.9886,0.3,1,1,RUNNING
F05,DEMO-DEVICE-01,2026-10-04T00:00:16.000Z,16,1,60,59.6473,59.6473,0.9546,0.9849,0.3,1,1,RUNNING
F05,DEMO-DEVICE-01,2026-10-04T00:00:17.000Z,17,1,60,59.4294,59.4294,0.9518,0.9821,0.3,1,1,RUNNING
F05,DEMO-DEVICE-01,2026-10-04T00:00:18.000Z,18,1,60,59.4294,59.4294,0.9501,0.9804,0.3,1,1,RUNNING
F05,DEMO-DEVICE-01,2026-10-04T00:00:19.000Z,19,1,60,59.6473,59.6473,0.9497,0.98,0.3,1,1,RUNNING
F05,DEMO-DEVICE-01,2026-10-04T00:00:20.000Z,20,1,60,60,60,0.9505,0.9808,0.3,1,1,RUNNING
F05,DEMO-DEVICE-01,2026-10-04T00:00:21.000Z,21,1,60,60.3527,60.3527,0.9525,0.9828,0.3,1,1,RUNNING
F05,DEMO-DEVICE-01,2026-10-04T00:00:22.000Z,22,1,60,60.5706,60.5706,0.9556,0.9859,0.3,1,1,RUNNING
F05,DEMO-DEVICE-01,2026-10-04T00:00:23.000Z,23,1,60,60.5706,60.5706,0.9595,0.9898,0.3,1,1,RUNNING
F05,DEMO-DEVICE-01,2026-10-04T00:00:24.000Z,24,1,60,60.3527,60.3527,0.9641,0.9944,0.3,1,1,RUNNING
F05,DEMO-DEVICE-01,2026-10-04T00:00:25.000Z,25,1,60,60,60,0.969,0.9993,0.3,1,1,RUNNING
F05,DEMO-DEVICE-01,2026-10-04T00:00:26.000Z,26,1,60,59.6473,59.6473,0.974,1.0043,0.3,1,1,RUNNING
F05,DEMO-DEVICE-01,2026-10-04T00:00:27.000Z,27,1,60,59.4294,59.4294,0.9787,1.009,0.3,1,1,RUNNING
F05,DEMO-DEVICE-01,2026-10-04T00:00:28.000Z,28,1,60,59.4294,59.4294,0.9828,1.0131,0.3,1,1,RUNNING
F05,DEMO-DEVICE-01,2026-10-04T00:00:29.000Z,29,1,60,59.6473,59.6473,0.9862,1.0165,0.3,1,1,RUNNING
F05,DEMO-DEVICE-01,2026-10-04T00:00:30.000Z,30,1,60,60,60,0.9885,1.0188,0.3,1,1,RUNNING
F05,DEMO-DEVICE-01,2026-10-04T00:00:31.000Z,31,1,60,60.3527,60.3527,0.9896,1.0199,0.3,1,1,RUNNING
F05,DEMO-DEVICE-01,2026-10-04T00:00:32.000Z,32,1,60,60.5706,60.5706,0.9895,1.0198,0.3,1,1,RUNNING
F05,DEMO-DEVICE-01,2026-10-04T00:00:33.000Z,33,1,60,60.5706,60.5706,0.9882,1.0185,0.3,1,1,RUNNING
F05,DEMO-DEVICE-01,2026-10-04T00:00:34.000Z,34,1,60,60.3527,60.3527,0.9857,1.016,0.3,1,1,RUNNING
F05,DEMO-DEVICE-01,2026-10-04T00:00:35.000Z,35,1,60,60,60,0.9822,1.0125,0.3,1,1,RUNNING
F05,DEMO-DEVICE-01,2026-10-04T00:00:36.000Z,36,1,60,59.6473,59.6473,0.9779,1.0082,0.3,1,1,RUNNING
F05,DEMO-DEVICE-01,2026-10-04T00:00:37.000Z,37,1,60,59.4294,59.4294,0.9732,1.0035,0.3,1,1,RUNNING
F05,DEMO-DEVICE-01,2026-10-04T00:00:38.000Z,38,1,60,59.4294,59.4294,0.9682,0.9985,0.3,1,1,RUNNING
F05,DEMO-DEVICE-01,2026-10-04T00:00:39.000Z,39,1,60,59.6473,59.6473,0.9633,0.9936,0.3,1,1,RUNNING
F05,DEMO-DEVICE-01,2026-10-04T00:00:40.000Z,40,1,60,60,60,0.9588,0.9891,0.3,1,1,RUNNING
F05,DEMO-DEVICE-01,2026-10-04T00:00:41.000Z,41,1,60,60.3527,60.3527,0.955,0.9853,0.3,1,1,RUNNING
F05,DEMO-DEVICE-01,2026-10-04T00:00:42.000Z,42,1,60,60.5706,60.5706,0.9521,0.9824,0.3,1,1,RUNNING
F05,DEMO-DEVICE-01,2026-10-04T00:00:43.000Z,43,1,60,60.5706,60.5706,0.9503,0.9806,0.3,1,1,RUNNING
F05,DEMO-DEVICE-01,2026-10-04T00:00:44.000Z,44,1,60,60.3527,60.3527,0.9497,0.98,0.3,1,1,RUNNING
F05,DEMO-DEVICE-01,2026-10-04T00:00:45.000Z,45,1,60,60,60,0.9503,0.9806,0.3,1,1,RUNNING
F05,DEMO-DEVICE-01,2026-10-04T00:00:46.000Z,46,1,60,59.6473,59.6473,0.9522,0.9825,0.3,1,1,RUNNING
F05,DEMO-DEVICE-01,2026-10-04T00:00:47.000Z,47,1,60,59.4294,59.4294,0.9551,0.9854,0.3,1,1,RUNNING
F05,DEMO-DEVICE-01,2026-10-04T00:00:48.000Z,48,1,60,59.4294,59.4294,0.959,0.9893,0.3,1,1,RUNNING
F05,DEMO-DEVICE-01,2026-10-04T00:00:49.000Z,49,1,60,59.6473,59.6473,0.9635,0.9938,0.3,1,1,RUNNING
F05,DEMO-DEVICE-01,2026-10-04T00:00:50.000Z,50,1,60,60,60,0.9684,0.9987,0.3,1,1,RUNNING
F05,DEMO-DEVICE-01,2026-10-04T00:00:51.000Z,51,1,60,60.3527,60.3527,0.9734,1.0037,0.3,1,1,RUNNING
F05,DEMO-DEVICE-01,2026-10-04T00:00:52.000Z,52,1,60,60.5706,60.5706,0.9781,1.0084,0.3,1,1,RUNNING
F05,DEMO-DEVICE-01,2026-10-04T00:00:53.000Z,53,1,60,60.5706,60.5706,0.9823,1.0126,0.3,1,1,RUNNING
F05,DEMO-DEVICE-01,2026-10-04T00:00:54.000Z,54,1,60,60.3527,60.3527,0.9858,1.0161,0.3,1,1,RUNNING
F05,DEMO-DEVICE-01,2026-10-04T00:00:55.000Z,55,1,60,60,60,0.9882,1.0185,0.3,1,1,RUNNING
F05,DEMO-DEVICE-01,2026-10-04T00:00:56.000Z,56,1,60,59.6473,59.6473,0.9895,1.0198,0.3,1,1,RUNNING
F05,DEMO-DEVICE-01,2026-10-04T00:00:57.000Z,57,1,60,59.4294,59.4294,0.9896,1.0199,0.3,1,1,RUNNING
F05,DEMO-DEVICE-01,2026-10-04T00:00:58.000Z,58,1,60,59.4294,59.4294,0.9884,1.0187,0.3,1,1,RUNNING
F05,DEMO-DEVICE-01,2026-10-04T00:00:59.000Z,59,1,60,59.6473,59.6473,0.9861,1.0164,0.3,1,1,RUNNING
F05,DEMO-DEVICE-01,2026-10-04T00:01:00.000Z,60,1,60,60,60,0.9827,1.013,0.3,1,1,RUNNING
F05,DEMO-DEVICE-01,2026-10-04T00:01:01.000Z,61,1,60,58.4663,58.3409,2.2119,1.0088,0.3,1,1,RUNNING
F05,DEMO-DEVICE-01,2026-10-04T00:01:02.000Z,62,1,60,56.7821,56.5326,3.4405,1.0041,0.3,1,1,RUNNING
F05,DEMO-DEVICE-01,2026-10-04T00:01:03.000Z,63,1,60,54.8844,54.5136,4.6689,0.9992,0.3,1,1,RUNNING
F05,DEMO-DEVICE-01,2026-10-04T00:01:04.000Z,64,1,60,52.7937,52.3056,5.8973,0.9942,0.3,1,1,RUNNING
F05,DEMO-DEVICE-01,2026-10-04T00:01:05.000Z,65,1,60,50.6,50,7.1261,0.9897,0.3,1,1,RUNNING
F05,DEMO-DEVICE-01,2026-10-04T00:01:06.000Z,66,1,60,48.4232,47.7179,8.3555,0.9858,0.3,1,1,RUNNING
F05,DEMO-DEVICE-01,2026-10-04T00:01:07.000Z,67,1,60,46.3655,45.5625,9.5858,0.9827,0.3,1,1,RUNNING
F05,DEMO-DEVICE-01,2026-10-04T00:01:08.000Z,68,1,60,44.4733,43.5815,10.8172,0.9808,0.3,1,1,RUNNING
F05,DEMO-DEVICE-01,2026-10-04T00:01:09.000Z,69,1,60,42.724,41.7531,12.0497,0.98,0.3,1,1,RUNNING
F05,DEMO-DEVICE-01,2026-10-04T00:01:10.000Z,70,1,60,41.0392,40,13.2836,0.9805,0.3,1,1,RUNNING
F05,DEMO-DEVICE-01,2026-10-04T00:01:11.000Z,71,1,60,39.3196,38.2234,14.5186,0.9822,0.3,1,1,RUNNING
F05,DEMO-DEVICE-01,2026-10-04T00:01:12.000Z,72,1,60,37.4836,36.3424,15.7547,0.985,0.3,1,1,RUNNING
F05,DEMO-DEVICE-01,2026-10-04T00:01:13.000Z,73,1,60,35.4971,34.3234,16.9918,0.9887,0.3,1,1,RUNNING
F05,DEMO-DEVICE-01,2026-10-04T00:01:14.000Z,74,1,60,33.3815,32.1881,18.2296,0.9932,0.3,1,1,RUNNING
F05,DEMO-DEVICE-01,2026-10-04T00:01:15.000Z,75,1,60,31.2,30,19.4677,0.998,0.3,1,1,RUNNING
F05,DEMO-DEVICE-01,2026-10-04T00:01:16.000Z,76,1,60,29.0288,27.8354,20.7061,1.003,0.3,1,1,RUNNING
F05,DEMO-DEVICE-01,2026-10-04T00:01:17.000Z,77,1,60,26.9265,25.7527,21.9442,1.0078,0.3,1,1,RUNNING
F05,DEMO-DEVICE-01,2026-10-04T00:01:18.000Z,78,1,60,24.913,23.7717,23.1818,1.0121,0.3,1,1,RUNNING
F05,DEMO-DEVICE-01,2026-10-04T00:01:19.000Z,79,1,60,22.9669,21.8707,24.4188,1.0157,0.3,1,1,RUNNING
F05,DEMO-DEVICE-01,2026-10-04T00:01:20.000Z,80,1,60,21.0392,20,25.6547,1.0183,0.3,1,1,RUNNING
F05,DEMO-DEVICE-01,2026-10-04T00:01:21.000Z,81,1,60,19.0766,18.1058,26.8894,1.0197,0.3,1,1,RUNNING
F05,DEMO-DEVICE-01,2026-10-04T00:01:22.000Z,82,1,60,17.0439,16.1522,28.123,1.0199,0.3,1,1,RUNNING
F05,DEMO-DEVICE-01,2026-10-04T00:01:23.000Z,83,1,60,14.9361,14.1331,29.3553,1.0189,0.3,1,1,RUNNING
F05,DEMO-DEVICE-01,2026-10-04T00:01:24.000Z,84,1,60,12.7759,12.0705,30.5864,1.0167,0.3,1,1,RUNNING
F05,DEMO-DEVICE-01,2026-10-04T00:01:25.000Z,85,1,60,10.6,10,31.8166,1.0135,0.3,1,1,RUNNING
F05,DEMO-DEVICE-01,2026-10-04T00:01:26.000Z,86,1,60,8.4411,7.953,33.0458,1.0094,0.3,1,1,RUNNING
F05,DEMO-DEVICE-01,2026-10-04T00:01:27.000Z,87,1,60,6.3138,5.9429,34.2745,1.0048,0.3,1,1,RUNNING
F05,DEMO-DEVICE-01,2026-10-04T00:01:28.000Z,88,1,60,4.2115,3.962,35.5029,0.9998,0.3,1,1,RUNNING
F05,DEMO-DEVICE-01,2026-10-04T00:01:29.000Z,89,1,60,2.1137,1.9882,36.7313,0.9949,0.3,1,1,RUNNING
F05,DEMO-DEVICE-01,2026-10-04T00:01:30.000Z,90,1,60,0,0,37.96,0.9903,0.3,1,1,RUNNING
F05,DEMO-DEVICE-01,2026-10-04T00:01:31.000Z,91,1,60,0,0,37.9559,0.9862,0.3,1,1,RUNNING
F05,DEMO-DEVICE-01,2026-10-04T00:01:32.000Z,92,1,60,0,0,37.9528,0.9831,0.3,1,1,RUNNING
F05,DEMO-DEVICE-01,2026-10-04T00:01:33.000Z,93,1,60,0,0,37.9507,0.981,0.3,1,1,RUNNING
F05,DEMO-DEVICE-01,2026-10-04T00:01:34.000Z,94,1,60,0,0,37.9497,0.98,0.3,1,1,RUNNING
F05,DEMO-DEVICE-01,2026-10-04T00:01:35.000Z,95,1,60,0,0,37.9501,0.9804,0.3,1,1,RUNNING
F05,DEMO-DEVICE-01,2026-10-04T00:01:36.000Z,96,1,60,0,0,37.9516,0.9819,0.3,1,1,RUNNING
F05,DEMO-DEVICE-01,2026-10-04T00:01:37.000Z,97,1,60,0,0,37.9543,0.9846,0.3,1,1,RUNNING
F05,DEMO-DEVICE-01,2026-10-04T00:01:38.000Z,98,1,60,0,0,37.9579,0.9882,0.3,1,1,RUNNING
F05,DEMO-DEVICE-01,2026-10-04T00:01:39.000Z,99,1,60,0,0,37.9622,0.9925,0.3,1,1,RUNNING
F05,DEMO-DEVICE-01,2026-10-04T00:01:40.000Z,100,1,60,0,0,37.9671,0.9974,0.3,1,1,RUNNING
F05,DEMO-DEVICE-01,2026-10-04T00:01:41.000Z,101,1,60,0,0,37.972,1.0023,0.3,1,1,RUNNING
F05,DEMO-DEVICE-01,2026-10-04T00:01:42.000Z,102,1,60,0,0,37.9769,1.0072,0.3,1,1,RUNNING
F05,DEMO-DEVICE-01,2026-10-04T00:01:43.000Z,103,1,60,0,0,37.9813,1.0116,0.3,1,1,RUNNING
F05,DEMO-DEVICE-01,2026-10-04T00:01:44.000Z,104,1,60,0,0,37.985,1.0153,0.3,1,1,RUNNING
F05,DEMO-DEVICE-01,2026-10-04T00:01:45.000Z,105,1,60,0,0,37.9877,1.018,0.3,1,1,RUNNING
F05,DEMO-DEVICE-01,2026-10-04T00:01:46.000Z,106,1,60,0,0,37.9893,1.0196,0.3,1,1,RUNNING
F05,DEMO-DEVICE-01,2026-10-04T00:01:47.000Z,107,1,60,0,0,37.9897,1.02,0.3,1,1,RUNNING
F05,DEMO-DEVICE-01,2026-10-04T00:01:48.000Z,108,1,60,0,0,37.9888,1.0191,0.3,1,1,RUNNING
F05,DEMO-DEVICE-01,2026-10-04T00:01:49.000Z,109,1,60,0,0,37.9868,1.0171,0.3,1,1,RUNNING
F05,DEMO-DEVICE-01,2026-10-04T00:01:50.000Z,110,1,60,0,0,37.9837,1.014,0.3,1,1,RUNNING
F05,DEMO-DEVICE-01,2026-10-04T00:01:51.000Z,111,1,60,0,0,37.9797,1.01,0.3,1,1,RUNNING
F05,DEMO-DEVICE-01,2026-10-04T00:01:52.000Z,112,1,60,0,0,37.9751,1.0054,0.3,1,1,RUNNING
F05,DEMO-DEVICE-01,2026-10-04T00:01:53.000Z,113,1,60,0,0,37.9702,1.0005,0.3,1,1,RUNNING
F05,DEMO-DEVICE-01,2026-10-04T00:01:54.000Z,114,1,60,0,0,37.9652,0.9955,0.3,1,1,RUNNING
F05,DEMO-DEVICE-01,2026-10-04T00:01:55.000Z,115,1,60,0,0,37.9605,0.9908,0.3,1,1,RUNNING
F05,DEMO-DEVICE-01,2026-10-04T00:01:56.000Z,116,1,60,0,0,37.9564,0.9867,0.3,1,1,RUNNING
F05,DEMO-DEVICE-01,2026-10-04T00:01:57.000Z,117,1,60,0,0,37.9531,0.9834,0.3,1,1,RUNNING
F05,DEMO-DEVICE-01,2026-10-04T00:01:58.000Z,118,1,60,0,0,37.9509,0.9812,0.3,1,1,RUNNING
F05,DEMO-DEVICE-01,2026-10-04T00:01:59.000Z,119,1,60,0,0,37.9498,0.9801,0.3,1,1,RUNNING
F05,DEMO-DEVICE-01,2026-10-04T00:02:00.000Z,120,1,0,0,0,37.9499,0.9802,0.3,1,1,STOPPED_FAULT
F05,DEMO-DEVICE-01,2026-10-04T00:02:01.000Z,121,1,0,0,0,37.9513,0.9816,0.3,1,1,STOPPED_FAULT
F05,DEMO-DEVICE-01,2026-10-04T00:02:02.000Z,122,1,0,0,0,37.9538,0.9841,0.3,1,1,STOPPED_FAULT
F05,DEMO-DEVICE-01,2026-10-04T00:02:03.000Z,123,1,0,0,0,37.9573,0.9876,0.3,1,1,STOPPED_FAULT
F05,DEMO-DEVICE-01,2026-10-04T00:02:04.000Z,124,1,0,0,0,37.9616,0.9919,0.3,1,1,STOPPED_FAULT
F05,DEMO-DEVICE-01,2026-10-04T00:02:05.000Z,125,1,0,0,0,37.9664,0.9967,0.3,1,1,STOPPED_FAULT
F05,DEMO-DEVICE-01,2026-10-04T00:02:06.000Z,126,1,0,0,0,37.9714,1.0017,0.3,1,1,STOPPED_FAULT
F05,DEMO-DEVICE-01,2026-10-04T00:02:07.000Z,127,1,0,0,0,37.9763,1.0066,0.3,1,1,STOPPED_FAULT
F05,DEMO-DEVICE-01,2026-10-04T00:02:08.000Z,128,1,0,0,0,37.9807,1.011,0.3,1,1,STOPPED_FAULT
F05,DEMO-DEVICE-01,2026-10-04T00:02:09.000Z,129,1,0,0,0,37.9845,1.0148,0.3,1,1,STOPPED_FAULT
F05,DEMO-DEVICE-01,2026-10-04T00:02:10.000Z,130,1,0,0,0,37.9874,1.0177,0.3,1,1,STOPPED_FAULT
F05,DEMO-DEVICE-01,2026-10-04T00:02:11.000Z,131,1,0,0,0,37.9891,1.0194,0.3,1,1,STOPPED_FAULT
F05,DEMO-DEVICE-01,2026-10-04T00:02:12.000Z,132,1,0,0,0,37.9897,1.02,0.3,1,1,STOPPED_FAULT
F05,DEMO-DEVICE-01,2026-10-04T00:02:13.000Z,133,1,0,0,0,37.989,1.0193,0.3,1,1,STOPPED_FAULT
F05,DEMO-DEVICE-01,2026-10-04T00:02:14.000Z,134,1,0,0,0,37.9871,1.0174,0.3,1,1,STOPPED_FAULT
F05,DEMO-DEVICE-01,2026-10-04T00:02:15.000Z,135,1,0,0,0,37.9842,1.0145,0.3,1,1,STOPPED_FAULT
F05,DEMO-DEVICE-01,2026-10-04T00:02:16.000Z,136,1,0,0,0,37.9803,1.0106,0.3,1,1,STOPPED_FAULT
F05,DEMO-DEVICE-01,2026-10-04T00:02:17.000Z,137,1,0,0,0,37.9758,1.0061,0.3,1,1,STOPPED_FAULT
F05,DEMO-DEVICE-01,2026-10-04T00:02:18.000Z,138,1,0,0,0,37.9708,1.0011,0.3,1,1,STOPPED_FAULT
F05,DEMO-DEVICE-01,2026-10-04T00:02:19.000Z,139,1,0,0,0,37.9659,0.9962,0.3,1,1,STOPPED_FAULT
F05,DEMO-DEVICE-01,2026-10-04T00:02:20.000Z,140,1,0,0,0,37.9611,0.9914,0.3,1,1,STOPPED_FAULT
F05,DEMO-DEVICE-01,2026-10-04T00:02:21.000Z,141,1,0,0,0,37.9569,0.9872,0.3,1,1,STOPPED_FAULT
F05,DEMO-DEVICE-01,2026-10-04T00:02:22.000Z,142,1,0,0,0,37.9535,0.9838,0.3,1,1,STOPPED_FAULT
F05,DEMO-DEVICE-01,2026-10-04T00:02:23.000Z,143,1,0,0,0,37.9511,0.9814,0.3,1,1,STOPPED_FAULT
F05,DEMO-DEVICE-01,2026-10-04T00:02:24.000Z,144,1,0,0,0,37.9499,0.9802,0.3,1,1,STOPPED_FAULT
F05,DEMO-DEVICE-01,2026-10-04T00:02:25.000Z,145,1,0,0,0,37.9498,0.9801,0.3,1,1,STOPPED_FAULT
F05,DEMO-DEVICE-01,2026-10-04T00:02:26.000Z,146,1,0,0,0,37.9511,0.9814,0.3,1,1,STOPPED_FAULT
F05,DEMO-DEVICE-01,2026-10-04T00:02:27.000Z,147,1,0,0,0,37.9534,0.9837,0.3,1,1,STOPPED_FAULT
F05,DEMO-DEVICE-01,2026-10-04T00:02:28.000Z,148,1,0,0,0,37.9568,0.9871,0.3,1,1,STOPPED_FAULT
F05,DEMO-DEVICE-01,2026-10-04T00:02:29.000Z,149,1,0,0,0,37.961,0.9913,0.3,1,1,STOPPED_FAULT
F05,DEMO-DEVICE-01,2026-10-04T00:02:30.000Z,150,1,0,0,0,37.9657,0.996,0.3,1,1,STOPPED_FAULT
F05,DEMO-DEVICE-01,2026-10-04T00:02:31.000Z,151,1,0,0,0,37.9707,1.001,0.3,1,1,STOPPED_FAULT
F05,DEMO-DEVICE-01,2026-10-04T00:02:32.000Z,152,1,0,0,0,37.9756,1.0059,0.3,1,1,STOPPED_FAULT
F05,DEMO-DEVICE-01,2026-10-04T00:02:33.000Z,153,1,0,0,0,37.9802,1.0105,0.3,1,1,STOPPED_FAULT
F05,DEMO-DEVICE-01,2026-10-04T00:02:34.000Z,154,1,0,0,0,37.9841,1.0144,0.3,1,1,STOPPED_FAULT
F05,DEMO-DEVICE-01,2026-10-04T00:02:35.000Z,155,1,0,0,0,37.9871,1.0174,0.3,1,1,STOPPED_FAULT
F05,DEMO-DEVICE-01,2026-10-04T00:02:36.000Z,156,1,0,0,0,37.989,1.0193,0.3,1,1,STOPPED_FAULT
F05,DEMO-DEVICE-01,2026-10-04T00:02:37.000Z,157,1,0,0,0,37.9897,1.02,0.3,1,1,STOPPED_FAULT
F05,DEMO-DEVICE-01,2026-10-04T00:02:38.000Z,158,1,0,0,0,37.9892,1.0195,0.3,1,1,STOPPED_FAULT
F05,DEMO-DEVICE-01,2026-10-04T00:02:39.000Z,159,1,0,0,0,37.9874,1.0177,0.3,1,1,STOPPED_FAULT
F05,DEMO-DEVICE-01,2026-10-04T00:02:40.000Z,160,1,0,0,0,37.9846,1.0149,0.3,1,1,STOPPED_FAULT
F05,DEMO-DEVICE-01,2026-10-04T00:02:41.000Z,161,1,0,0,0,37.9808,1.0111,0.3,1,1,STOPPED_FAULT
F05,DEMO-DEVICE-01,2026-10-04T00:02:42.000Z,162,1,0,0,0,37.9764,1.0067,0.3,1,1,STOPPED_FAULT
F05,DEMO-DEVICE-01,2026-10-04T00:02:43.000Z,163,1,0,0,0,37.9715,1.0018,0.3,1,1,STOPPED_FAULT
F05,DEMO-DEVICE-01,2026-10-04T00:02:44.000Z,164,1,0,0,0,37.9665,0.9968,0.3,1,1,STOPPED_FAULT
F05,DEMO-DEVICE-01,2026-10-04T00:02:45.000Z,165,1,0,0,0,37.9617,0.992,0.3,1,1,STOPPED_FAULT
F05,DEMO-DEVICE-01,2026-10-04T00:02:46.000Z,166,1,0,0,0,37.9574,0.9877,0.3,1,1,STOPPED_FAULT
F05,DEMO-DEVICE-01,2026-10-04T00:02:47.000Z,167,1,0,0,0,37.9539,0.9842,0.3,1,1,STOPPED_FAULT
F05,DEMO-DEVICE-01,2026-10-04T00:02:48.000Z,168,1,0,0,0,37.9514,0.9817,0.3,1,1,STOPPED_FAULT
F05,DEMO-DEVICE-01,2026-10-04T00:02:49.000Z,169,1,0,0,0,37.95,0.9803,0.3,1,1,STOPPED_FAULT
F05,DEMO-DEVICE-01,2026-10-04T00:02:50.000Z,170,1,0,0,0,37.9498,0.9801,0.3,1,1,STOPPED_FAULT
F05,DEMO-DEVICE-01,2026-10-04T00:02:51.000Z,171,1,0,0,0,37.9508,0.9811,0.3,1,1,STOPPED_FAULT
F05,DEMO-DEVICE-01,2026-10-04T00:02:52.000Z,172,1,0,0,0,37.9531,0.9834,0.3,1,1,STOPPED_FAULT
F05,DEMO-DEVICE-01,2026-10-04T00:02:53.000Z,173,1,0,0,0,37.9563,0.9866,0.3,1,1,STOPPED_FAULT
F05,DEMO-DEVICE-01,2026-10-04T00:02:54.000Z,174,1,0,0,0,37.9604,0.9907,0.3,1,1,STOPPED_FAULT
F05,DEMO-DEVICE-01,2026-10-04T00:02:55.000Z,175,1,0,0,0,37.9651,0.9954,0.3,1,1,STOPPED_FAULT
F05,DEMO-DEVICE-01,2026-10-04T00:02:56.000Z,176,1,0,0,0,37.9701,1.0004,0.3,1,1,STOPPED_FAULT
F05,DEMO-DEVICE-01,2026-10-04T00:02:57.000Z,177,1,0,0,0,37.975,1.0053,0.3,1,1,STOPPED_FAULT
F05,DEMO-DEVICE-01,2026-10-04T00:02:58.000Z,178,1,0,0,0,37.9796,1.0099,0.3,1,1,STOPPED_FAULT
F05,DEMO-DEVICE-01,2026-10-04T00:02:59.000Z,179,1,0,0,0,37.9836,1.0139,0.3,1,1,STOPPED_FAULT
F05,DEMO-DEVICE-01,2026-10-04T00:03:00.000Z,180,1,0,0,0,37.9867,1.017,0.3,1,1,STOPPED_FAULT
F06,DEMO-DEVICE-01,2026-10-04T01:00:01.000Z,1,1,60,60.3527,60.3527,0.9923,1.0049,0.3,1,1,RUNNING
F06,DEMO-DEVICE-01,2026-10-04T01:00:02.000Z,2,1,60,60.5706,60.5706,1.0079,1.0096,0.3,1,1,RUNNING
F06,DEMO-DEVICE-01,2026-10-04T01:00:03.000Z,3,1,60,60.5706,60.5706,1.0119,1.0136,0.3,1,1,RUNNING
F06,DEMO-DEVICE-01,2026-10-04T01:00:04.000Z,4,1,60,60.3527,60.3527,1.0042,1.0168,0.3,1,1,RUNNING
F06,DEMO-DEVICE-01,2026-10-04T01:00:05.000Z,5,1,60,60,60,0.9887,1.019,0.3,1,1,RUNNING
F06,DEMO-DEVICE-01,2026-10-04T01:00:06.000Z,6,1,60,59.6473,59.6473,0.972,1.0199,0.3,1,1,RUNNING
F06,DEMO-DEVICE-01,2026-10-04T01:00:07.000Z,7,1,60,59.4294,59.4294,0.9609,1.0197,0.3,1,1,RUNNING
F06,DEMO-DEVICE-01,2026-10-04T01:00:08.000Z,8,1,60,59.4294,59.4294,0.9594,1.0182,0.3,1,1,RUNNING
F06,DEMO-DEVICE-01,2026-10-04T01:00:09.000Z,9,1,60,59.6473,59.6473,0.9677,1.0156,0.3,1,1,RUNNING
F06,DEMO-DEVICE-01,2026-10-04T01:00:10.000Z,10,1,60,60,60,0.9817,1.012,0.3,1,1,RUNNING
F06,DEMO-DEVICE-01,2026-10-04T01:00:11.000Z,11,1,60,60.3527,60.3527,0.995,1.0076,0.3,1,1,RUNNING
F06,DEMO-DEVICE-01,2026-10-04T01:00:12.000Z,12,1,60,60.5706,60.5706,1.0011,1.0028,0.3,1,1,RUNNING
F06,DEMO-DEVICE-01,2026-10-04T01:00:13.000Z,13,1,60,60.5706,60.5706,0.9961,0.9978,0.3,1,1,RUNNING
F06,DEMO-DEVICE-01,2026-10-04T01:00:14.000Z,14,1,60,60.3527,60.3527,0.9804,0.993,0.3,1,1,RUNNING
F06,DEMO-DEVICE-01,2026-10-04T01:00:15.000Z,15,1,60,60,60,0.9583,0.9886,0.3,1,1,RUNNING
F06,DEMO-DEVICE-01,2026-10-04T01:00:16.000Z,16,1,60,59.6473,59.6473,0.937,0.9849,0.3,1,1,RUNNING
F06,DEMO-DEVICE-01,2026-10-04T01:00:17.000Z,17,1,60,59.4294,59.4294,0.9233,0.9821,0.3,1,1,RUNNING
F06,DEMO-DEVICE-01,2026-10-04T01:00:18.000Z,18,1,60,59.4294,59.4294,0.9216,0.9804,0.3,1,1,RUNNING
F06,DEMO-DEVICE-01,2026-10-04T01:00:19.000Z,19,1,60,59.6473,59.6473,0.9321,0.98,0.3,1,1,RUNNING
F06,DEMO-DEVICE-01,2026-10-04T01:00:20.000Z,20,1,60,60,60,0.9505,0.9808,0.3,1,1,RUNNING
F06,DEMO-DEVICE-01,2026-10-04T01:00:21.000Z,21,1,60,60.3527,60.3527,0.9702,0.9828,0.3,1,1,RUNNING
F06,DEMO-DEVICE-01,2026-10-04T01:00:22.000Z,22,1,60,60.5706,60.5706,0.9842,0.9859,0.3,1,1,RUNNING
F06,DEMO-DEVICE-01,2026-10-04T01:00:23.000Z,23,1,60,60.5706,60.5706,0.9881,0.9898,0.3,1,1,RUNNING
F06,DEMO-DEVICE-01,2026-10-04T01:00:24.000Z,24,1,60,60.3527,60.3527,0.9818,0.9944,0.3,1,1,RUNNING
F06,DEMO-DEVICE-01,2026-10-04T01:00:25.000Z,25,1,60,60,60,0.969,0.9993,0.3,1,1,RUNNING
F06,DEMO-DEVICE-01,2026-10-04T01:00:26.000Z,26,1,60,59.6473,59.6473,0.9564,1.0043,0.3,1,1,RUNNING
F06,DEMO-DEVICE-01,2026-10-04T01:00:27.000Z,27,1,60,59.4294,59.4294,0.9502,1.009,0.3,1,1,RUNNING
F06,DEMO-DEVICE-01,2026-10-04T01:00:28.000Z,28,1,60,59.4294,59.4294,0.9543,1.0131,0.3,1,1,RUNNING
F06,DEMO-DEVICE-01,2026-10-04T01:00:29.000Z,29,1,60,59.6473,59.6473,0.9686,1.0165,0.3,1,1,RUNNING
F06,DEMO-DEVICE-01,2026-10-04T01:00:30.000Z,30,1,60,60,60,0.9885,1.0188,0.3,1,1,RUNNING
F06,DEMO-DEVICE-01,2026-10-04T01:00:31.000Z,31,1,60,60.3527,60.3527,1.0073,1.0199,0.3,1,1,RUNNING
F06,DEMO-DEVICE-01,2026-10-04T01:00:32.000Z,32,1,60,60.5706,60.5706,1.0181,1.0198,0.3,1,1,RUNNING
F06,DEMO-DEVICE-01,2026-10-04T01:00:33.000Z,33,1,60,60.5706,60.5706,1.0168,1.0185,0.3,1,1,RUNNING
F06,DEMO-DEVICE-01,2026-10-04T01:00:34.000Z,34,1,60,60.3527,60.3527,1.0034,1.016,0.3,1,1,RUNNING
F06,DEMO-DEVICE-01,2026-10-04T01:00:35.000Z,35,1,60,60,60,0.9822,1.0125,0.3,1,1,RUNNING
F06,DEMO-DEVICE-01,2026-10-04T01:00:36.000Z,36,1,60,59.6473,59.6473,0.9603,1.0082,0.3,1,1,RUNNING
F06,DEMO-DEVICE-01,2026-10-04T01:00:37.000Z,37,1,60,59.4294,59.4294,0.9447,1.0035,0.3,1,1,RUNNING
F06,DEMO-DEVICE-01,2026-10-04T01:00:38.000Z,38,1,60,59.4294,59.4294,0.9397,0.9985,0.3,1,1,RUNNING
F06,DEMO-DEVICE-01,2026-10-04T01:00:39.000Z,39,1,60,59.6473,59.6473,0.9457,0.9936,0.3,1,1,RUNNING
F06,DEMO-DEVICE-01,2026-10-04T01:00:40.000Z,40,1,60,60,60,0.9588,0.9891,0.3,1,1,RUNNING
F06,DEMO-DEVICE-01,2026-10-04T01:00:41.000Z,41,1,60,60.3527,60.3527,0.9727,0.9853,0.3,1,1,RUNNING
F06,DEMO-DEVICE-01,2026-10-04T01:00:42.000Z,42,1,60,60.5706,60.5706,0.9807,0.9824,0.3,1,1,RUNNING
F06,DEMO-DEVICE-01,2026-10-04T01:00:43.000Z,43,1,60,60.5706,60.5706,0.9789,0.9806,0.3,1,1,RUNNING
F06,DEMO-DEVICE-01,2026-10-04T01:00:44.000Z,44,1,60,60.3527,60.3527,0.9674,0.98,0.3,1,1,RUNNING
F06,DEMO-DEVICE-01,2026-10-04T01:00:45.000Z,45,1,60,60,60,0.9503,0.9806,0.3,1,1,RUNNING
F06,DEMO-DEVICE-01,2026-10-04T01:00:46.000Z,46,1,60,59.6473,59.6473,0.9346,0.9825,0.3,1,1,RUNNING
F06,DEMO-DEVICE-01,2026-10-04T01:00:47.000Z,47,1,60,59.4294,59.4294,0.9266,0.9854,0.3,1,1,RUNNING
F06,DEMO-DEVICE-01,2026-10-04T01:00:48.000Z,48,1,60,59.4294,59.4294,0.9305,0.9893,0.3,1,1,RUNNING
F06,DEMO-DEVICE-01,2026-10-04T01:00:49.000Z,49,1,60,59.6473,59.6473,0.9459,0.9938,0.3,1,1,RUNNING
F06,DEMO-DEVICE-01,2026-10-04T01:00:50.000Z,50,1,60,60,60,0.9684,0.9987,0.3,1,1,RUNNING
F06,DEMO-DEVICE-01,2026-10-04T01:00:51.000Z,51,1,60,60.3527,60.3527,0.9911,1.0037,0.3,1,1,RUNNING
F06,DEMO-DEVICE-01,2026-10-04T01:00:52.000Z,52,1,60,60.5706,60.5706,1.0067,1.0084,0.3,1,1,RUNNING
F06,DEMO-DEVICE-01,2026-10-04T01:00:53.000Z,53,1,60,60.5706,60.5706,1.0109,1.0126,0.3,1,1,RUNNING
F06,DEMO-DEVICE-01,2026-10-04T01:00:54.000Z,54,1,60,60.3527,60.3527,1.0035,1.0161,0.3,1,1,RUNNING
F06,DEMO-DEVICE-01,2026-10-04T01:00:55.000Z,55,1,60,60,60,0.9882,1.0185,0.3,1,1,RUNNING
F06,DEMO-DEVICE-01,2026-10-04T01:00:56.000Z,56,1,60,59.6473,59.6473,0.9719,1.0198,0.3,1,1,RUNNING
F06,DEMO-DEVICE-01,2026-10-04T01:00:57.000Z,57,1,60,59.4294,59.4294,0.9611,1.0199,0.3,1,1,RUNNING
F06,DEMO-DEVICE-01,2026-10-04T01:00:58.000Z,58,1,60,59.4294,59.4294,0.9599,1.0187,0.3,1,1,RUNNING
F06,DEMO-DEVICE-01,2026-10-04T01:00:59.000Z,59,1,60,59.6473,59.6473,0.9685,1.0164,0.3,1,1,RUNNING
F06,DEMO-DEVICE-01,2026-10-04T01:01:00.000Z,60,1,60,60,60,0.9827,1.013,0.3,1,1,RUNNING
F06,DEMO-DEVICE-01,2026-10-04T01:01:01.000Z,61,1,60,60.3527,59.3527,0.9962,1.0088,0.3,1,1,RUNNING
F06,DEMO-DEVICE-01,2026-10-04T01:01:02.000Z,62,1,60,60.5706,58.5706,1.0024,1.0041,0.3,1,1,RUNNING
F06,DEMO-DEVICE-01,2026-10-04T01:01:03.000Z,63,1,60,60.5706,57.5706,0.9975,0.9992,0.3,1,1,RUNNING
F06,DEMO-DEVICE-01,2026-10-04T01:01:04.000Z,64,1,60,60.3527,56.3527,0.9816,0.9942,0.3,1,1,RUNNING
F06,DEMO-DEVICE-01,2026-10-04T01:01:05.000Z,65,1,60,60,55,0.9594,0.9897,0.3,1,1,RUNNING
F06,DEMO-DEVICE-01,2026-10-04T01:01:06.000Z,66,1,60,59.6473,53.6473,0.9379,0.9858,0.3,1,1,RUNNING
F06,DEMO-DEVICE-01,2026-10-04T01:01:07.000Z,67,1,60,59.4294,52.4294,0.9239,0.9827,0.3,1,1,RUNNING
F06,DEMO-DEVICE-01,2026-10-04T01:01:08.000Z,68,1,60,59.4294,51.4294,0.922,0.9808,0.3,1,1,RUNNING
F06,DEMO-DEVICE-01,2026-10-04T01:01:09.000Z,69,1,60,59.6473,50.6473,0.9321,0.98,0.3,1,1,RUNNING
F06,DEMO-DEVICE-01,2026-10-04T01:01:10.000Z,70,1,60,60,50,0.9502,0.9805,0.3,1,1,RUNNING
F06,DEMO-DEVICE-01,2026-10-04T01:01:11.000Z,71,1,60,60.3527,49.3527,0.9696,0.9822,0.3,1,1,RUNNING
F06,DEMO-DEVICE-01,2026-10-04T01:01:12.000Z,72,1,60,60.5706,48.5706,0.9833,0.985,0.3,1,1,RUNNING
F06,DEMO-DEVICE-01,2026-10-04T01:01:13.000Z,73,1,60,60.5706,47.5706,0.987,0.9887,0.3,1,1,RUNNING
F06,DEMO-DEVICE-01,2026-10-04T01:01:14.000Z,74,1,60,60.3527,46.3527,0.9806,0.9932,0.3,1,1,RUNNING
F06,DEMO-DEVICE-01,2026-10-04T01:01:15.000Z,75,1,60,60,45,0.9677,0.998,0.3,1,1,RUNNING
F06,DEMO-DEVICE-01,2026-10-04T01:01:16.000Z,76,1,60,59.6473,43.6473,0.9551,1.003,0.3,1,1,RUNNING
F06,DEMO-DEVICE-01,2026-10-04T01:01:17.000Z,77,1,60,59.4294,42.4294,0.949,1.0078,0.3,1,1,RUNNING
F06,DEMO-DEVICE-01,2026-10-04T01:01:18.000Z,78,1,60,59.4294,41.4294,0.9533,1.0121,0.3,1,1,RUNNING
F06,DEMO-DEVICE-01,2026-10-04T01:01:19.000Z,79,1,60,59.6473,40.6473,0.9678,1.0157,0.3,1,1,RUNNING
F06,DEMO-DEVICE-01,2026-10-04T01:01:20.000Z,80,1,60,60,40,0.988,1.0183,0.3,1,1,RUNNING
F06,DEMO-DEVICE-01,2026-10-04T01:01:21.000Z,81,1,60,60.3527,39.3527,1.0071,1.0197,0.3,1,1,RUNNING
F06,DEMO-DEVICE-01,2026-10-04T01:01:22.000Z,82,1,60,60.5706,38.5706,1.0182,1.0199,0.3,1,1,RUNNING
F06,DEMO-DEVICE-01,2026-10-04T01:01:23.000Z,83,1,60,60.5706,37.5706,1.0172,1.0189,0.3,1,1,RUNNING
F06,DEMO-DEVICE-01,2026-10-04T01:01:24.000Z,84,1,60,60.3527,36.3527,1.0041,1.0167,0.3,1,1,RUNNING
F06,DEMO-DEVICE-01,2026-10-04T01:01:25.000Z,85,1,60,60,35,0.9832,1.0135,0.3,1,1,RUNNING
F06,DEMO-DEVICE-01,2026-10-04T01:01:26.000Z,86,1,60,59.6473,33.6473,0.9615,1.0094,0.3,1,1,RUNNING
F06,DEMO-DEVICE-01,2026-10-04T01:01:27.000Z,87,1,60,59.4294,32.4294,0.946,1.0048,0.3,1,1,RUNNING
F06,DEMO-DEVICE-01,2026-10-04T01:01:28.000Z,88,1,60,59.4294,31.4294,0.941,0.9998,0.3,1,1,RUNNING
F06,DEMO-DEVICE-01,2026-10-04T01:01:29.000Z,89,1,60,59.6473,30.6473,0.947,0.9949,0.3,1,1,RUNNING
F06,DEMO-DEVICE-01,2026-10-04T01:01:30.000Z,90,1,60,60,30,0.96,0.9903,0.3,1,1,RUNNING
F06,DEMO-DEVICE-01,2026-10-04T01:01:31.000Z,91,1,60,60.3527,30.3527,0.9736,0.9862,0.3,1,1,RUNNING
F06,DEMO-DEVICE-01,2026-10-04T01:01:32.000Z,92,1,60,60.5706,30.5706,0.9814,0.9831,0.3,1,1,RUNNING
F06,DEMO-DEVICE-01,2026-10-04T01:01:33.000Z,93,1,60,60.5706,30.5706,0.9793,0.981,0.3,1,1,RUNNING
F06,DEMO-DEVICE-01,2026-10-04T01:01:34.000Z,94,1,60,60.3527,30.3527,0.9674,0.98,0.3,1,1,RUNNING
F06,DEMO-DEVICE-01,2026-10-04T01:01:35.000Z,95,1,60,60,30,0.9501,0.9804,0.3,1,1,RUNNING
F06,DEMO-DEVICE-01,2026-10-04T01:01:36.000Z,96,1,60,59.6473,29.6473,0.934,0.9819,0.3,1,1,RUNNING
F06,DEMO-DEVICE-01,2026-10-04T01:01:37.000Z,97,1,60,59.4294,29.4294,0.9258,0.9846,0.3,1,1,RUNNING
F06,DEMO-DEVICE-01,2026-10-04T01:01:38.000Z,98,1,60,59.4294,29.4294,0.9294,0.9882,0.3,1,1,RUNNING
F06,DEMO-DEVICE-01,2026-10-04T01:01:39.000Z,99,1,60,59.6473,29.6473,0.9446,0.9925,0.3,1,1,RUNNING
F06,DEMO-DEVICE-01,2026-10-04T01:01:40.000Z,100,1,60,60,30,0.9671,0.9974,0.3,1,1,RUNNING
F06,DEMO-DEVICE-01,2026-10-04T01:01:41.000Z,101,1,60,60.3527,30.3527,0.9897,1.0023,0.3,1,1,RUNNING
F06,DEMO-DEVICE-01,2026-10-04T01:01:42.000Z,102,1,60,60.5706,30.5706,1.0055,1.0072,0.3,1,1,RUNNING
F06,DEMO-DEVICE-01,2026-10-04T01:01:43.000Z,103,1,60,60.5706,30.5706,1.0099,1.0116,0.3,1,1,RUNNING
F06,DEMO-DEVICE-01,2026-10-04T01:01:44.000Z,104,1,60,60.3527,30.3527,1.0027,1.0153,0.3,1,1,RUNNING
F06,DEMO-DEVICE-01,2026-10-04T01:01:45.000Z,105,1,60,60,30,0.9877,1.018,0.3,1,1,RUNNING
F06,DEMO-DEVICE-01,2026-10-04T01:01:46.000Z,106,1,60,59.6473,29.6473,0.9717,1.0196,0.3,1,1,RUNNING
F06,DEMO-DEVICE-01,2026-10-04T01:01:47.000Z,107,1,60,59.4294,29.4294,0.9612,1.02,0.3,1,1,RUNNING
F06,DEMO-DEVICE-01,2026-10-04T01:01:48.000Z,108,1,60,59.4294,29.4294,0.9603,1.0191,0.3,1,1,RUNNING
F06,DEMO-DEVICE-01,2026-10-04T01:01:49.000Z,109,1,60,59.6473,29.6473,0.9692,1.0171,0.3,1,1,RUNNING
F06,DEMO-DEVICE-01,2026-10-04T01:01:50.000Z,110,1,60,60,30,0.9837,1.014,0.3,1,1,RUNNING
F06,DEMO-DEVICE-01,2026-10-04T01:01:51.000Z,111,1,60,60.3527,30.3527,0.9974,1.01,0.3,1,1,RUNNING
F06,DEMO-DEVICE-01,2026-10-04T01:01:52.000Z,112,1,60,60.5706,30.5706,1.0037,1.0054,0.3,1,1,RUNNING
F06,DEMO-DEVICE-01,2026-10-04T01:01:53.000Z,113,1,60,60.5706,30.5706,0.9988,1.0005,0.3,1,1,RUNNING
F06,DEMO-DEVICE-01,2026-10-04T01:01:54.000Z,114,1,60,60.3527,30.3527,0.9829,0.9955,0.3,1,1,RUNNING
F06,DEMO-DEVICE-01,2026-10-04T01:01:55.000Z,115,1,60,60,30,0.9605,0.9908,0.3,1,1,RUNNING
F06,DEMO-DEVICE-01,2026-10-04T01:01:56.000Z,116,1,60,59.6473,29.6473,0.9388,0.9867,0.3,1,1,RUNNING
F06,DEMO-DEVICE-01,2026-10-04T01:01:57.000Z,117,1,60,59.4294,29.4294,0.9246,0.9834,0.3,1,1,RUNNING
F06,DEMO-DEVICE-01,2026-10-04T01:01:58.000Z,118,1,60,59.4294,29.4294,0.9224,0.9812,0.3,1,1,RUNNING
F06,DEMO-DEVICE-01,2026-10-04T01:01:59.000Z,119,1,60,59.6473,29.6473,0.9322,0.9801,0.3,1,1,RUNNING
F06,DEMO-DEVICE-01,2026-10-04T01:02:00.000Z,120,1,60,60,30,0.9499,0.9802,0.3,1,1,RUNNING
F06,DEMO-DEVICE-01,2026-10-04T01:02:01.000Z,121,1,60,60.3527,30.3527,0.969,0.9816,0.3,1,1,RUNNING
F06,DEMO-DEVICE-01,2026-10-04T01:02:02.000Z,122,1,60,60.5706,30.5706,0.9824,0.9841,0.3,1,1,RUNNING
F06,DEMO-DEVICE-01,2026-10-04T01:02:03.000Z,123,1,60,60.5706,30.5706,0.9859,0.9876,0.3,1,1,RUNNING
F06,DEMO-DEVICE-01,2026-10-04T01:02:04.000Z,124,1,60,60.3527,30.3527,0.9793,0.9919,0.3,1,1,RUNNING
F06,DEMO-DEVICE-01,2026-10-04T01:02:05.000Z,125,1,60,60,30,0.9664,0.9967,0.3,1,1,RUNNING
F06,DEMO-DEVICE-01,2026-10-04T01:02:06.000Z,126,1,60,59.6473,29.6473,0.9538,1.0017,0.3,1,1,RUNNING
F06,DEMO-DEVICE-01,2026-10-04T01:02:07.000Z,127,1,60,59.4294,29.4294,0.9478,1.0066,0.3,1,1,RUNNING
F06,DEMO-DEVICE-01,2026-10-04T01:02:08.000Z,128,1,60,59.4294,29.4294,0.9522,1.011,0.3,1,1,RUNNING
F06,DEMO-DEVICE-01,2026-10-04T01:02:09.000Z,129,1,60,59.6473,29.6473,0.9669,1.0148,0.3,1,1,RUNNING
F06,DEMO-DEVICE-01,2026-10-04T01:02:10.000Z,130,1,60,60,30,0.9874,1.0177,0.3,1,1,RUNNING
F06,DEMO-DEVICE-01,2026-10-04T01:02:11.000Z,131,1,60,60.3527,30.3527,1.0068,1.0194,0.3,1,1,RUNNING
F06,DEMO-DEVICE-01,2026-10-04T01:02:12.000Z,132,1,60,60.5706,30.5706,1.0183,1.02,0.3,1,1,RUNNING
F06,DEMO-DEVICE-01,2026-10-04T01:02:13.000Z,133,1,60,60.5706,30.5706,1.0176,1.0193,0.3,1,1,RUNNING
F06,DEMO-DEVICE-01,2026-10-04T01:02:14.000Z,134,1,60,60.3527,30.3527,1.0048,1.0174,0.3,1,1,RUNNING
F06,DEMO-DEVICE-01,2026-10-04T01:02:15.000Z,135,1,60,60,30,0.9842,1.0145,0.3,1,1,RUNNING
F06,DEMO-DEVICE-01,2026-10-04T01:02:16.000Z,136,1,60,59.6473,29.6473,0.9627,1.0106,0.3,1,1,RUNNING
F06,DEMO-DEVICE-01,2026-10-04T01:02:17.000Z,137,1,60,59.4294,29.4294,0.9473,1.0061,0.3,1,1,RUNNING
F06,DEMO-DEVICE-01,2026-10-04T01:02:18.000Z,138,1,60,59.4294,29.4294,0.9423,1.0011,0.3,1,1,RUNNING
F06,DEMO-DEVICE-01,2026-10-04T01:02:19.000Z,139,1,60,59.6473,29.6473,0.9483,0.9962,0.3,1,1,RUNNING
F06,DEMO-DEVICE-01,2026-10-04T01:02:20.000Z,140,1,60,60,30,0.9611,0.9914,0.3,1,1,RUNNING
F06,DEMO-DEVICE-01,2026-10-04T01:02:21.000Z,141,1,60,60.3527,30.3527,0.9746,0.9872,0.3,1,1,RUNNING
F06,DEMO-DEVICE-01,2026-10-04T01:02:22.000Z,142,1,60,60.5706,30.5706,0.9821,0.9838,0.3,1,1,RUNNING
F06,DEMO-DEVICE-01,2026-10-04T01:02:23.000Z,143,1,60,60.5706,30.5706,0.9797,0.9814,0.3,1,1,RUNNING
F06,DEMO-DEVICE-01,2026-10-04T01:02:24.000Z,144,1,60,60.3527,30.3527,0.9676,0.9802,0.3,1,1,RUNNING
F06,DEMO-DEVICE-01,2026-10-04T01:02:25.000Z,145,1,60,60,30,0.9498,0.9801,0.3,1,1,RUNNING
F06,DEMO-DEVICE-01,2026-10-04T01:02:26.000Z,146,1,60,59.6473,29.6473,0.9335,0.9814,0.3,1,1,RUNNING
F06,DEMO-DEVICE-01,2026-10-04T01:02:27.000Z,147,1,60,59.4294,29.4294,0.9249,0.9837,0.3,1,1,RUNNING
F06,DEMO-DEVICE-01,2026-10-04T01:02:28.000Z,148,1,60,59.4294,29.4294,0.9283,0.9871,0.3,1,1,RUNNING
F06,DEMO-DEVICE-01,2026-10-04T01:02:29.000Z,149,1,60,59.6473,29.6473,0.9434,0.9913,0.3,1,1,RUNNING
F06,DEMO-DEVICE-01,2026-10-04T01:02:30.000Z,150,1,60,60,30,0.9657,0.996,0.3,1,1,RUNNING
F06,DEMO-DEVICE-01,2026-10-04T01:02:31.000Z,151,1,60,60.3527,30.3527,0.9884,1.001,0.3,1,1,RUNNING
F06,DEMO-DEVICE-01,2026-10-04T01:02:32.000Z,152,1,60,60.5706,30.5706,1.0042,1.0059,0.3,1,1,RUNNING
F06,DEMO-DEVICE-01,2026-10-04T01:02:33.000Z,153,1,60,60.5706,30.5706,1.0088,1.0105,0.3,1,1,RUNNING
F06,DEMO-DEVICE-01,2026-10-04T01:02:34.000Z,154,1,60,60.3527,30.3527,1.0018,1.0144,0.3,1,1,RUNNING
F06,DEMO-DEVICE-01,2026-10-04T01:02:35.000Z,155,1,60,60,30,0.9871,1.0174,0.3,1,1,RUNNING
F06,DEMO-DEVICE-01,2026-10-04T01:02:36.000Z,156,1,60,59.6473,29.6473,0.9714,1.0193,0.3,1,1,RUNNING
F06,DEMO-DEVICE-01,2026-10-04T01:02:37.000Z,157,1,60,59.4294,29.4294,0.9612,1.02,0.3,1,1,RUNNING
F06,DEMO-DEVICE-01,2026-10-04T01:02:38.000Z,158,1,60,59.4294,29.4294,0.9607,1.0195,0.3,1,1,RUNNING
F06,DEMO-DEVICE-01,2026-10-04T01:02:39.000Z,159,1,60,59.6473,29.6473,0.9698,1.0177,0.3,1,1,RUNNING
F06,DEMO-DEVICE-01,2026-10-04T01:02:40.000Z,160,1,60,60,30,0.9846,1.0149,0.3,1,1,RUNNING
F06,DEMO-DEVICE-01,2026-10-04T01:02:41.000Z,161,1,60,60.3527,30.3527,0.9985,1.0111,0.3,1,1,RUNNING
F06,DEMO-DEVICE-01,2026-10-04T01:02:42.000Z,162,1,60,60.5706,30.5706,1.005,1.0067,0.3,1,1,RUNNING
F06,DEMO-DEVICE-01,2026-10-04T01:02:43.000Z,163,1,60,60.5706,30.5706,1.0001,1.0018,0.3,1,1,RUNNING
F06,DEMO-DEVICE-01,2026-10-04T01:02:44.000Z,164,1,60,60.3527,30.3527,0.9842,0.9968,0.3,1,1,RUNNING
F06,DEMO-DEVICE-01,2026-10-04T01:02:45.000Z,165,1,60,60,30,0.9617,0.992,0.3,1,1,RUNNING
F06,DEMO-DEVICE-01,2026-10-04T01:02:46.000Z,166,1,60,59.6473,29.6473,0.9398,0.9877,0.3,1,1,RUNNING
F06,DEMO-DEVICE-01,2026-10-04T01:02:47.000Z,167,1,60,59.4294,29.4294,0.9254,0.9842,0.3,1,1,RUNNING
F06,DEMO-DEVICE-01,2026-10-04T01:02:48.000Z,168,1,60,59.4294,29.4294,0.9229,0.9817,0.3,1,1,RUNNING
F06,DEMO-DEVICE-01,2026-10-04T01:02:49.000Z,169,1,60,59.6473,29.6473,0.9324,0.9803,0.3,1,1,RUNNING
F06,DEMO-DEVICE-01,2026-10-04T01:02:50.000Z,170,1,60,60,30,0.9498,0.9801,0.3,1,1,RUNNING
F06,DEMO-DEVICE-01,2026-10-04T01:02:51.000Z,171,1,60,60.3527,30.3527,0.9685,0.9811,0.3,1,1,RUNNING
F06,DEMO-DEVICE-01,2026-10-04T01:02:52.000Z,172,1,60,60.5706,30.5706,0.9817,0.9834,0.3,1,1,RUNNING
F06,DEMO-DEVICE-01,2026-10-04T01:02:53.000Z,173,1,60,60.5706,30.5706,0.9849,0.9866,0.3,1,1,RUNNING
F06,DEMO-DEVICE-01,2026-10-04T01:02:54.000Z,174,1,60,60.3527,30.3527,0.9781,0.9907,0.3,1,1,RUNNING
F06,DEMO-DEVICE-01,2026-10-04T01:02:55.000Z,175,1,60,60,30,0.9651,0.9954,0.3,1,1,RUNNING
F06,DEMO-DEVICE-01,2026-10-04T01:02:56.000Z,176,1,60,59.6473,29.6473,0.9525,1.0004,0.3,1,1,RUNNING
F06,DEMO-DEVICE-01,2026-10-04T01:02:57.000Z,177,1,60,59.4294,29.4294,0.9465,1.0053,0.3,1,1,RUNNING
F06,DEMO-DEVICE-01,2026-10-04T01:02:58.000Z,178,1,60,59.4294,29.4294,0.9511,1.0099,0.3,1,1,RUNNING
F06,DEMO-DEVICE-01,2026-10-04T01:02:59.000Z,179,1,60,59.6473,29.6473,0.966,1.0139,0.3,1,1,RUNNING
F06,DEMO-DEVICE-01,2026-10-04T01:03:00.000Z,180,1,60,60,30,0.9867,1.017,0.3,1,1,RUNNING
F07,DEMO-DEVICE-01,2026-10-04T02:00:01.000Z,1,1,60,60.3527,60.3527,0.9923,1.0049,0.3,1,1,RUNNING
F07,DEMO-DEVICE-01,2026-10-04T02:00:02.000Z,2,1,60,60.5706,60.5706,1.0079,1.0096,0.3,1,1,RUNNING
F07,DEMO-DEVICE-01,2026-10-04T02:00:03.000Z,3,1,60,60.5706,60.5706,1.0119,1.0136,0.3,1,1,RUNNING
F07,DEMO-DEVICE-01,2026-10-04T02:00:04.000Z,4,1,60,60.3527,60.3527,1.0042,1.0168,0.3,1,1,RUNNING
F07,DEMO-DEVICE-01,2026-10-04T02:00:05.000Z,5,1,60,60,60,0.9887,1.019,0.3,1,1,RUNNING
F07,DEMO-DEVICE-01,2026-10-04T02:00:06.000Z,6,1,60,59.6473,59.6473,0.972,1.0199,0.3,1,1,RUNNING
F07,DEMO-DEVICE-01,2026-10-04T02:00:07.000Z,7,1,60,59.4294,59.4294,0.9609,1.0197,0.3,1,1,RUNNING
F07,DEMO-DEVICE-01,2026-10-04T02:00:08.000Z,8,1,60,59.4294,59.4294,0.9594,1.0182,0.3,1,1,RUNNING
F07,DEMO-DEVICE-01,2026-10-04T02:00:09.000Z,9,1,60,59.6473,59.6473,0.9677,1.0156,0.3,1,1,RUNNING
F07,DEMO-DEVICE-01,2026-10-04T02:00:10.000Z,10,1,60,60,60,0.9817,1.012,0.3,1,1,RUNNING
F07,DEMO-DEVICE-01,2026-10-04T02:00:11.000Z,11,1,60,60.3527,60.3527,0.995,1.0076,0.3,1,1,RUNNING
F07,DEMO-DEVICE-01,2026-10-04T02:00:12.000Z,12,1,60,60.5706,60.5706,1.0011,1.0028,0.3,1,1,RUNNING
F07,DEMO-DEVICE-01,2026-10-04T02:00:13.000Z,13,1,60,60.5706,60.5706,0.9961,0.9978,0.3,1,1,RUNNING
F07,DEMO-DEVICE-01,2026-10-04T02:00:14.000Z,14,1,60,60.3527,60.3527,0.9804,0.993,0.3,1,1,RUNNING
F07,DEMO-DEVICE-01,2026-10-04T02:00:15.000Z,15,1,60,60,60,0.9583,0.9886,0.3,1,1,RUNNING
F07,DEMO-DEVICE-01,2026-10-04T02:00:16.000Z,16,1,60,59.6473,59.6473,0.937,0.9849,0.3,1,1,RUNNING
F07,DEMO-DEVICE-01,2026-10-04T02:00:17.000Z,17,1,60,59.4294,59.4294,0.9233,0.9821,0.3,1,1,RUNNING
F07,DEMO-DEVICE-01,2026-10-04T02:00:18.000Z,18,1,60,59.4294,59.4294,0.9216,0.9804,0.3,1,1,RUNNING
F07,DEMO-DEVICE-01,2026-10-04T02:00:19.000Z,19,1,60,59.6473,59.6473,0.9321,0.98,0.3,1,1,RUNNING
F07,DEMO-DEVICE-01,2026-10-04T02:00:20.000Z,20,1,60,60,60,0.9505,0.9808,0.3,1,1,RUNNING
F07,DEMO-DEVICE-01,2026-10-04T02:00:21.000Z,21,1,60,60.3527,60.3527,0.9702,0.9828,0.3,1,1,RUNNING
F07,DEMO-DEVICE-01,2026-10-04T02:00:22.000Z,22,1,60,60.5706,60.5706,0.9842,0.9859,0.3,1,1,RUNNING
F07,DEMO-DEVICE-01,2026-10-04T02:00:23.000Z,23,1,60,60.5706,60.5706,0.9881,0.9898,0.3,1,1,RUNNING
F07,DEMO-DEVICE-01,2026-10-04T02:00:24.000Z,24,1,60,60.3527,60.3527,0.9818,0.9944,0.3,1,1,RUNNING
F07,DEMO-DEVICE-01,2026-10-04T02:00:25.000Z,25,1,60,60,60,0.969,0.9993,0.3,1,1,RUNNING
F07,DEMO-DEVICE-01,2026-10-04T02:00:26.000Z,26,1,60,59.6473,59.6473,0.9564,1.0043,0.3,1,1,RUNNING
F07,DEMO-DEVICE-01,2026-10-04T02:00:27.000Z,27,1,60,59.4294,59.4294,0.9502,1.009,0.3,1,1,RUNNING
F07,DEMO-DEVICE-01,2026-10-04T02:00:28.000Z,28,1,60,59.4294,59.4294,0.9543,1.0131,0.3,1,1,RUNNING
F07,DEMO-DEVICE-01,2026-10-04T02:00:29.000Z,29,1,60,59.6473,59.6473,0.9686,1.0165,0.3,1,1,RUNNING
F07,DEMO-DEVICE-01,2026-10-04T02:00:30.000Z,30,1,60,60,60,0.9885,1.0188,0.3,1,1,RUNNING
F07,DEMO-DEVICE-01,2026-10-04T02:00:31.000Z,31,1,60,60.3527,60.3527,1.0073,1.0199,0.3,1,1,RUNNING
F07,DEMO-DEVICE-01,2026-10-04T02:00:32.000Z,32,1,60,60.5706,60.5706,1.0181,1.0198,0.3,1,1,RUNNING
F07,DEMO-DEVICE-01,2026-10-04T02:00:33.000Z,33,1,60,60.5706,60.5706,1.0168,1.0185,0.3,1,1,RUNNING
F07,DEMO-DEVICE-01,2026-10-04T02:00:34.000Z,34,1,60,60.3527,60.3527,1.0034,1.016,0.3,1,1,RUNNING
F07,DEMO-DEVICE-01,2026-10-04T02:00:35.000Z,35,1,60,60,60,0.9822,1.0125,0.3,1,1,RUNNING
F07,DEMO-DEVICE-01,2026-10-04T02:00:36.000Z,36,1,60,59.6473,59.6473,0.9603,1.0082,0.3,1,1,RUNNING
F07,DEMO-DEVICE-01,2026-10-04T02:00:37.000Z,37,1,60,59.4294,59.4294,0.9447,1.0035,0.3,1,1,RUNNING
F07,DEMO-DEVICE-01,2026-10-04T02:00:38.000Z,38,1,60,59.4294,59.4294,0.9397,0.9985,0.3,1,1,RUNNING
F07,DEMO-DEVICE-01,2026-10-04T02:00:39.000Z,39,1,60,59.6473,59.6473,0.9457,0.9936,0.3,1,1,RUNNING
F07,DEMO-DEVICE-01,2026-10-04T02:00:40.000Z,40,1,60,60,60,0.9588,0.9891,0.3,1,1,RUNNING
F07,DEMO-DEVICE-01,2026-10-04T02:00:41.000Z,41,1,60,60.3527,60.3527,0.9727,0.9853,0.3,1,1,RUNNING
F07,DEMO-DEVICE-01,2026-10-04T02:00:42.000Z,42,1,60,60.5706,60.5706,0.9807,0.9824,0.3,1,1,RUNNING
F07,DEMO-DEVICE-01,2026-10-04T02:00:43.000Z,43,1,60,60.5706,60.5706,0.9789,0.9806,0.3,1,1,RUNNING
F07,DEMO-DEVICE-01,2026-10-04T02:00:44.000Z,44,1,60,60.3527,60.3527,0.9674,0.98,0.3,1,1,RUNNING
F07,DEMO-DEVICE-01,2026-10-04T02:00:45.000Z,45,1,60,60,60,0.9503,0.9806,0.3,1,1,RUNNING
F07,DEMO-DEVICE-01,2026-10-04T02:00:46.000Z,46,1,60,59.6473,59.6473,0.9346,0.9825,0.3,1,1,RUNNING
F07,DEMO-DEVICE-01,2026-10-04T02:00:47.000Z,47,1,60,59.4294,59.4294,0.9266,0.9854,0.3,1,1,RUNNING
F07,DEMO-DEVICE-01,2026-10-04T02:00:48.000Z,48,1,60,59.4294,59.4294,0.9305,0.9893,0.3,1,1,RUNNING
F07,DEMO-DEVICE-01,2026-10-04T02:00:49.000Z,49,1,60,59.6473,59.6473,0.9459,0.9938,0.3,1,1,RUNNING
F07,DEMO-DEVICE-01,2026-10-04T02:00:50.000Z,50,1,60,60,60,0.9684,0.9987,0.3,1,1,RUNNING
F07,DEMO-DEVICE-01,2026-10-04T02:00:51.000Z,51,1,60,60.3527,60.3527,0.9911,1.0037,0.3,1,1,RUNNING
F07,DEMO-DEVICE-01,2026-10-04T02:00:52.000Z,52,1,60,60.5706,60.5706,1.0067,1.0084,0.3,1,1,RUNNING
F07,DEMO-DEVICE-01,2026-10-04T02:00:53.000Z,53,1,60,60.5706,60.5706,1.0109,1.0126,0.3,1,1,RUNNING
F07,DEMO-DEVICE-01,2026-10-04T02:00:54.000Z,54,1,60,60.3527,60.3527,1.0035,1.0161,0.3,1,1,RUNNING
F07,DEMO-DEVICE-01,2026-10-04T02:00:55.000Z,55,1,60,60,60,0.9882,1.0185,0.3,1,1,RUNNING
F07,DEMO-DEVICE-01,2026-10-04T02:00:56.000Z,56,1,60,59.6473,59.6473,0.9719,1.0198,0.3,1,1,RUNNING
F07,DEMO-DEVICE-01,2026-10-04T02:00:57.000Z,57,1,60,59.4294,59.4294,0.9611,1.0199,0.3,1,1,RUNNING
F07,DEMO-DEVICE-01,2026-10-04T02:00:58.000Z,58,1,60,59.4294,59.4294,0.9599,1.0187,0.3,1,1,RUNNING
F07,DEMO-DEVICE-01,2026-10-04T02:00:59.000Z,59,1,60,59.6473,59.6473,0.9685,1.0164,0.3,1,1,RUNNING
F07,DEMO-DEVICE-01,2026-10-04T02:01:00.000Z,60,1,60,60,60,0.9827,1.013,0.3,1,1,RUNNING
F07,DEMO-DEVICE-01,2026-10-04T02:01:01.000Z,61,1,60,60.3527,60.3527,0.9962,1.0088,0.3,1,1,RUNNING
F07,DEMO-DEVICE-01,2026-10-04T02:01:02.000Z,62,1,60,60.5706,60.5706,1.0024,1.0041,0.3,1,1,RUNNING
F07,DEMO-DEVICE-01,2026-10-04T02:01:03.000Z,63,1,60,60.5706,60.5706,0.9975,0.9992,0.3,1,1,RUNNING
F07,DEMO-DEVICE-01,2026-10-04T02:01:04.000Z,64,1,60,60.3527,60.3527,0.9816,0.9942,0.3,1,1,RUNNING
F07,DEMO-DEVICE-01,2026-10-04T02:01:05.000Z,65,1,60,60,60,0.9594,0.9897,0.3,1,1,RUNNING
F07,DEMO-DEVICE-01,2026-10-04T02:01:06.000Z,66,1,60,59.6473,59.6473,0.9379,0.9858,0.3,1,1,RUNNING
F07,DEMO-DEVICE-01,2026-10-04T02:01:07.000Z,67,1,60,59.4294,59.4294,0.9239,0.9827,0.3,1,1,RUNNING
F07,DEMO-DEVICE-01,2026-10-04T02:01:08.000Z,68,1,60,59.4294,59.4294,0.922,0.9808,0.3,1,1,RUNNING
F07,DEMO-DEVICE-01,2026-10-04T02:01:09.000Z,69,1,60,59.6473,59.6473,0.9321,0.98,0.3,1,1,RUNNING
F07,DEMO-DEVICE-01,2026-10-04T02:01:10.000Z,70,1,60,60,60,0.9502,0.9805,0.3,1,1,RUNNING
F07,DEMO-DEVICE-01,2026-10-04T02:01:11.000Z,71,1,60,60.3527,60.3527,0.9696,0.9822,0.3,1,1,RUNNING
F07,DEMO-DEVICE-01,2026-10-04T02:01:12.000Z,72,1,60,60.5706,60.5706,0.9833,0.985,0.3,1,1,RUNNING
F07,DEMO-DEVICE-01,2026-10-04T02:01:13.000Z,73,1,60,60.5706,60.5706,0.987,0.9887,0.3,1,1,RUNNING
F07,DEMO-DEVICE-01,2026-10-04T02:01:14.000Z,74,1,60,60.3527,60.3527,0.9806,0.9932,0.3,1,1,RUNNING
F07,DEMO-DEVICE-01,2026-10-04T02:01:15.000Z,75,1,60,60,60,0.9677,0.998,0.3,1,1,RUNNING
F07,DEMO-DEVICE-01,2026-10-04T02:01:16.000Z,76,1,60,59.6473,59.6473,0.9551,1.003,0.3,1,1,RUNNING
F07,DEMO-DEVICE-01,2026-10-04T02:01:17.000Z,77,1,60,59.4294,59.4294,0.949,1.0078,0.3,1,1,RUNNING
F07,DEMO-DEVICE-01,2026-10-04T02:01:18.000Z,78,1,60,59.4294,59.4294,0.9533,1.0121,0.3,1,1,RUNNING
F07,DEMO-DEVICE-01,2026-10-04T02:01:19.000Z,79,1,60,59.6473,59.6473,0.9678,1.0157,0.3,1,1,RUNNING
F07,DEMO-DEVICE-01,2026-10-04T02:01:20.000Z,80,1,60,,,,,,0,0,RUNNING
F07,DEMO-DEVICE-01,2026-10-04T02:01:21.000Z,81,1,60,,,,,,0,0,RUNNING
F07,DEMO-DEVICE-01,2026-10-04T02:01:22.000Z,82,1,60,,,,,,0,0,RUNNING
F07,DEMO-DEVICE-01,2026-10-04T02:01:23.000Z,83,1,60,,,,,,0,0,RUNNING
F07,DEMO-DEVICE-01,2026-10-04T02:01:24.000Z,84,1,60,,,,,,0,0,RUNNING
F07,DEMO-DEVICE-01,2026-10-04T02:01:25.000Z,85,1,60,,,,,,0,0,RUNNING
F07,DEMO-DEVICE-01,2026-10-04T02:01:26.000Z,86,1,60,,,,,,0,0,RUNNING
F07,DEMO-DEVICE-01,2026-10-04T02:01:27.000Z,87,1,60,,,,,,0,0,RUNNING
F07,DEMO-DEVICE-01,2026-10-04T02:01:28.000Z,88,1,60,,,,,,0,0,RUNNING
F07,DEMO-DEVICE-01,2026-10-04T02:01:29.000Z,89,1,60,,,,,,0,0,RUNNING
F07,DEMO-DEVICE-01,2026-10-04T02:01:30.000Z,90,1,60,,,,,,0,0,RUNNING
F07,DEMO-DEVICE-01,2026-10-04T02:01:31.000Z,91,1,60,,,,,,0,0,RUNNING
F07,DEMO-DEVICE-01,2026-10-04T02:01:32.000Z,92,1,60,,,,,,0,0,RUNNING
F07,DEMO-DEVICE-01,2026-10-04T02:01:33.000Z,93,1,60,,,,,,0,0,RUNNING
F07,DEMO-DEVICE-01,2026-10-04T02:01:34.000Z,94,1,60,,,,,,0,0,RUNNING
F07,DEMO-DEVICE-01,2026-10-04T02:01:35.000Z,95,1,60,,,,,,0,0,RUNNING
F07,DEMO-DEVICE-01,2026-10-04T02:01:36.000Z,96,1,60,,,,,,0,0,RUNNING
F07,DEMO-DEVICE-01,2026-10-04T02:01:37.000Z,97,1,60,,,,,,0,0,RUNNING
F07,DEMO-DEVICE-01,2026-10-04T02:01:38.000Z,98,1,60,,,,,,0,0,RUNNING
F07,DEMO-DEVICE-01,2026-10-04T02:01:39.000Z,99,1,60,,,,,,0,0,RUNNING
F07,DEMO-DEVICE-01,2026-10-04T02:01:40.000Z,100,1,60,60,60,0.9671,0.9974,0.3,1,1,RUNNING
F07,DEMO-DEVICE-01,2026-10-04T02:01:41.000Z,101,1,60,60.3527,60.3527,0.9897,1.0023,0.3,1,1,RUNNING
F07,DEMO-DEVICE-01,2026-10-04T02:01:42.000Z,102,1,60,60.5706,60.5706,1.0055,1.0072,0.3,1,1,RUNNING
F07,DEMO-DEVICE-01,2026-10-04T02:01:43.000Z,103,1,60,60.5706,60.5706,1.0099,1.0116,0.3,1,1,RUNNING
F07,DEMO-DEVICE-01,2026-10-04T02:01:44.000Z,104,1,60,60.3527,60.3527,1.0027,1.0153,0.3,1,1,RUNNING
F07,DEMO-DEVICE-01,2026-10-04T02:01:45.000Z,105,1,60,60,60,0.9877,1.018,0.3,1,1,RUNNING
F07,DEMO-DEVICE-01,2026-10-04T02:01:46.000Z,106,1,60,59.6473,59.6473,0.9717,1.0196,0.3,1,1,RUNNING
F07,DEMO-DEVICE-01,2026-10-04T02:01:47.000Z,107,1,60,59.4294,59.4294,0.9612,1.02,0.3,1,1,RUNNING
F07,DEMO-DEVICE-01,2026-10-04T02:01:48.000Z,108,1,60,59.4294,59.4294,0.9603,1.0191,0.3,1,1,RUNNING
F07,DEMO-DEVICE-01,2026-10-04T02:01:49.000Z,109,1,60,59.6473,59.6473,0.9692,1.0171,0.3,1,1,RUNNING
F07,DEMO-DEVICE-01,2026-10-04T02:01:50.000Z,110,1,60,60,60,0.9837,1.014,0.3,1,1,RUNNING
F07,DEMO-DEVICE-01,2026-10-04T02:01:51.000Z,111,1,60,60.3527,60.3527,0.9974,1.01,0.3,1,1,RUNNING
F07,DEMO-DEVICE-01,2026-10-04T02:01:52.000Z,112,1,60,60.5706,60.5706,1.0037,1.0054,0.3,1,1,RUNNING
F07,DEMO-DEVICE-01,2026-10-04T02:01:53.000Z,113,1,60,60.5706,60.5706,0.9988,1.0005,0.3,1,1,RUNNING
F07,DEMO-DEVICE-01,2026-10-04T02:01:54.000Z,114,1,60,60.3527,60.3527,0.9829,0.9955,0.3,1,1,RUNNING
F07,DEMO-DEVICE-01,2026-10-04T02:01:55.000Z,115,1,60,60,60,0.9605,0.9908,0.3,1,1,RUNNING
F07,DEMO-DEVICE-01,2026-10-04T02:01:56.000Z,116,1,60,59.6473,59.6473,0.9388,0.9867,0.3,1,1,RUNNING
F07,DEMO-DEVICE-01,2026-10-04T02:01:57.000Z,117,1,60,59.4294,59.4294,0.9246,0.9834,0.3,1,1,RUNNING
F07,DEMO-DEVICE-01,2026-10-04T02:01:58.000Z,118,1,60,59.4294,59.4294,0.9224,0.9812,0.3,1,1,RUNNING
F07,DEMO-DEVICE-01,2026-10-04T02:01:59.000Z,119,1,60,59.6473,59.6473,0.9322,0.9801,0.3,1,1,RUNNING
F07,DEMO-DEVICE-01,2026-10-04T02:02:00.000Z,120,1,60,60,60,0.9499,0.9802,0.3,1,1,RUNNING
F07,DEMO-DEVICE-01,2026-10-04T02:02:01.000Z,121,1,60,60.3527,60.3527,0.969,0.9816,0.3,1,1,RUNNING
F07,DEMO-DEVICE-01,2026-10-04T02:02:02.000Z,122,1,60,60.5706,60.5706,0.9824,0.9841,0.3,1,1,RUNNING
F07,DEMO-DEVICE-01,2026-10-04T02:02:03.000Z,123,1,60,60.5706,60.5706,0.9859,0.9876,0.3,1,1,RUNNING
F07,DEMO-DEVICE-01,2026-10-04T02:02:04.000Z,124,1,60,60.3527,60.3527,0.9793,0.9919,0.3,1,1,RUNNING
F07,DEMO-DEVICE-01,2026-10-04T02:02:05.000Z,125,1,60,60,60,0.9664,0.9967,0.3,1,1,RUNNING
F07,DEMO-DEVICE-01,2026-10-04T02:02:06.000Z,126,1,60,59.6473,59.6473,0.9538,1.0017,0.3,1,1,RUNNING
F07,DEMO-DEVICE-01,2026-10-04T02:02:07.000Z,127,1,60,59.4294,59.4294,0.9478,1.0066,0.3,1,1,RUNNING
F07,DEMO-DEVICE-01,2026-10-04T02:02:08.000Z,128,1,60,59.4294,59.4294,0.9522,1.011,0.3,1,1,RUNNING
F07,DEMO-DEVICE-01,2026-10-04T02:02:09.000Z,129,1,60,59.6473,59.6473,0.9669,1.0148,0.3,1,1,RUNNING
F07,DEMO-DEVICE-01,2026-10-04T02:02:10.000Z,130,1,60,60,60,0.9874,1.0177,0.3,1,1,RUNNING
F07,DEMO-DEVICE-01,2026-10-04T02:02:11.000Z,131,1,60,60.3527,60.3527,1.0068,1.0194,0.3,1,1,RUNNING
F07,DEMO-DEVICE-01,2026-10-04T02:02:12.000Z,132,1,60,60.5706,60.5706,1.0183,1.02,0.3,1,1,RUNNING
F07,DEMO-DEVICE-01,2026-10-04T02:02:13.000Z,133,1,60,60.5706,60.5706,1.0176,1.0193,0.3,1,1,RUNNING
F07,DEMO-DEVICE-01,2026-10-04T02:02:14.000Z,134,1,60,60.3527,60.3527,1.0048,1.0174,0.3,1,1,RUNNING
F07,DEMO-DEVICE-01,2026-10-04T02:02:15.000Z,135,1,60,60,60,0.9842,1.0145,0.3,1,1,RUNNING
F07,DEMO-DEVICE-01,2026-10-04T02:02:16.000Z,136,1,60,59.6473,59.6473,0.9627,1.0106,0.3,1,1,RUNNING
F07,DEMO-DEVICE-01,2026-10-04T02:02:17.000Z,137,1,60,59.4294,59.4294,0.9473,1.0061,0.3,1,1,RUNNING
F07,DEMO-DEVICE-01,2026-10-04T02:02:18.000Z,138,1,60,59.4294,59.4294,0.9423,1.0011,0.3,1,1,RUNNING
F07,DEMO-DEVICE-01,2026-10-04T02:02:19.000Z,139,1,60,59.6473,59.6473,0.9483,0.9962,0.3,1,1,RUNNING
F07,DEMO-DEVICE-01,2026-10-04T02:02:20.000Z,140,1,60,60,60,0.9611,0.9914,0.3,1,1,RUNNING
F07,DEMO-DEVICE-01,2026-10-04T02:02:21.000Z,141,1,60,60.3527,60.3527,0.9746,0.9872,0.3,1,1,RUNNING
F07,DEMO-DEVICE-01,2026-10-04T02:02:22.000Z,142,1,60,60.5706,60.5706,0.9821,0.9838,0.3,1,1,RUNNING
F07,DEMO-DEVICE-01,2026-10-04T02:02:23.000Z,143,1,60,60.5706,60.5706,0.9797,0.9814,0.3,1,1,RUNNING
F07,DEMO-DEVICE-01,2026-10-04T02:02:24.000Z,144,1,60,60.3527,60.3527,0.9676,0.9802,0.3,1,1,RUNNING
F07,DEMO-DEVICE-01,2026-10-04T02:02:25.000Z,145,1,60,60,60,0.9498,0.9801,0.3,1,1,RUNNING
F07,DEMO-DEVICE-01,2026-10-04T02:02:26.000Z,146,1,60,59.6473,59.6473,0.9335,0.9814,0.3,1,1,RUNNING
F07,DEMO-DEVICE-01,2026-10-04T02:02:27.000Z,147,1,60,59.4294,59.4294,0.9249,0.9837,0.3,1,1,RUNNING
F07,DEMO-DEVICE-01,2026-10-04T02:02:28.000Z,148,1,60,59.4294,59.4294,0.9283,0.9871,0.3,1,1,RUNNING
F07,DEMO-DEVICE-01,2026-10-04T02:02:29.000Z,149,1,60,59.6473,59.6473,0.9434,0.9913,0.3,1,1,RUNNING
F07,DEMO-DEVICE-01,2026-10-04T02:02:30.000Z,150,1,60,60,60,0.9657,0.996,0.3,1,1,RUNNING
F07,DEMO-DEVICE-01,2026-10-04T02:02:31.000Z,151,1,60,60.3527,60.3527,0.9884,1.001,0.3,1,1,RUNNING
F07,DEMO-DEVICE-01,2026-10-04T02:02:32.000Z,152,1,60,60.5706,60.5706,1.0042,1.0059,0.3,1,1,RUNNING
F07,DEMO-DEVICE-01,2026-10-04T02:02:33.000Z,153,1,60,60.5706,60.5706,1.0088,1.0105,0.3,1,1,RUNNING
F07,DEMO-DEVICE-01,2026-10-04T02:02:34.000Z,154,1,60,60.3527,60.3527,1.0018,1.0144,0.3,1,1,RUNNING
F07,DEMO-DEVICE-01,2026-10-04T02:02:35.000Z,155,1,60,60,60,0.9871,1.0174,0.3,1,1,RUNNING
F07,DEMO-DEVICE-01,2026-10-04T02:02:36.000Z,156,1,60,59.6473,59.6473,0.9714,1.0193,0.3,1,1,RUNNING
F07,DEMO-DEVICE-01,2026-10-04T02:02:37.000Z,157,1,60,59.4294,59.4294,0.9612,1.02,0.3,1,1,RUNNING
F07,DEMO-DEVICE-01,2026-10-04T02:02:38.000Z,158,1,60,59.4294,59.4294,0.9607,1.0195,0.3,1,1,RUNNING
F07,DEMO-DEVICE-01,2026-10-04T02:02:39.000Z,159,1,60,59.6473,59.6473,0.9698,1.0177,0.3,1,1,RUNNING
F07,DEMO-DEVICE-01,2026-10-04T02:02:40.000Z,160,1,60,60,60,0.9846,1.0149,0.3,1,1,RUNNING
F07,DEMO-DEVICE-01,2026-10-04T02:02:41.000Z,161,1,60,60.3527,60.3527,0.9985,1.0111,0.3,1,1,RUNNING
F07,DEMO-DEVICE-01,2026-10-04T02:02:42.000Z,162,1,60,60.5706,60.5706,1.005,1.0067,0.3,1,1,RUNNING
F07,DEMO-DEVICE-01,2026-10-04T02:02:43.000Z,163,1,60,60.5706,60.5706,1.0001,1.0018,0.3,1,1,RUNNING
F07,DEMO-DEVICE-01,2026-10-04T02:02:44.000Z,164,1,60,60.3527,60.3527,0.9842,0.9968,0.3,1,1,RUNNING
F07,DEMO-DEVICE-01,2026-10-04T02:02:45.000Z,165,1,60,60,60,0.9617,0.992,0.3,1,1,RUNNING
F07,DEMO-DEVICE-01,2026-10-04T02:02:46.000Z,166,1,60,59.6473,59.6473,0.9398,0.9877,0.3,1,1,RUNNING
F07,DEMO-DEVICE-01,2026-10-04T02:02:47.000Z,167,1,60,59.4294,59.4294,0.9254,0.9842,0.3,1,1,RUNNING
F07,DEMO-DEVICE-01,2026-10-04T02:02:48.000Z,168,1,60,59.4294,59.4294,0.9229,0.9817,0.3,1,1,RUNNING
F07,DEMO-DEVICE-01,2026-10-04T02:02:49.000Z,169,1,60,59.6473,59.6473,0.9324,0.9803,0.3,1,1,RUNNING
F07,DEMO-DEVICE-01,2026-10-04T02:02:50.000Z,170,1,60,60,60,0.9498,0.9801,0.3,1,1,RUNNING
F07,DEMO-DEVICE-01,2026-10-04T02:02:51.000Z,171,1,60,60.3527,60.3527,0.9685,0.9811,0.3,1,1,RUNNING
F07,DEMO-DEVICE-01,2026-10-04T02:02:52.000Z,172,1,60,60.5706,60.5706,0.9817,0.9834,0.3,1,1,RUNNING
F07,DEMO-DEVICE-01,2026-10-04T02:02:53.000Z,173,1,60,60.5706,60.5706,0.9849,0.9866,0.3,1,1,RUNNING
F07,DEMO-DEVICE-01,2026-10-04T02:02:54.000Z,174,1,60,60.3527,60.3527,0.9781,0.9907,0.3,1,1,RUNNING
F07,DEMO-DEVICE-01,2026-10-04T02:02:55.000Z,175,1,60,60,60,0.9651,0.9954,0.3,1,1,RUNNING
F07,DEMO-DEVICE-01,2026-10-04T02:02:56.000Z,176,1,60,59.6473,59.6473,0.9525,1.0004,0.3,1,1,RUNNING
F07,DEMO-DEVICE-01,2026-10-04T02:02:57.000Z,177,1,60,59.4294,59.4294,0.9465,1.0053,0.3,1,1,RUNNING
F07,DEMO-DEVICE-01,2026-10-04T02:02:58.000Z,178,1,60,59.4294,59.4294,0.9511,1.0099,0.3,1,1,RUNNING
F07,DEMO-DEVICE-01,2026-10-04T02:02:59.000Z,179,1,60,59.6473,59.6473,0.966,1.0139,0.3,1,1,RUNNING
F07,DEMO-DEVICE-01,2026-10-04T02:03:00.000Z,180,1,60,60,60,0.9867,1.017,0.3,1,1,RUNNING
F08,DEMO-DEVICE-01,2026-10-04T03:00:01.000Z,1,1,60,60.3527,60.3527,0.9923,1.0049,0.3,1,1,RUNNING
F08,DEMO-DEVICE-01,2026-10-04T03:00:02.000Z,2,1,60,60.5706,60.5706,1.0079,1.0096,0.3,1,1,RUNNING
F08,DEMO-DEVICE-01,2026-10-04T03:00:03.000Z,3,1,60,60.5706,60.5706,1.0119,1.0136,0.3,1,1,RUNNING
F08,DEMO-DEVICE-01,2026-10-04T03:00:04.000Z,4,1,60,60.3527,60.3527,1.0042,1.0168,0.3,1,1,RUNNING
F08,DEMO-DEVICE-01,2026-10-04T03:00:05.000Z,5,1,60,60,60,0.9887,1.019,0.3,1,1,RUNNING
F08,DEMO-DEVICE-01,2026-10-04T03:00:06.000Z,6,1,60,59.6473,59.6473,0.972,1.0199,0.3,1,1,RUNNING
F08,DEMO-DEVICE-01,2026-10-04T03:00:07.000Z,7,1,60,59.4294,59.4294,0.9609,1.0197,0.3,1,1,RUNNING
F08,DEMO-DEVICE-01,2026-10-04T03:00:08.000Z,8,1,60,59.4294,59.4294,0.9594,1.0182,0.3,1,1,RUNNING
F08,DEMO-DEVICE-01,2026-10-04T03:00:09.000Z,9,1,60,59.6473,59.6473,0.9677,1.0156,0.3,1,1,RUNNING
F08,DEMO-DEVICE-01,2026-10-04T03:00:10.000Z,10,1,60,60,60,0.9817,1.012,0.3,1,1,RUNNING
F08,DEMO-DEVICE-01,2026-10-04T03:00:11.000Z,11,1,60,60.3527,60.3527,0.995,1.0076,0.3,1,1,RUNNING
F08,DEMO-DEVICE-01,2026-10-04T03:00:12.000Z,12,1,60,60.5706,60.5706,1.0011,1.0028,0.3,1,1,RUNNING
F08,DEMO-DEVICE-01,2026-10-04T03:00:13.000Z,13,1,60,60.5706,60.5706,0.9961,0.9978,0.3,1,1,RUNNING
F08,DEMO-DEVICE-01,2026-10-04T03:00:14.000Z,14,1,60,60.3527,60.3527,0.9804,0.993,0.3,1,1,RUNNING
F08,DEMO-DEVICE-01,2026-10-04T03:00:15.000Z,15,1,60,60,60,0.9583,0.9886,0.3,1,1,RUNNING
F08,DEMO-DEVICE-01,2026-10-04T03:00:16.000Z,16,1,60,59.6473,59.6473,0.937,0.9849,0.3,1,1,RUNNING
F08,DEMO-DEVICE-01,2026-10-04T03:00:17.000Z,17,1,60,59.4294,59.4294,0.9233,0.9821,0.3,1,1,RUNNING
F08,DEMO-DEVICE-01,2026-10-04T03:00:18.000Z,18,1,60,59.4294,59.4294,0.9216,0.9804,0.3,1,1,RUNNING
F08,DEMO-DEVICE-01,2026-10-04T03:00:19.000Z,19,1,60,59.6473,59.6473,0.9321,0.98,0.3,1,1,RUNNING
F08,DEMO-DEVICE-01,2026-10-04T03:00:20.000Z,20,1,60,60,60,0.9505,0.9808,0.3,1,1,RUNNING
F08,DEMO-DEVICE-01,2026-10-04T03:00:21.000Z,21,1,60,60.3527,60.3527,0.9702,0.9828,0.3,1,1,RUNNING
F08,DEMO-DEVICE-01,2026-10-04T03:00:22.000Z,22,1,60,60.5706,60.5706,0.9842,0.9859,0.3,1,1,RUNNING
F08,DEMO-DEVICE-01,2026-10-04T03:00:23.000Z,23,1,60,60.5706,60.5706,0.9881,0.9898,0.3,1,1,RUNNING
F08,DEMO-DEVICE-01,2026-10-04T03:00:24.000Z,24,1,60,60.3527,60.3527,0.9818,0.9944,0.3,1,1,RUNNING
F08,DEMO-DEVICE-01,2026-10-04T03:00:25.000Z,25,1,60,60,60,0.969,0.9993,0.3,1,1,RUNNING
F08,DEMO-DEVICE-01,2026-10-04T03:00:26.000Z,26,1,60,59.6473,59.6473,0.9564,1.0043,0.3,1,1,RUNNING
F08,DEMO-DEVICE-01,2026-10-04T03:00:27.000Z,27,1,60,59.4294,59.4294,0.9502,1.009,0.3,1,1,RUNNING
F08,DEMO-DEVICE-01,2026-10-04T03:00:28.000Z,28,1,60,59.4294,59.4294,0.9543,1.0131,0.3,1,1,RUNNING
F08,DEMO-DEVICE-01,2026-10-04T03:00:29.000Z,29,1,60,59.6473,59.6473,0.9686,1.0165,0.3,1,1,RUNNING
F08,DEMO-DEVICE-01,2026-10-04T03:00:30.000Z,30,1,60,60,60,0.9885,1.0188,0.3,1,1,RUNNING
F08,DEMO-DEVICE-01,2026-10-04T03:00:31.000Z,31,1,60,60.3527,60.3527,1.0073,1.0199,0.3,1,1,RUNNING
F08,DEMO-DEVICE-01,2026-10-04T03:00:32.000Z,32,1,60,60.5706,60.5706,1.0181,1.0198,0.3,1,1,RUNNING
F08,DEMO-DEVICE-01,2026-10-04T03:00:33.000Z,33,1,60,60.5706,60.5706,1.0168,1.0185,0.3,1,1,RUNNING
F08,DEMO-DEVICE-01,2026-10-04T03:00:34.000Z,34,1,60,60.3527,60.3527,1.0034,1.016,0.3,1,1,RUNNING
F08,DEMO-DEVICE-01,2026-10-04T03:00:35.000Z,35,1,60,60,60,0.9822,1.0125,0.3,1,1,RUNNING
F08,DEMO-DEVICE-01,2026-10-04T03:00:36.000Z,36,1,60,59.6473,59.6473,0.9603,1.0082,0.3,1,1,RUNNING
F08,DEMO-DEVICE-01,2026-10-04T03:00:37.000Z,37,1,60,59.4294,59.4294,0.9447,1.0035,0.3,1,1,RUNNING
F08,DEMO-DEVICE-01,2026-10-04T03:00:38.000Z,38,1,60,59.4294,59.4294,0.9397,0.9985,0.3,1,1,RUNNING
F08,DEMO-DEVICE-01,2026-10-04T03:00:39.000Z,39,1,60,59.6473,59.6473,0.9457,0.9936,0.3,1,1,RUNNING
F08,DEMO-DEVICE-01,2026-10-04T03:00:40.000Z,40,1,60,60,60,0.9588,0.9891,0.3,1,1,RUNNING
F08,DEMO-DEVICE-01,2026-10-04T03:00:41.000Z,41,1,60,60.3527,60.3527,0.9727,0.9853,0.3,1,1,RUNNING
F08,DEMO-DEVICE-01,2026-10-04T03:00:42.000Z,42,1,60,60.5706,60.5706,0.9807,0.9824,0.3,1,1,RUNNING
F08,DEMO-DEVICE-01,2026-10-04T03:00:43.000Z,43,1,60,60.5706,60.5706,0.9789,0.9806,0.3,1,1,RUNNING
F08,DEMO-DEVICE-01,2026-10-04T03:00:44.000Z,44,1,60,60.3527,60.3527,0.9674,0.98,0.3,1,1,RUNNING
F08,DEMO-DEVICE-01,2026-10-04T03:00:45.000Z,45,1,60,60,60,0.9503,0.9806,0.3,1,1,RUNNING
F08,DEMO-DEVICE-01,2026-10-04T03:00:46.000Z,46,1,60,59.6473,59.6473,0.9346,0.9825,0.3,1,1,RUNNING
F08,DEMO-DEVICE-01,2026-10-04T03:00:47.000Z,47,1,60,59.4294,59.4294,0.9266,0.9854,0.3,1,1,RUNNING
F08,DEMO-DEVICE-01,2026-10-04T03:00:48.000Z,48,1,60,59.4294,59.4294,0.9305,0.9893,0.3,1,1,RUNNING
F08,DEMO-DEVICE-01,2026-10-04T03:00:49.000Z,49,1,60,59.6473,59.6473,0.9459,0.9938,0.3,1,1,RUNNING
F08,DEMO-DEVICE-01,2026-10-04T03:00:50.000Z,50,1,60,60,60,0.9684,0.9987,0.3,1,1,RUNNING
F08,DEMO-DEVICE-01,2026-10-04T03:00:51.000Z,51,1,60,60.3527,60.3527,0.9911,1.0037,0.3,1,1,RUNNING
F08,DEMO-DEVICE-01,2026-10-04T03:00:52.000Z,52,1,60,60.5706,60.5706,1.0067,1.0084,0.3,1,1,RUNNING
F08,DEMO-DEVICE-01,2026-10-04T03:00:53.000Z,53,1,60,60.5706,60.5706,1.0109,1.0126,0.3,1,1,RUNNING
F08,DEMO-DEVICE-01,2026-10-04T03:00:54.000Z,54,1,60,60.3527,60.3527,1.0035,1.0161,0.3,1,1,RUNNING
F08,DEMO-DEVICE-01,2026-10-04T03:00:55.000Z,55,1,60,60,60,0.9882,1.0185,0.3,1,1,RUNNING
F08,DEMO-DEVICE-01,2026-10-04T03:00:56.000Z,56,1,60,59.6473,59.6473,0.9719,1.0198,0.3,1,1,RUNNING
F08,DEMO-DEVICE-01,2026-10-04T03:00:57.000Z,57,1,60,59.4294,59.4294,0.9611,1.0199,0.3,1,1,RUNNING
F08,DEMO-DEVICE-01,2026-10-04T03:00:58.000Z,58,1,60,59.4294,59.4294,0.9599,1.0187,0.3,1,1,RUNNING
F08,DEMO-DEVICE-01,2026-10-04T03:00:59.000Z,59,1,60,59.6473,59.6473,0.9685,1.0164,0.3,1,1,RUNNING
F08,DEMO-DEVICE-01,2026-10-04T03:01:00.000Z,60,1,60,60,60,0.9827,1.013,0.3,1,1,RUNNING
F08,DEMO-DEVICE-01,2026-10-04T03:01:01.000Z,61,1,60,60.3527,60.3527,1.5997,1.0088,0.3,1,1,RUNNING
F08,DEMO-DEVICE-01,2026-10-04T03:01:02.000Z,62,1,60,60.5706,60.5706,2.2138,1.0041,0.3,1,1,RUNNING
F08,DEMO-DEVICE-01,2026-10-04T03:01:03.000Z,63,1,60,60.5706,60.5706,2.8146,0.9992,0.3,1,1,RUNNING
F08,DEMO-DEVICE-01,2026-10-04T03:01:04.000Z,64,1,60,60.3527,60.3527,3.3957,0.9942,0.3,1,1,RUNNING
F08,DEMO-DEVICE-01,2026-10-04T03:01:05.000Z,65,1,60,60,60,3.9594,0.9897,0.3,1,1,RUNNING
F08,DEMO-DEVICE-01,2026-10-04T03:01:06.000Z,66,1,60,59.6473,59.6473,4.5168,0.9858,0.3,1,1,RUNNING
F08,DEMO-DEVICE-01,2026-10-04T03:01:07.000Z,67,1,60,59.4294,59.4294,5.084,0.9827,0.3,1,1,RUNNING
F08,DEMO-DEVICE-01,2026-10-04T03:01:08.000Z,68,1,60,59.4294,59.4294,5.6764,0.9808,0.3,1,1,RUNNING
F08,DEMO-DEVICE-01,2026-10-04T03:01:09.000Z,69,1,60,59.6473,59.6473,6.3004,0.98,0.3,1,1,RUNNING
F08,DEMO-DEVICE-01,2026-10-04T03:01:10.000Z,70,1,60,60,60,6.9502,0.9805,0.3,1,1,RUNNING
F08,DEMO-DEVICE-01,2026-10-04T03:01:11.000Z,71,1,60,60.3527,60.3527,7.6084,0.9822,0.3,1,1,RUNNING
F08,DEMO-DEVICE-01,2026-10-04T03:01:12.000Z,72,1,60,60.5706,60.5706,8.2518,0.985,0.3,1,1,RUNNING
F08,DEMO-DEVICE-01,2026-10-04T03:01:13.000Z,73,1,60,60.5706,60.5706,8.8612,0.9887,0.3,1,1,RUNNING
F08,DEMO-DEVICE-01,2026-10-04T03:01:14.000Z,74,1,60,60.3527,60.3527,9.43,0.9932,0.3,1,1,RUNNING
F08,DEMO-DEVICE-01,2026-10-04T03:01:15.000Z,75,1,60,60,60,9.9677,0.998,0.3,1,1,RUNNING
F08,DEMO-DEVICE-01,2026-10-04T03:01:16.000Z,76,1,60,59.6473,59.6473,10.4987,1.003,0.3,1,1,RUNNING
F08,DEMO-DEVICE-01,2026-10-04T03:01:17.000Z,77,1,60,59.4294,59.4294,11.052,1.0078,0.3,1,1,RUNNING
F08,DEMO-DEVICE-01,2026-10-04T03:01:18.000Z,78,1,60,59.4294,59.4294,11.6506,1.0121,0.3,1,1,RUNNING
F08,DEMO-DEVICE-01,2026-10-04T03:01:19.000Z,79,1,60,59.6473,59.6473,12.3008,1.0157,0.3,1,1,RUNNING
F08,DEMO-DEVICE-01,2026-10-04T03:01:20.000Z,80,1,60,60,60,12.988,1.0183,0.3,1,1,RUNNING
F08,DEMO-DEVICE-01,2026-10-04T03:01:21.000Z,81,1,60,60.3527,60.3527,13.6811,1.0197,0.3,1,1,RUNNING
F08,DEMO-DEVICE-01,2026-10-04T03:01:22.000Z,82,1,60,60.5706,60.5706,14.3437,1.0199,0.3,1,1,RUNNING
F08,DEMO-DEVICE-01,2026-10-04T03:01:23.000Z,83,1,60,60.5706,60.5706,14.9484,1.0189,0.3,1,1,RUNNING
F08,DEMO-DEVICE-01,2026-10-04T03:01:24.000Z,84,1,60,60.3527,60.3527,15.4887,1.0167,0.3,1,1,RUNNING
F08,DEMO-DEVICE-01,2026-10-04T03:01:25.000Z,85,1,60,60,60,15.9832,1.0135,0.3,1,1,RUNNING
F08,DEMO-DEVICE-01,2026-10-04T03:01:26.000Z,86,1,60,59.6473,59.6473,16.4698,1.0094,0.3,1,1,RUNNING
F08,DEMO-DEVICE-01,2026-10-04T03:01:27.000Z,87,1,60,59.4294,59.4294,16.9919,1.0048,0.3,1,1,RUNNING
F08,DEMO-DEVICE-01,2026-10-04T03:01:28.000Z,88,1,60,59.4294,59.4294,17.5812,0.9998,0.3,1,1,RUNNING
F08,DEMO-DEVICE-01,2026-10-04T03:01:29.000Z,89,1,60,59.6473,59.6473,18.2447,0.9949,0.3,1,1,RUNNING
F08,DEMO-DEVICE-01,2026-10-04T03:01:30.000Z,90,1,60,60,60,18.96,0.9903,0.3,1,1,RUNNING
F08,DEMO-DEVICE-01,2026-10-04T03:01:31.000Z,91,1,60,60.3527,60.3527,19.0794,0.9862,0.3,1,1,RUNNING
F08,DEMO-DEVICE-01,2026-10-04T03:01:32.000Z,92,1,60,60.5706,60.5706,19.1526,0.9831,0.3,1,1,RUNNING
F08,DEMO-DEVICE-01,2026-10-04T03:01:33.000Z,93,1,60,60.5706,60.5706,19.1505,0.981,0.3,1,1,RUNNING
F08,DEMO-DEVICE-01,2026-10-04T03:01:34.000Z,94,1,60,60.3527,60.3527,19.0732,0.98,0.3,1,1,RUNNING
F08,DEMO-DEVICE-01,2026-10-04T03:01:35.000Z,95,1,60,60,60,18.9501,0.9804,0.3,1,1,RUNNING
F08,DEMO-DEVICE-01,2026-10-04T03:01:36.000Z,96,1,60,59.6473,59.6473,18.8282,0.9819,0.3,1,1,RUNNING
F08,DEMO-DEVICE-01,2026-10-04T03:01:37.000Z,97,1,60,59.4294,59.4294,18.7546,0.9846,0.3,1,1,RUNNING
F08,DEMO-DEVICE-01,2026-10-04T03:01:38.000Z,98,1,60,59.4294,59.4294,18.7582,0.9882,0.3,1,1,RUNNING
F08,DEMO-DEVICE-01,2026-10-04T03:01:39.000Z,99,1,60,59.6473,59.6473,18.8388,0.9925,0.3,1,1,RUNNING
F08,DEMO-DEVICE-01,2026-10-04T03:01:40.000Z,100,1,60,60,60,18.9671,0.9974,0.3,1,1,RUNNING
F08,DEMO-DEVICE-01,2026-10-04T03:01:41.000Z,101,1,60,60.3527,60.3527,19.0955,1.0023,0.3,1,1,RUNNING
F08,DEMO-DEVICE-01,2026-10-04T03:01:42.000Z,102,1,60,60.5706,60.5706,19.1767,1.0072,0.3,1,1,RUNNING
F08,DEMO-DEVICE-01,2026-10-04T03:01:43.000Z,103,1,60,60.5706,60.5706,19.1811,1.0116,0.3,1,1,RUNNING
F08,DEMO-DEVICE-01,2026-10-04T03:01:44.000Z,104,1,60,60.3527,60.3527,19.1085,1.0153,0.3,1,1,RUNNING
F08,DEMO-DEVICE-01,2026-10-04T03:01:45.000Z,105,1,60,60,60,18.9877,1.018,0.3,1,1,RUNNING
F08,DEMO-DEVICE-01,2026-10-04T03:01:46.000Z,106,1,60,59.6473,59.6473,18.8659,1.0196,0.3,1,1,RUNNING
F08,DEMO-DEVICE-01,2026-10-04T03:01:47.000Z,107,1,60,59.4294,59.4294,18.79,1.02,0.3,1,1,RUNNING
F08,DEMO-DEVICE-01,2026-10-04T03:01:48.000Z,108,1,60,59.4294,59.4294,18.7891,1.0191,0.3,1,1,RUNNING
F08,DEMO-DEVICE-01,2026-10-04T03:01:49.000Z,109,1,60,59.6473,59.6473,18.8634,1.0171,0.3,1,1,RUNNING
F08,DEMO-DEVICE-01,2026-10-04T03:01:50.000Z,110,1,60,60,60,18.9837,1.014,0.3,1,1,RUNNING
F08,DEMO-DEVICE-01,2026-10-04T03:01:51.000Z,111,1,60,60.3527,60.3527,19.1032,1.01,0.3,1,1,RUNNING
F08,DEMO-DEVICE-01,2026-10-04T03:01:52.000Z,112,1,60,60.5706,60.5706,19.1749,1.0054,0.3,1,1,RUNNING
F08,DEMO-DEVICE-01,2026-10-04T03:01:53.000Z,113,1,60,60.5706,60.5706,19.17,1.0005,0.3,1,1,RUNNING
F08,DEMO-DEVICE-01,2026-10-04T03:01:54.000Z,114,1,60,60.3527,60.3527,19.0887,0.9955,0.3,1,1,RUNNING
F08,DEMO-DEVICE-01,2026-10-04T03:01:55.000Z,115,1,60,60,60,18.9605,0.9908,0.3,1,1,RUNNING
F08,DEMO-DEVICE-01,2026-10-04T03:01:56.000Z,116,1,60,59.6473,59.6473,18.833,0.9867,0.3,1,1,RUNNING
F08,DEMO-DEVICE-01,2026-10-04T03:01:57.000Z,117,1,60,59.4294,59.4294,18.7534,0.9834,0.3,1,1,RUNNING
F08,DEMO-DEVICE-01,2026-10-04T03:01:58.000Z,118,1,60,59.4294,59.4294,18.7512,0.9812,0.3,1,1,RUNNING
F08,DEMO-DEVICE-01,2026-10-04T03:01:59.000Z,119,1,60,59.6473,59.6473,18.8264,0.9801,0.3,1,1,RUNNING
F08,DEMO-DEVICE-01,2026-10-04T03:02:00.000Z,120,1,60,60,60,18.9499,0.9802,0.3,1,1,RUNNING
F08,DEMO-DEVICE-01,2026-10-04T03:02:01.000Z,121,1,60,60.3527,60.3527,19.0748,0.9816,0.3,1,1,RUNNING
F08,DEMO-DEVICE-01,2026-10-04T03:02:02.000Z,122,1,60,60.5706,60.5706,19.1536,0.9841,0.3,1,1,RUNNING
F08,DEMO-DEVICE-01,2026-10-04T03:02:03.000Z,123,1,60,60.5706,60.5706,19.1571,0.9876,0.3,1,1,RUNNING
F08,DEMO-DEVICE-01,2026-10-04T03:02:04.000Z,124,1,60,60.3527,60.3527,19.0851,0.9919,0.3,1,1,RUNNING
F08,DEMO-DEVICE-01,2026-10-04T03:02:05.000Z,125,1,60,60,60,18.9664,0.9967,0.3,1,1,RUNNING
F08,DEMO-DEVICE-01,2026-10-04T03:02:06.000Z,126,1,60,59.6473,59.6473,18.848,1.0017,0.3,1,1,RUNNING
F08,DEMO-DEVICE-01,2026-10-04T03:02:07.000Z,127,1,60,59.4294,59.4294,18.7766,1.0066,0.3,1,1,RUNNING
F08,DEMO-DEVICE-01,2026-10-04T03:02:08.000Z,128,1,60,59.4294,59.4294,18.781,1.011,0.3,1,1,RUNNING
F08,DEMO-DEVICE-01,2026-10-04T03:02:09.000Z,129,1,60,59.6473,59.6473,18.8611,1.0148,0.3,1,1,RUNNING
F08,DEMO-DEVICE-01,2026-10-04T03:02:10.000Z,130,1,60,60,60,18.9874,1.0177,0.3,1,1,RUNNING
F08,DEMO-DEVICE-01,2026-10-04T03:02:11.000Z,131,1,60,60.3527,60.3527,19.1126,1.0194,0.3,1,1,RUNNING
F08,DEMO-DEVICE-01,2026-10-04T03:02:12.000Z,132,1,60,60.5706,60.5706,19.1895,1.02,0.3,1,1,RUNNING
F08,DEMO-DEVICE-01,2026-10-04T03:02:13.000Z,133,1,60,60.5706,60.5706,19.1888,1.0193,0.3,1,1,RUNNING
F08,DEMO-DEVICE-01,2026-10-04T03:02:14.000Z,134,1,60,60.3527,60.3527,19.1106,1.0174,0.3,1,1,RUNNING
F08,DEMO-DEVICE-01,2026-10-04T03:02:15.000Z,135,1,60,60,60,18.9842,1.0145,0.3,1,1,RUNNING
F08,DEMO-DEVICE-01,2026-10-04T03:02:16.000Z,136,1,60,59.6473,59.6473,18.8569,1.0106,0.3,1,1,RUNNING
F08,DEMO-DEVICE-01,2026-10-04T03:02:17.000Z,137,1,60,59.4294,59.4294,18.7761,1.0061,0.3,1,1,RUNNING
F08,DEMO-DEVICE-01,2026-10-04T03:02:18.000Z,138,1,60,59.4294,59.4294,18.7711,1.0011,0.3,1,1,RUNNING
F08,DEMO-DEVICE-01,2026-10-04T03:02:19.000Z,139,1,60,59.6473,59.6473,18.8425,0.9962,0.3,1,1,RUNNING
F08,DEMO-DEVICE-01,2026-10-04T03:02:20.000Z,140,1,60,60,60,18.9611,0.9914,0.3,1,1,RUNNING
F08,DEMO-DEVICE-01,2026-10-04T03:02:21.000Z,141,1,60,60.3527,60.3527,19.0804,0.9872,0.3,1,1,RUNNING
F08,DEMO-DEVICE-01,2026-10-04T03:02:22.000Z,142,1,60,60.5706,60.5706,19.1533,0.9838,0.3,1,1,RUNNING
F08,DEMO-DEVICE-01,2026-10-04T03:02:23.000Z,143,1,60,60.5706,60.5706,19.1509,0.9814,0.3,1,1,RUNNING
F08,DEMO-DEVICE-01,2026-10-04T03:02:24.000Z,144,1,60,60.3527,60.3527,19.0734,0.9802,0.3,1,1,RUNNING
F08,DEMO-DEVICE-01,2026-10-04T03:02:25.000Z,145,1,60,60,60,18.9498,0.9801,0.3,1,1,RUNNING
F08,DEMO-DEVICE-01,2026-10-04T03:02:26.000Z,146,1,60,59.6473,59.6473,18.8277,0.9814,0.3,1,1,RUNNING
F08,DEMO-DEVICE-01,2026-10-04T03:02:27.000Z,147,1,60,59.4294,59.4294,18.7537,0.9837,0.3,1,1,RUNNING
F08,DEMO-DEVICE-01,2026-10-04T03:02:28.000Z,148,1,60,59.4294,59.4294,18.7571,0.9871,0.3,1,1,RUNNING
F08,DEMO-DEVICE-01,2026-10-04T03:02:29.000Z,149,1,60,59.6473,59.6473,18.8376,0.9913,0.3,1,1,RUNNING
F08,DEMO-DEVICE-01,2026-10-04T03:02:30.000Z,150,1,60,60,60,18.9657,0.996,0.3,1,1,RUNNING
F08,DEMO-DEVICE-01,2026-10-04T03:02:31.000Z,151,1,60,60.3527,60.3527,19.0942,1.001,0.3,1,1,RUNNING
F08,DEMO-DEVICE-01,2026-10-04T03:02:32.000Z,152,1,60,60.5706,60.5706,19.1754,1.0059,0.3,1,1,RUNNING
F08,DEMO-DEVICE-01,2026-10-04T03:02:33.000Z,153,1,60,60.5706,60.5706,19.18,1.0105,0.3,1,1,RUNNING
F08,DEMO-DEVICE-01,2026-10-04T03:02:34.000Z,154,1,60,60.3527,60.3527,19.1076,1.0144,0.3,1,1,RUNNING
F08,DEMO-DEVICE-01,2026-10-04T03:02:35.000Z,155,1,60,60,60,18.9871,1.0174,0.3,1,1,RUNNING
F08,DEMO-DEVICE-01,2026-10-04T03:02:36.000Z,156,1,60,59.6473,59.6473,18.8656,1.0193,0.3,1,1,RUNNING
F08,DEMO-DEVICE-01,2026-10-04T03:02:37.000Z,157,1,60,59.4294,59.4294,18.79,1.02,0.3,1,1,RUNNING
F08,DEMO-DEVICE-01,2026-10-04T03:02:38.000Z,158,1,60,59.4294,59.4294,18.7895,1.0195,0.3,1,1,RUNNING
F08,DEMO-DEVICE-01,2026-10-04T03:02:39.000Z,159,1,60,59.6473,59.6473,18.864,1.0177,0.3,1,1,RUNNING
F08,DEMO-DEVICE-01,2026-10-04T03:02:40.000Z,160,1,60,60,60,18.9846,1.0149,0.3,1,1,RUNNING
F08,DEMO-DEVICE-01,2026-10-04T03:02:41.000Z,161,1,60,60.3527,60.3527,19.1043,1.0111,0.3,1,1,RUNNING
F08,DEMO-DEVICE-01,2026-10-04T03:02:42.000Z,162,1,60,60.5706,60.5706,19.1762,1.0067,0.3,1,1,RUNNING
F08,DEMO-DEVICE-01,2026-10-04T03:02:43.000Z,163,1,60,60.5706,60.5706,19.1713,1.0018,0.3,1,1,RUNNING
F08,DEMO-DEVICE-01,2026-10-04T03:02:44.000Z,164,1,60,60.3527,60.3527,19.09,0.9968,0.3,1,1,RUNNING
F08,DEMO-DEVICE-01,2026-10-04T03:02:45.000Z,165,1,60,60,60,18.9617,0.992,0.3,1,1,RUNNING
F08,DEMO-DEVICE-01,2026-10-04T03:02:46.000Z,166,1,60,59.6473,59.6473,18.834,0.9877,0.3,1,1,RUNNING
F08,DEMO-DEVICE-01,2026-10-04T03:02:47.000Z,167,1,60,59.4294,59.4294,18.7542,0.9842,0.3,1,1,RUNNING
F08,DEMO-DEVICE-01,2026-10-04T03:02:48.000Z,168,1,60,59.4294,59.4294,18.7517,0.9817,0.3,1,1,RUNNING
F08,DEMO-DEVICE-01,2026-10-04T03:02:49.000Z,169,1,60,59.6473,59.6473,18.8266,0.9803,0.3,1,1,RUNNING
F08,DEMO-DEVICE-01,2026-10-04T03:02:50.000Z,170,1,60,60,60,18.9498,0.9801,0.3,1,1,RUNNING
F08,DEMO-DEVICE-01,2026-10-04T03:02:51.000Z,171,1,60,60.3527,60.3527,19.0743,0.9811,0.3,1,1,RUNNING
F08,DEMO-DEVICE-01,2026-10-04T03:02:52.000Z,172,1,60,60.5706,60.5706,19.1529,0.9834,0.3,1,1,RUNNING
F08,DEMO-DEVICE-01,2026-10-04T03:02:53.000Z,173,1,60,60.5706,60.5706,19.1561,0.9866,0.3,1,1,RUNNING
F08,DEMO-DEVICE-01,2026-10-04T03:02:54.000Z,174,1,60,60.3527,60.3527,19.0839,0.9907,0.3,1,1,RUNNING
F08,DEMO-DEVICE-01,2026-10-04T03:02:55.000Z,175,1,60,60,60,18.9651,0.9954,0.3,1,1,RUNNING
F08,DEMO-DEVICE-01,2026-10-04T03:02:56.000Z,176,1,60,59.6473,59.6473,18.8467,1.0004,0.3,1,1,RUNNING
F08,DEMO-DEVICE-01,2026-10-04T03:02:57.000Z,177,1,60,59.4294,59.4294,18.7753,1.0053,0.3,1,1,RUNNING
F08,DEMO-DEVICE-01,2026-10-04T03:02:58.000Z,178,1,60,59.4294,59.4294,18.7799,1.0099,0.3,1,1,RUNNING
F08,DEMO-DEVICE-01,2026-10-04T03:02:59.000Z,179,1,60,59.6473,59.6473,18.8602,1.0139,0.3,1,1,RUNNING
F08,DEMO-DEVICE-01,2026-10-04T03:03:00.000Z,180,1,60,60,60,18.9867,1.017,0.3,1,1,RUNNING
F09,DEMO-DEVICE-01,2026-10-04T04:00:01.000Z,1,1,60,60.3527,60.3527,0.9923,1.0049,0.3,1,1,RUNNING
F09,DEMO-DEVICE-01,2026-10-04T04:00:02.000Z,2,1,60,60.5706,60.5706,1.0079,1.0096,0.3,1,1,RUNNING
F09,DEMO-DEVICE-01,2026-10-04T04:00:03.000Z,3,1,60,60.5706,60.5706,1.0119,1.0136,0.3,1,1,RUNNING
F09,DEMO-DEVICE-01,2026-10-04T04:00:04.000Z,4,1,60,60.3527,60.3527,1.0042,1.0168,0.3,1,1,RUNNING
F09,DEMO-DEVICE-01,2026-10-04T04:00:05.000Z,5,1,60,60,60,0.9887,1.019,0.3,1,1,RUNNING
F09,DEMO-DEVICE-01,2026-10-04T04:00:06.000Z,6,1,60,59.6473,59.6473,0.972,1.0199,0.3,1,1,RUNNING
F09,DEMO-DEVICE-01,2026-10-04T04:00:07.000Z,7,1,60,59.4294,59.4294,0.9609,1.0197,0.3,1,1,RUNNING
F09,DEMO-DEVICE-01,2026-10-04T04:00:08.000Z,8,1,60,59.4294,59.4294,0.9594,1.0182,0.3,1,1,RUNNING
F09,DEMO-DEVICE-01,2026-10-04T04:00:09.000Z,9,1,60,59.6473,59.6473,0.9677,1.0156,0.3,1,1,RUNNING
F09,DEMO-DEVICE-01,2026-10-04T04:00:10.000Z,10,1,60,60,60,0.9817,1.012,0.3,1,1,RUNNING
F09,DEMO-DEVICE-01,2026-10-04T04:00:11.000Z,11,1,60,60.3527,60.3527,0.995,1.0076,0.3,1,1,RUNNING
F09,DEMO-DEVICE-01,2026-10-04T04:00:12.000Z,12,1,60,60.5706,60.5706,1.0011,1.0028,0.3,1,1,RUNNING
F09,DEMO-DEVICE-01,2026-10-04T04:00:13.000Z,13,1,60,60.5706,60.5706,0.9961,0.9978,0.3,1,1,RUNNING
F09,DEMO-DEVICE-01,2026-10-04T04:00:14.000Z,14,1,60,60.3527,60.3527,0.9804,0.993,0.3,1,1,RUNNING
F09,DEMO-DEVICE-01,2026-10-04T04:00:15.000Z,15,1,60,60,60,0.9583,0.9886,0.3,1,1,RUNNING
F09,DEMO-DEVICE-01,2026-10-04T04:00:16.000Z,16,1,60,59.6473,59.6473,0.937,0.9849,0.3,1,1,RUNNING
F09,DEMO-DEVICE-01,2026-10-04T04:00:17.000Z,17,1,60,59.4294,59.4294,0.9233,0.9821,0.3,1,1,RUNNING
F09,DEMO-DEVICE-01,2026-10-04T04:00:18.000Z,18,1,60,59.4294,59.4294,0.9216,0.9804,0.3,1,1,RUNNING
F09,DEMO-DEVICE-01,2026-10-04T04:00:19.000Z,19,1,60,59.6473,59.6473,0.9321,0.98,0.3,1,1,RUNNING
F09,DEMO-DEVICE-01,2026-10-04T04:00:20.000Z,20,1,60,60,60,0.9505,0.9808,0.3,1,1,RUNNING
F09,DEMO-DEVICE-01,2026-10-04T04:00:21.000Z,21,1,60,60.3527,60.3527,0.9702,0.9828,0.3,1,1,RUNNING
F09,DEMO-DEVICE-01,2026-10-04T04:00:22.000Z,22,1,60,60.5706,60.5706,0.9842,0.9859,0.3,1,1,RUNNING
F09,DEMO-DEVICE-01,2026-10-04T04:00:23.000Z,23,1,60,60.5706,60.5706,0.9881,0.9898,0.3,1,1,RUNNING
F09,DEMO-DEVICE-01,2026-10-04T04:00:24.000Z,24,1,60,60.3527,60.3527,0.9818,0.9944,0.3,1,1,RUNNING
F09,DEMO-DEVICE-01,2026-10-04T04:00:25.000Z,25,1,60,60,60,0.969,0.9993,0.3,1,1,RUNNING
F09,DEMO-DEVICE-01,2026-10-04T04:00:26.000Z,26,1,60,59.6473,59.6473,0.9564,1.0043,0.3,1,1,RUNNING
F09,DEMO-DEVICE-01,2026-10-04T04:00:27.000Z,27,1,60,59.4294,59.4294,0.9502,1.009,0.3,1,1,RUNNING
F09,DEMO-DEVICE-01,2026-10-04T04:00:28.000Z,28,1,60,59.4294,59.4294,0.9543,1.0131,0.3,1,1,RUNNING
F09,DEMO-DEVICE-01,2026-10-04T04:00:29.000Z,29,1,60,59.6473,59.6473,0.9686,1.0165,0.3,1,1,RUNNING
F09,DEMO-DEVICE-01,2026-10-04T04:00:30.000Z,30,1,60,60,60,0.9885,1.0188,0.3,1,1,RUNNING
F09,DEMO-DEVICE-01,2026-10-04T04:00:31.000Z,31,1,60,60.3527,60.3527,1.0073,1.0199,0.3,1,1,RUNNING
F09,DEMO-DEVICE-01,2026-10-04T04:00:32.000Z,32,1,60,60.5706,60.5706,1.0181,1.0198,0.3,1,1,RUNNING
F09,DEMO-DEVICE-01,2026-10-04T04:00:33.000Z,33,1,60,60.5706,60.5706,1.0168,1.0185,0.3,1,1,RUNNING
F09,DEMO-DEVICE-01,2026-10-04T04:00:34.000Z,34,1,60,60.3527,60.3527,1.0034,1.016,0.3,1,1,RUNNING
F09,DEMO-DEVICE-01,2026-10-04T04:00:35.000Z,35,1,60,60,60,0.9822,1.0125,0.3,1,1,RUNNING
F09,DEMO-DEVICE-01,2026-10-04T04:00:36.000Z,36,1,60,59.6473,59.6473,0.9603,1.0082,0.3,1,1,RUNNING
F09,DEMO-DEVICE-01,2026-10-04T04:00:37.000Z,37,1,60,59.4294,59.4294,0.9447,1.0035,0.3,1,1,RUNNING
F09,DEMO-DEVICE-01,2026-10-04T04:00:38.000Z,38,1,60,59.4294,59.4294,0.9397,0.9985,0.3,1,1,RUNNING
F09,DEMO-DEVICE-01,2026-10-04T04:00:39.000Z,39,1,60,59.6473,59.6473,0.9457,0.9936,0.3,1,1,RUNNING
F09,DEMO-DEVICE-01,2026-10-04T04:00:40.000Z,40,1,60,60,60,0.9588,0.9891,0.3,1,1,RUNNING
F09,DEMO-DEVICE-01,2026-10-04T04:00:41.000Z,41,1,60,60.3527,60.3527,0.9727,0.9853,0.3,1,1,RUNNING
F09,DEMO-DEVICE-01,2026-10-04T04:00:42.000Z,42,1,60,60.5706,60.5706,0.9807,0.9824,0.3,1,1,RUNNING
F09,DEMO-DEVICE-01,2026-10-04T04:00:43.000Z,43,1,60,60.5706,60.5706,0.9789,0.9806,0.3,1,1,RUNNING
F09,DEMO-DEVICE-01,2026-10-04T04:00:44.000Z,44,1,60,60.3527,60.3527,0.9674,0.98,0.3,1,1,RUNNING
F09,DEMO-DEVICE-01,2026-10-04T04:00:45.000Z,45,1,60,60,60,0.9503,0.9806,0.3,1,1,RUNNING
F09,DEMO-DEVICE-01,2026-10-04T04:00:46.000Z,46,1,60,59.6473,59.6473,0.9346,0.9825,0.3,1,1,RUNNING
F09,DEMO-DEVICE-01,2026-10-04T04:00:47.000Z,47,1,60,59.4294,59.4294,0.9266,0.9854,0.3,1,1,RUNNING
F09,DEMO-DEVICE-01,2026-10-04T04:00:48.000Z,48,1,60,59.4294,59.4294,0.9305,0.9893,0.3,1,1,RUNNING
F09,DEMO-DEVICE-01,2026-10-04T04:00:49.000Z,49,1,60,59.6473,59.6473,0.9459,0.9938,0.3,1,1,RUNNING
F09,DEMO-DEVICE-01,2026-10-04T04:00:50.000Z,50,1,60,60,60,0.9684,0.9987,0.3,1,1,RUNNING
F09,DEMO-DEVICE-01,2026-10-04T04:00:51.000Z,51,1,60,60.3527,60.3527,0.9911,1.0037,0.3,1,1,RUNNING
F09,DEMO-DEVICE-01,2026-10-04T04:00:52.000Z,52,1,60,60.5706,60.5706,1.0067,1.0084,0.3,1,1,RUNNING
F09,DEMO-DEVICE-01,2026-10-04T04:00:53.000Z,53,1,60,60.5706,60.5706,1.0109,1.0126,0.3,1,1,RUNNING
F09,DEMO-DEVICE-01,2026-10-04T04:00:54.000Z,54,1,60,60.3527,60.3527,1.0035,1.0161,0.3,1,1,RUNNING
F09,DEMO-DEVICE-01,2026-10-04T04:00:55.000Z,55,1,60,60,60,0.9882,1.0185,0.3,1,1,RUNNING
F09,DEMO-DEVICE-01,2026-10-04T04:00:56.000Z,56,1,60,59.6473,59.6473,0.9719,1.0198,0.3,1,1,RUNNING
F09,DEMO-DEVICE-01,2026-10-04T04:00:57.000Z,57,1,60,59.4294,59.4294,0.9611,1.0199,0.3,1,1,RUNNING
F09,DEMO-DEVICE-01,2026-10-04T04:00:58.000Z,58,1,60,59.4294,59.4294,0.9599,1.0187,0.3,1,1,RUNNING
F09,DEMO-DEVICE-01,2026-10-04T04:00:59.000Z,59,1,60,59.6473,59.6473,0.9685,1.0164,0.3,1,1,RUNNING
F09,DEMO-DEVICE-01,2026-10-04T04:01:00.000Z,60,1,0,0,0,-2.0173,1.013,0.3,1,1,PAUSED
F09,DEMO-DEVICE-01,2026-10-04T04:01:01.000Z,61,1,0,0,0,-2.0215,1.0088,0.3,1,1,PAUSED
F09,DEMO-DEVICE-01,2026-10-04T04:01:02.000Z,62,1,0,0,0,-2.0262,1.0041,0.3,1,1,PAUSED
F09,DEMO-DEVICE-01,2026-10-04T04:01:03.000Z,63,1,0,0,0,-2.0311,0.9992,0.3,1,1,PAUSED
F09,DEMO-DEVICE-01,2026-10-04T04:01:04.000Z,64,1,0,0,0,-2.0361,0.9942,0.3,1,1,PAUSED
F09,DEMO-DEVICE-01,2026-10-04T04:01:05.000Z,65,1,0,0,0,-2.0406,0.9897,0.3,1,1,PAUSED
F09,DEMO-DEVICE-01,2026-10-04T04:01:06.000Z,66,1,0,0,0,-2.0445,0.9858,0.3,1,1,PAUSED
F09,DEMO-DEVICE-01,2026-10-04T04:01:07.000Z,67,1,0,0,0,-2.0476,0.9827,0.3,1,1,PAUSED
F09,DEMO-DEVICE-01,2026-10-04T04:01:08.000Z,68,1,0,0,0,-2.0495,0.9808,0.3,1,1,PAUSED
F09,DEMO-DEVICE-01,2026-10-04T04:01:09.000Z,69,1,0,0,0,-2.0503,0.98,0.3,1,1,PAUSED
F09,DEMO-DEVICE-01,2026-10-04T04:01:10.000Z,70,1,0,0,0,-2.0498,0.9805,0.3,1,1,PAUSED
F09,DEMO-DEVICE-01,2026-10-04T04:01:11.000Z,71,1,0,0,0,-2.0481,0.9822,0.3,1,1,PAUSED
F09,DEMO-DEVICE-01,2026-10-04T04:01:12.000Z,72,1,0,0,0,-2.0453,0.985,0.3,1,1,PAUSED
F09,DEMO-DEVICE-01,2026-10-04T04:01:13.000Z,73,1,0,0,0,-2.0416,0.9887,0.3,1,1,PAUSED
F09,DEMO-DEVICE-01,2026-10-04T04:01:14.000Z,74,1,0,0,0,-2.0371,0.9932,0.3,1,1,PAUSED
F09,DEMO-DEVICE-01,2026-10-04T04:01:15.000Z,75,1,0,0,0,-2.0323,0.998,0.3,1,1,PAUSED
F09,DEMO-DEVICE-01,2026-10-04T04:01:16.000Z,76,1,0,0,0,-2.0273,1.003,0.3,1,1,PAUSED
F09,DEMO-DEVICE-01,2026-10-04T04:01:17.000Z,77,1,0,0,0,-2.0225,1.0078,0.3,1,1,PAUSED
F09,DEMO-DEVICE-01,2026-10-04T04:01:18.000Z,78,1,0,0,0,-2.0182,1.0121,0.3,1,1,PAUSED
F09,DEMO-DEVICE-01,2026-10-04T04:01:19.000Z,79,1,0,0,0,-2.0146,1.0157,0.3,1,1,PAUSED
F09,DEMO-DEVICE-01,2026-10-04T04:01:20.000Z,80,1,0,0,0,-2.012,1.0183,0.3,1,1,PAUSED
F09,DEMO-DEVICE-01,2026-10-04T04:01:21.000Z,81,1,0,0,0,-2.0106,1.0197,0.3,1,1,PAUSED
F09,DEMO-DEVICE-01,2026-10-04T04:01:22.000Z,82,1,0,0,0,-2.0104,1.0199,0.3,1,1,PAUSED
F09,DEMO-DEVICE-01,2026-10-04T04:01:23.000Z,83,1,0,0,0,-2.0114,1.0189,0.3,1,1,PAUSED
F09,DEMO-DEVICE-01,2026-10-04T04:01:24.000Z,84,1,0,0,0,-2.0136,1.0167,0.3,1,1,PAUSED
F09,DEMO-DEVICE-01,2026-10-04T04:01:25.000Z,85,1,0,0,0,-2.0168,1.0135,0.3,1,1,PAUSED
F09,DEMO-DEVICE-01,2026-10-04T04:01:26.000Z,86,1,0,0,0,-2.0209,1.0094,0.3,1,1,PAUSED
F09,DEMO-DEVICE-01,2026-10-04T04:01:27.000Z,87,1,0,0,0,-2.0255,1.0048,0.3,1,1,PAUSED
F09,DEMO-DEVICE-01,2026-10-04T04:01:28.000Z,88,1,0,0,0,-2.0305,0.9998,0.3,1,1,PAUSED
F09,DEMO-DEVICE-01,2026-10-04T04:01:29.000Z,89,1,0,0,0,-2.0354,0.9949,0.3,1,1,PAUSED
F09,DEMO-DEVICE-01,2026-10-04T04:01:30.000Z,90,1,0,0,0,-2.04,0.9903,0.3,1,1,PAUSED
F09,DEMO-DEVICE-01,2026-10-04T04:01:31.000Z,91,1,0,0,0,-2.0441,0.9862,0.3,1,1,PAUSED
F09,DEMO-DEVICE-01,2026-10-04T04:01:32.000Z,92,1,0,0,0,-2.0472,0.9831,0.3,1,1,PAUSED
F09,DEMO-DEVICE-01,2026-10-04T04:01:33.000Z,93,1,0,0,0,-2.0493,0.981,0.3,1,1,PAUSED
F09,DEMO-DEVICE-01,2026-10-04T04:01:34.000Z,94,1,0,0,0,-2.0503,0.98,0.3,1,1,PAUSED
F09,DEMO-DEVICE-01,2026-10-04T04:01:35.000Z,95,1,0,0,0,-2.0499,0.9804,0.3,1,1,PAUSED
F09,DEMO-DEVICE-01,2026-10-04T04:01:36.000Z,96,1,0,0,0,-2.0484,0.9819,0.3,1,1,PAUSED
F09,DEMO-DEVICE-01,2026-10-04T04:01:37.000Z,97,1,0,0,0,-2.0457,0.9846,0.3,1,1,PAUSED
F09,DEMO-DEVICE-01,2026-10-04T04:01:38.000Z,98,1,0,0,0,-2.0421,0.9882,0.3,1,1,PAUSED
F09,DEMO-DEVICE-01,2026-10-04T04:01:39.000Z,99,1,0,0,0,-2.0378,0.9925,0.3,1,1,PAUSED
F09,DEMO-DEVICE-01,2026-10-04T04:01:40.000Z,100,1,60,60,60,0.9671,0.9974,0.3,1,1,RUNNING
F09,DEMO-DEVICE-01,2026-10-04T04:01:41.000Z,101,1,60,60.3527,60.3527,0.9897,1.0023,0.3,1,1,RUNNING
F09,DEMO-DEVICE-01,2026-10-04T04:01:42.000Z,102,1,60,60.5706,60.5706,1.0055,1.0072,0.3,1,1,RUNNING
F09,DEMO-DEVICE-01,2026-10-04T04:01:43.000Z,103,1,60,60.5706,60.5706,1.0099,1.0116,0.3,1,1,RUNNING
F09,DEMO-DEVICE-01,2026-10-04T04:01:44.000Z,104,1,60,60.3527,60.3527,1.0027,1.0153,0.3,1,1,RUNNING
F09,DEMO-DEVICE-01,2026-10-04T04:01:45.000Z,105,1,60,60,60,0.9877,1.018,0.3,1,1,RUNNING
F09,DEMO-DEVICE-01,2026-10-04T04:01:46.000Z,106,1,60,59.6473,59.6473,0.9717,1.0196,0.3,1,1,RUNNING
F09,DEMO-DEVICE-01,2026-10-04T04:01:47.000Z,107,1,60,59.4294,59.4294,0.9612,1.02,0.3,1,1,RUNNING
F09,DEMO-DEVICE-01,2026-10-04T04:01:48.000Z,108,1,60,59.4294,59.4294,0.9603,1.0191,0.3,1,1,RUNNING
F09,DEMO-DEVICE-01,2026-10-04T04:01:49.000Z,109,1,60,59.6473,59.6473,0.9692,1.0171,0.3,1,1,RUNNING
F09,DEMO-DEVICE-01,2026-10-04T04:01:50.000Z,110,1,60,60,60,0.9837,1.014,0.3,1,1,RUNNING
F09,DEMO-DEVICE-01,2026-10-04T04:01:51.000Z,111,1,60,60.3527,60.3527,0.9974,1.01,0.3,1,1,RUNNING
F09,DEMO-DEVICE-01,2026-10-04T04:01:52.000Z,112,1,60,60.5706,60.5706,1.0037,1.0054,0.3,1,1,RUNNING
F09,DEMO-DEVICE-01,2026-10-04T04:01:53.000Z,113,1,60,60.5706,60.5706,0.9988,1.0005,0.3,1,1,RUNNING
F09,DEMO-DEVICE-01,2026-10-04T04:01:54.000Z,114,1,60,60.3527,60.3527,0.9829,0.9955,0.3,1,1,RUNNING
F09,DEMO-DEVICE-01,2026-10-04T04:01:55.000Z,115,1,60,60,60,0.9605,0.9908,0.3,1,1,RUNNING
F09,DEMO-DEVICE-01,2026-10-04T04:01:56.000Z,116,1,60,59.6473,59.6473,0.9388,0.9867,0.3,1,1,RUNNING
F09,DEMO-DEVICE-01,2026-10-04T04:01:57.000Z,117,1,60,59.4294,59.4294,0.9246,0.9834,0.3,1,1,RUNNING
F09,DEMO-DEVICE-01,2026-10-04T04:01:58.000Z,118,1,60,59.4294,59.4294,0.9224,0.9812,0.3,1,1,RUNNING
F09,DEMO-DEVICE-01,2026-10-04T04:01:59.000Z,119,1,60,59.6473,59.6473,0.9322,0.9801,0.3,1,1,RUNNING
F09,DEMO-DEVICE-01,2026-10-04T04:02:00.000Z,120,1,60,60,60,0.9499,0.9802,0.3,1,1,RUNNING
F09,DEMO-DEVICE-01,2026-10-04T04:02:01.000Z,121,1,60,60.3527,60.3527,0.969,0.9816,0.3,1,1,RUNNING
F09,DEMO-DEVICE-01,2026-10-04T04:02:02.000Z,122,1,60,60.5706,60.5706,0.9824,0.9841,0.3,1,1,RUNNING
F09,DEMO-DEVICE-01,2026-10-04T04:02:03.000Z,123,1,60,60.5706,60.5706,0.9859,0.9876,0.3,1,1,RUNNING
F09,DEMO-DEVICE-01,2026-10-04T04:02:04.000Z,124,1,60,60.3527,60.3527,0.9793,0.9919,0.3,1,1,RUNNING
F09,DEMO-DEVICE-01,2026-10-04T04:02:05.000Z,125,1,60,60,60,0.9664,0.9967,0.3,1,1,RUNNING
F09,DEMO-DEVICE-01,2026-10-04T04:02:06.000Z,126,1,60,59.6473,59.6473,0.9538,1.0017,0.3,1,1,RUNNING
F09,DEMO-DEVICE-01,2026-10-04T04:02:07.000Z,127,1,60,59.4294,59.4294,0.9478,1.0066,0.3,1,1,RUNNING
F09,DEMO-DEVICE-01,2026-10-04T04:02:08.000Z,128,1,60,59.4294,59.4294,0.9522,1.011,0.3,1,1,RUNNING
F09,DEMO-DEVICE-01,2026-10-04T04:02:09.000Z,129,1,60,59.6473,59.6473,0.9669,1.0148,0.3,1,1,RUNNING
F09,DEMO-DEVICE-01,2026-10-04T04:02:10.000Z,130,1,60,60,60,0.9874,1.0177,0.3,1,1,RUNNING
F09,DEMO-DEVICE-01,2026-10-04T04:02:11.000Z,131,1,60,60.3527,60.3527,1.0068,1.0194,0.3,1,1,RUNNING
F09,DEMO-DEVICE-01,2026-10-04T04:02:12.000Z,132,1,60,60.5706,60.5706,1.0183,1.02,0.3,1,1,RUNNING
F09,DEMO-DEVICE-01,2026-10-04T04:02:13.000Z,133,1,60,60.5706,60.5706,1.0176,1.0193,0.3,1,1,RUNNING
F09,DEMO-DEVICE-01,2026-10-04T04:02:14.000Z,134,1,60,60.3527,60.3527,1.0048,1.0174,0.3,1,1,RUNNING
F09,DEMO-DEVICE-01,2026-10-04T04:02:15.000Z,135,1,60,60,60,0.9842,1.0145,0.3,1,1,RUNNING
F09,DEMO-DEVICE-01,2026-10-04T04:02:16.000Z,136,1,60,59.6473,59.6473,0.9627,1.0106,0.3,1,1,RUNNING
F09,DEMO-DEVICE-01,2026-10-04T04:02:17.000Z,137,1,60,59.4294,59.4294,0.9473,1.0061,0.3,1,1,RUNNING
F09,DEMO-DEVICE-01,2026-10-04T04:02:18.000Z,138,1,60,59.4294,59.4294,0.9423,1.0011,0.3,1,1,RUNNING
F09,DEMO-DEVICE-01,2026-10-04T04:02:19.000Z,139,1,60,59.6473,59.6473,0.9483,0.9962,0.3,1,1,RUNNING
F09,DEMO-DEVICE-01,2026-10-04T04:02:20.000Z,140,1,60,60,60,0.9611,0.9914,0.3,1,1,RUNNING
F09,DEMO-DEVICE-01,2026-10-04T04:02:21.000Z,141,1,60,60.3527,60.3527,0.9746,0.9872,0.3,1,1,RUNNING
F09,DEMO-DEVICE-01,2026-10-04T04:02:22.000Z,142,1,60,60.5706,60.5706,0.9821,0.9838,0.3,1,1,RUNNING
F09,DEMO-DEVICE-01,2026-10-04T04:02:23.000Z,143,1,60,60.5706,60.5706,0.9797,0.9814,0.3,1,1,RUNNING
F09,DEMO-DEVICE-01,2026-10-04T04:02:24.000Z,144,1,60,60.3527,60.3527,0.9676,0.9802,0.3,1,1,RUNNING
F09,DEMO-DEVICE-01,2026-10-04T04:02:25.000Z,145,1,60,60,60,0.9498,0.9801,0.3,1,1,RUNNING
F09,DEMO-DEVICE-01,2026-10-04T04:02:26.000Z,146,1,60,59.6473,59.6473,0.9335,0.9814,0.3,1,1,RUNNING
F09,DEMO-DEVICE-01,2026-10-04T04:02:27.000Z,147,1,60,59.4294,59.4294,0.9249,0.9837,0.3,1,1,RUNNING
F09,DEMO-DEVICE-01,2026-10-04T04:02:28.000Z,148,1,60,59.4294,59.4294,0.9283,0.9871,0.3,1,1,RUNNING
F09,DEMO-DEVICE-01,2026-10-04T04:02:29.000Z,149,1,60,59.6473,59.6473,0.9434,0.9913,0.3,1,1,RUNNING
F09,DEMO-DEVICE-01,2026-10-04T04:02:30.000Z,150,1,60,60,60,0.9657,0.996,0.3,1,1,RUNNING
F09,DEMO-DEVICE-01,2026-10-04T04:02:31.000Z,151,1,60,60.3527,60.3527,0.9884,1.001,0.3,1,1,RUNNING
F09,DEMO-DEVICE-01,2026-10-04T04:02:32.000Z,152,1,60,60.5706,60.5706,1.0042,1.0059,0.3,1,1,RUNNING
F09,DEMO-DEVICE-01,2026-10-04T04:02:33.000Z,153,1,60,60.5706,60.5706,1.0088,1.0105,0.3,1,1,RUNNING
F09,DEMO-DEVICE-01,2026-10-04T04:02:34.000Z,154,1,60,60.3527,60.3527,1.0018,1.0144,0.3,1,1,RUNNING
F09,DEMO-DEVICE-01,2026-10-04T04:02:35.000Z,155,1,60,60,60,0.9871,1.0174,0.3,1,1,RUNNING
F09,DEMO-DEVICE-01,2026-10-04T04:02:36.000Z,156,1,60,59.6473,59.6473,0.9714,1.0193,0.3,1,1,RUNNING
F09,DEMO-DEVICE-01,2026-10-04T04:02:37.000Z,157,1,60,59.4294,59.4294,0.9612,1.02,0.3,1,1,RUNNING
F09,DEMO-DEVICE-01,2026-10-04T04:02:38.000Z,158,1,60,59.4294,59.4294,0.9607,1.0195,0.3,1,1,RUNNING
F09,DEMO-DEVICE-01,2026-10-04T04:02:39.000Z,159,1,60,59.6473,59.6473,0.9698,1.0177,0.3,1,1,RUNNING
F09,DEMO-DEVICE-01,2026-10-04T04:02:40.000Z,160,1,60,60,60,0.9846,1.0149,0.3,1,1,RUNNING
F09,DEMO-DEVICE-01,2026-10-04T04:02:41.000Z,161,1,60,60.3527,60.3527,0.9985,1.0111,0.3,1,1,RUNNING
F09,DEMO-DEVICE-01,2026-10-04T04:02:42.000Z,162,1,60,60.5706,60.5706,1.005,1.0067,0.3,1,1,RUNNING
F09,DEMO-DEVICE-01,2026-10-04T04:02:43.000Z,163,1,60,60.5706,60.5706,1.0001,1.0018,0.3,1,1,RUNNING
F09,DEMO-DEVICE-01,2026-10-04T04:02:44.000Z,164,1,60,60.3527,60.3527,0.9842,0.9968,0.3,1,1,RUNNING
F09,DEMO-DEVICE-01,2026-10-04T04:02:45.000Z,165,1,60,60,60,0.9617,0.992,0.3,1,1,RUNNING
F09,DEMO-DEVICE-01,2026-10-04T04:02:46.000Z,166,1,60,59.6473,59.6473,0.9398,0.9877,0.3,1,1,RUNNING
F09,DEMO-DEVICE-01,2026-10-04T04:02:47.000Z,167,1,60,59.4294,59.4294,0.9254,0.9842,0.3,1,1,RUNNING
F09,DEMO-DEVICE-01,2026-10-04T04:02:48.000Z,168,1,60,59.4294,59.4294,0.9229,0.9817,0.3,1,1,RUNNING
F09,DEMO-DEVICE-01,2026-10-04T04:02:49.000Z,169,1,60,59.6473,59.6473,0.9324,0.9803,0.3,1,1,RUNNING
F09,DEMO-DEVICE-01,2026-10-04T04:02:50.000Z,170,1,60,60,60,0.9498,0.9801,0.3,1,1,RUNNING
F09,DEMO-DEVICE-01,2026-10-04T04:02:51.000Z,171,1,60,60.3527,60.3527,0.9685,0.9811,0.3,1,1,RUNNING
F09,DEMO-DEVICE-01,2026-10-04T04:02:52.000Z,172,1,60,60.5706,60.5706,0.9817,0.9834,0.3,1,1,RUNNING
F09,DEMO-DEVICE-01,2026-10-04T04:02:53.000Z,173,1,60,60.5706,60.5706,0.9849,0.9866,0.3,1,1,RUNNING
F09,DEMO-DEVICE-01,2026-10-04T04:02:54.000Z,174,1,60,60.3527,60.3527,0.9781,0.9907,0.3,1,1,RUNNING
F09,DEMO-DEVICE-01,2026-10-04T04:02:55.000Z,175,1,60,60,60,0.9651,0.9954,0.3,1,1,RUNNING
F09,DEMO-DEVICE-01,2026-10-04T04:02:56.000Z,176,1,60,59.6473,59.6473,0.9525,1.0004,0.3,1,1,RUNNING
F09,DEMO-DEVICE-01,2026-10-04T04:02:57.000Z,177,1,60,59.4294,59.4294,0.9465,1.0053,0.3,1,1,RUNNING
F09,DEMO-DEVICE-01,2026-10-04T04:02:58.000Z,178,1,60,59.4294,59.4294,0.9511,1.0099,0.3,1,1,RUNNING
F09,DEMO-DEVICE-01,2026-10-04T04:02:59.000Z,179,1,60,59.6473,59.6473,0.966,1.0139,0.3,1,1,RUNNING
F09,DEMO-DEVICE-01,2026-10-04T04:03:00.000Z,180,1,60,60,60,0.9867,1.017,0.3,1,1,RUNNING
