scenario_id,elapsed_s,gravity_head_kpa,flow_difference_ml_hr,flow_difference_fraction,corrected_pressure_drop_kpa,extra_pressure_kpa,interval_delivered_ml,known_delivered_ml,missing_intervals
F01,1,3.03025485,0,0,3.01765485,0.000019849999999710377,0.016764638888888888,0.016764638888888888,0
F01,2,3.03025485,0,0,3.02855485,0.000024849999999965178,0.016825166666666665,0.03358980555555555,0
F01,3,3.03025485,0,0,3.02855485,0.000024849999999965178,0.016825166666666665,0.050414972222222215,0
F01,4,3.03025485,0,0,3.01765485,0.000019849999999710377,0.016764638888888888,0.0671796111111111,0
F01,5,3.03025485,0,0,2.99995485,-0.00004515000000004932,0.016666666666666666,0.08384627777777777,0
F01,6,3.03025485,0,0,2.98235485,-0.00001015000000004207,0.016568694444444445,0.10041497222222222,0
F01,7,3.03025485,0,0,2.9714548499999998,-0.00001515000000029687,0.016508166666666668,0.11692313888888889,0
F01,8,3.03025485,0,0,2.9714548499999998,-0.00001515000000029687,0.016508166666666668,0.13343130555555555,0
F01,9,3.03025485,0,0,2.98235485,-0.00001015000000004207,0.016568694444444445,0.15,0
F01,10,3.03025485,0,0,2.99995485,-0.00004515000000004932,0.016666666666666666,0.16666666666666666,0
F01,11,3.03025485,0,0,3.01765485,0.000019849999999710377,0.016764638888888888,0.18343130555555553,0
F01,12,3.03025485,0,0,3.02855485,0.000024849999999965178,0.016825166666666665,0.2002564722222222,0
F01,13,3.03025485,0,0,3.02855485,0.000024849999999965178,0.016825166666666665,0.21708163888888887,0
F01,14,3.03025485,0,0,3.01765485,0.000019849999999710377,0.016764638888888888,0.23384627777777775,0
F01,15,3.03025485,0,0,2.99995485,-0.00004515000000004932,0.016666666666666666,0.25051294444444444,0
F01,16,3.03025485,0,0,2.98235485,-0.00001015000000004207,0.016568694444444445,0.26708163888888886,0
F01,17,3.03025485,0,0,2.9714548499999998,-0.00001515000000029687,0.016508166666666668,0.2835898055555555,0
F01,18,3.03025485,0,0,2.9714548499999998,-0.00001515000000029687,0.016508166666666668,0.3000979722222222,0
F01,19,3.03025485,0,0,2.98235485,-0.00001015000000004207,0.016568694444444445,0.3166666666666666,0
F01,20,3.03025485,0,0,2.99995485,-0.00004515000000004932,0.016666666666666666,0.33333333333333326,0
F01,21,3.03025485,0,0,3.01765485,0.000019849999999710377,0.016764638888888888,0.35009797222222216,0
F01,22,3.03025485,0,0,3.02855485,0.000024849999999965178,0.016825166666666665,0.36692313888888883,0
F01,23,3.03025485,0,0,3.02855485,0.000024849999999965178,0.016825166666666665,0.3837483055555555,0
F01,24,3.03025485,0,0,3.01765485,0.000019849999999710377,0.016764638888888888,0.4005129444444444,0
F01,25,3.03025485,0,0,2.99995485,-0.00004515000000004932,0.016666666666666666,0.41717961111111107,0
F01,26,3.03025485,0,0,2.98235485,-0.00001015000000004207,0.016568694444444445,0.4337483055555555,0
F01,27,3.03025485,0,0,2.97145485,-0.000015149999999852781,0.016508166666666668,0.45025647222222215,0
F01,28,3.03025485,0,0,2.97145485,-0.000015149999999852781,0.016508166666666668,0.4667646388888888,0
F01,29,3.03025485,0,0,2.98235485,-0.00001015000000004207,0.016568694444444445,0.4833333333333332,0
F01,30,3.03025485,0,0,2.99995485,-0.00004515000000004932,0.016666666666666666,0.4999999999999999,0
F01,31,3.03025485,0,0,3.01765485,0.000019849999999710377,0.016764638888888888,0.5167646388888888,0
F01,32,3.03025485,0,0,3.02855485,0.000024849999999965178,0.016825166666666665,0.5335898055555555,0
F01,33,3.03025485,0,0,3.02855485,0.000024849999999965178,0.016825166666666665,0.5504149722222221,0
F01,34,3.03025485,0,0,3.01765485,0.000019849999999710377,0.016764638888888888,0.567179611111111,0
F01,35,3.03025485,0,0,2.99995485,-0.00004515000000004932,0.016666666666666666,0.5838462777777778,0
F01,36,3.03025485,0,0,2.98235485,-0.00001015000000004207,0.016568694444444445,0.6004149722222222,0
F01,37,3.03025485,0,0,2.9714548499999998,-0.00001515000000029687,0.016508166666666668,0.6169231388888888,0
F01,38,3.03025485,0,0,2.9714548499999998,-0.00001515000000029687,0.016508166666666668,0.6334313055555555,0
F01,39,3.03025485,0,0,2.98235485,-0.00001015000000004207,0.016568694444444445,0.6499999999999999,0
F01,40,3.03025485,0,0,2.99995485,-0.00004515000000004932,0.016666666666666666,0.6666666666666666,0
F01,41,3.03025485,0,0,3.01765485,0.000019849999999710377,0.016764638888888888,0.6834313055555555,0
F01,42,3.03025485,0,0,3.02855485,0.000024849999999965178,0.016825166666666665,0.7002564722222222,0
F01,43,3.03025485,0,0,3.02855485,0.000024849999999965178,0.016825166666666665,0.7170816388888889,0
F01,44,3.03025485,0,0,3.01765485,0.000019849999999710377,0.016764638888888888,0.7338462777777778,0
F01,45,3.03025485,0,0,2.99995485,-0.00004515000000004932,0.016666666666666666,0.7505129444444445,0
F01,46,3.03025485,0,0,2.98235485,-0.00001015000000004207,0.016568694444444445,0.7670816388888889,0
F01,47,3.03025485,0,0,2.9714548499999998,-0.00001515000000029687,0.016508166666666668,0.7835898055555556,0
F01,48,3.03025485,0,0,2.9714548499999998,-0.00001515000000029687,0.016508166666666668,0.8000979722222222,0
F01,49,3.03025485,0,0,2.98235485,-0.00001015000000004207,0.016568694444444445,0.8166666666666667,0
F01,50,3.03025485,0,0,2.99995485,-0.00004515000000004932,0.016666666666666666,0.8333333333333334,0
F01,51,3.03025485,0,0,3.01765485,0.000019849999999710377,0.016764638888888888,0.8500979722222223,0
F01,52,3.03025485,0,0,3.02855485,0.000024849999999965178,0.016825166666666665,0.8669231388888889,0
F01,53,3.03025485,0,0,3.02855485,0.000024849999999965178,0.016825166666666665,0.8837483055555556,0
F01,54,3.03025485,0,0,3.01765485,0.000019849999999710377,0.016764638888888888,0.9005129444444445,0
F01,55,3.03025485,0,0,2.99995485,-0.00004515000000004932,0.016666666666666666,0.9171796111111112,0
F01,56,3.03025485,0,0,2.98235485,-0.00001015000000004207,0.016568694444444445,0.9337483055555557,0
F01,57,3.03025485,0,0,2.9714548499999998,-0.00001515000000029687,0.016508166666666668,0.9502564722222223,0
F01,58,3.03025485,0,0,2.9714548499999998,-0.00001515000000029687,0.016508166666666668,0.966764638888889,0
F01,59,3.03025485,0,0,2.98235485,-0.00001015000000004207,0.016568694444444445,0.9833333333333334,0
F01,60,3.03025485,0,0,2.99995485,-0.00004515000000004932,0.016666666666666666,1,0
F01,61,3.03025485,0,0,3.01765485,0.000019849999999710377,0.016764638888888888,1.016764638888889,0
F01,62,3.03025485,0,0,3.02855485,0.000024849999999965178,0.016825166666666665,1.0335898055555555,0
F01,63,3.03025485,0,0,3.02855485,0.000024849999999965178,0.016825166666666665,1.050414972222222,0
F01,64,3.03025485,0,0,3.01765485,0.000019849999999710377,0.016764638888888888,1.067179611111111,0
F01,65,3.03025485,0,0,2.99995485,-0.00004515000000004932,0.016666666666666666,1.0838462777777775,0
F01,66,3.03025485,0,0,2.98235485,-0.00001015000000004207,0.016568694444444445,1.100414972222222,0
F01,67,3.03025485,0,0,2.9714548499999998,-0.00001515000000029687,0.016508166666666668,1.1169231388888887,0
F01,68,3.03025485,0,0,2.9714548499999998,-0.00001515000000029687,0.016508166666666668,1.1334313055555554,0
F01,69,3.03025485,0,0,2.98235485,-0.00001015000000004207,0.016568694444444445,1.15,0
F01,70,3.03025485,0,0,2.99995485,-0.00004515000000004932,0.016666666666666666,1.1666666666666665,0
F01,71,3.03025485,0,0,3.01765485,0.000019849999999710377,0.016764638888888888,1.1834313055555554,0
F01,72,3.03025485,0,0,3.02855485,0.000024849999999965178,0.016825166666666665,1.200256472222222,0
F01,73,3.03025485,0,0,3.02855485,0.000024849999999965178,0.016825166666666665,1.2170816388888885,0
F01,74,3.03025485,0,0,3.01765485,0.000019849999999710377,0.016764638888888888,1.2338462777777774,0
F01,75,3.03025485,0,0,2.99995485,-0.00004515000000004932,0.016666666666666666,1.250512944444444,0
F01,76,3.03025485,0,0,2.98235485,-0.00001015000000004207,0.016568694444444445,1.2670816388888886,0
F01,77,3.03025485,0,0,2.9714548499999998,-0.00001515000000029687,0.016508166666666668,1.2835898055555552,0
F01,78,3.03025485,0,0,2.9714548499999998,-0.00001515000000029687,0.016508166666666668,1.300097972222222,0
F01,79,3.03025485,0,0,2.98235485,-0.00001015000000004207,0.016568694444444445,1.3166666666666664,0
F01,80,3.03025485,0,0,2.99995485,-0.00004515000000004932,0.016666666666666666,1.333333333333333,0
F01,81,3.03025485,0,0,3.01765485,0.000019849999999710377,0.016764638888888888,1.350097972222222,0
F01,82,3.03025485,0,0,3.02855485,0.000024849999999965178,0.016825166666666665,1.3669231388888885,0
F01,83,3.03025485,0,0,3.02855485,0.000024849999999965178,0.016825166666666665,1.383748305555555,0
F01,84,3.03025485,0,0,3.01765485,0.000019849999999710377,0.016764638888888888,1.400512944444444,0
F01,85,3.03025485,0,0,2.99995485,-0.00004515000000004932,0.016666666666666666,1.4171796111111106,0
F01,86,3.03025485,0,0,2.98235485,-0.00001015000000004207,0.016568694444444445,1.433748305555555,0
F01,87,3.03025485,0,0,2.9714548499999998,-0.00001515000000029687,0.016508166666666668,1.4502564722222218,0
F01,88,3.03025485,0,0,2.9714548499999998,-0.00001515000000029687,0.016508166666666668,1.4667646388888884,0
F01,89,3.03025485,0,0,2.98235485,-0.00001015000000004207,0.016568694444444445,1.483333333333333,0
F01,90,3.03025485,0,0,2.99995485,-0.00004515000000004932,0.016666666666666666,1.4999999999999996,0
F01,91,3.03025485,0,0,3.01765485,0.000019849999999710377,0.016764638888888888,1.5167646388888885,0
F01,92,3.03025485,0,0,3.02855485,0.000024849999999965178,0.016825166666666665,1.533589805555555,0
F01,93,3.03025485,0,0,3.02855485,0.000024849999999965178,0.016825166666666665,1.5504149722222216,0
F01,94,3.03025485,0,0,3.01765485,0.000019849999999710377,0.016764638888888888,1.5671796111111105,0
F01,95,3.03025485,0,0,2.99995485,-0.00004515000000004932,0.016666666666666666,1.583846277777777,0
F01,96,3.03025485,0,0,2.98235485,-0.00001015000000004207,0.016568694444444445,1.6004149722222216,0
F01,97,3.03025485,0,0,2.9714548499999998,-0.00001515000000029687,0.016508166666666668,1.6169231388888883,0
F01,98,3.03025485,0,0,2.9714548499999998,-0.00001515000000029687,0.016508166666666668,1.633431305555555,0
F01,99,3.03025485,0,0,2.98235485,-0.00001015000000004207,0.016568694444444445,1.6499999999999995,0
F01,100,3.03025485,0,0,2.99995485,-0.00004515000000004932,0.016666666666666666,1.666666666666666,0
F01,101,3.03025485,0,0,3.01765485,0.000019849999999710377,0.016764638888888888,1.683431305555555,0
F01,102,3.03025485,0,0,3.02855485,0.000024849999999965178,0.016825166666666665,1.7002564722222215,0
F01,103,3.03025485,0,0,3.02855485,0.000024849999999965178,0.016825166666666665,1.717081638888888,0
F01,104,3.03025485,0,0,3.0176548499999996,0.000019849999999266288,0.016764638888888888,1.733846277777777,0
F01,105,3.03025485,0,0,2.99995485,-0.00004515000000004932,0.016666666666666666,1.7505129444444436,0
F01,106,3.03025485,0,0,2.98235485,-0.00001015000000004207,0.016568694444444445,1.7670816388888881,0
F01,107,3.03025485,0,0,2.9714548499999998,-0.00001515000000029687,0.016508166666666668,1.7835898055555548,0
F01,108,3.03025485,0,0,2.97145485,-0.000015149999999852781,0.016508166666666668,1.8000979722222215,0
F01,109,3.03025485,0,0,2.98235485,-0.00001015000000004207,0.016568694444444445,1.816666666666666,0
F01,110,3.03025485,0,0,2.99995485,-0.00004515000000004932,0.016666666666666666,1.8333333333333326,0
F01,111,3.03025485,0,0,3.01765485,0.000019849999999710377,0.016764638888888888,1.8500979722222215,0
F01,112,3.03025485,0,0,3.02855485,0.000024849999999965178,0.016825166666666665,1.866923138888888,0
F01,113,3.03025485,0,0,3.02855485,0.000024849999999965178,0.016825166666666665,1.8837483055555546,0
F01,114,3.03025485,0,0,3.01765485,0.000019849999999710377,0.016764638888888888,1.9005129444444435,0
F01,115,3.03025485,0,0,2.99995485,-0.00004515000000004932,0.016666666666666666,1.9171796111111101,0
F01,116,3.03025485,0,0,2.98235485,-0.00001015000000004207,0.016568694444444445,1.9337483055555547,0
F01,117,3.03025485,0,0,2.9714548499999998,-0.00001515000000029687,0.016508166666666668,1.9502564722222213,0
F01,118,3.03025485,0,0,2.9714548499999998,-0.00001515000000029687,0.016508166666666668,1.966764638888888,0
F01,119,3.03025485,0,0,2.98235485,-0.00001015000000004207,0.016568694444444445,1.9833333333333325,0
F01,120,3.03025485,0,0,2.99995485,-0.00004515000000004932,0.016666666666666666,1.9999999999999991,0
F01,121,3.03025485,0,0,3.01765485,0.000019849999999710377,0.016764638888888888,2.016764638888888,0
F01,122,3.03025485,0,0,3.02855485,0.000024849999999965178,0.016825166666666665,2.0335898055555544,0
F01,123,3.03025485,0,0,3.02855485,0.000024849999999965178,0.016825166666666665,2.050414972222221,0
F01,124,3.03025485,0,0,3.01765485,0.000019849999999710377,0.016764638888888888,2.0671796111111096,0
F01,125,3.03025485,0,0,2.99995485,-0.00004515000000004932,0.016666666666666666,2.083846277777776,0
F01,126,3.03025485,0,0,2.98235485,-0.00001015000000004207,0.016568694444444445,2.1004149722222207,0
F01,127,3.03025485,0,0,2.9714548499999998,-0.00001515000000029687,0.016508166666666668,2.1169231388888874,0
F01,128,3.03025485,0,0,2.97145485,-0.000015149999999852781,0.016508166666666668,2.133431305555554,0
F01,129,3.03025485,0,0,2.98235485,-0.00001015000000004207,0.016568694444444445,2.1499999999999986,0
F01,130,3.03025485,0,0,2.99995485,-0.00004515000000004932,0.016666666666666666,2.166666666666665,0
F01,131,3.03025485,0,0,3.0176548499999996,0.000019849999999266288,0.016764638888888888,2.183431305555554,0
F01,132,3.03025485,0,0,3.02855485,0.000024849999999965178,0.016825166666666665,2.2002564722222204,0
F01,133,3.03025485,0,0,3.02855485,0.000024849999999965178,0.016825166666666665,2.217081638888887,0
F01,134,3.03025485,0,0,3.0176548499999996,0.000019849999999266288,0.016764638888888888,2.2338462777777757,0
F01,135,3.03025485,0,0,2.99995485,-0.00004515000000004932,0.016666666666666666,2.2505129444444423,0
F01,136,3.03025485,0,0,2.98235485,-0.00001015000000004207,0.016568694444444445,2.267081638888887,0
F01,137,3.03025485,0,0,2.9714548499999998,-0.00001515000000029687,0.016508166666666668,2.2835898055555535,0
F01,138,3.03025485,0,0,2.9714548499999998,-0.00001515000000029687,0.016508166666666668,2.30009797222222,0
F01,139,3.03025485,0,0,2.98235485,-0.00001015000000004207,0.016568694444444445,2.3166666666666647,0
F01,140,3.03025485,0,0,2.99995485,-0.00004515000000004932,0.016666666666666666,2.3333333333333313,0
F01,141,3.03025485,0,0,3.01765485,0.000019849999999710377,0.016764638888888888,2.35009797222222,0
F01,142,3.03025485,0,0,3.02855485,0.000024849999999965178,0.016825166666666665,2.3669231388888865,0
F01,143,3.03025485,0,0,3.02855485,0.000024849999999965178,0.016825166666666665,2.383748305555553,0
F01,144,3.03025485,0,0,3.01765485,0.000019849999999710377,0.016764638888888888,2.4005129444444417,0
F01,145,3.03025485,0,0,2.99995485,-0.00004515000000004932,0.016666666666666666,2.4171796111111084,0
F01,146,3.03025485,0,0,2.98235485,-0.00001015000000004207,0.016568694444444445,2.433748305555553,0
F01,147,3.03025485,0,0,2.9714548499999998,-0.00001515000000029687,0.016508166666666668,2.4502564722222195,0
F01,148,3.03025485,0,0,2.9714548499999998,-0.00001515000000029687,0.016508166666666668,2.466764638888886,0
F01,149,3.03025485,0,0,2.98235485,-0.00001015000000004207,0.016568694444444445,2.4833333333333307,0
F01,150,3.03025485,0,0,2.99995485,-0.00004515000000004932,0.016666666666666666,2.4999999999999973,0
F01,151,3.03025485,0,0,3.01765485,0.000019849999999710377,0.016764638888888888,2.516764638888886,0
F01,152,3.03025485,0,0,3.02855485,0.000024849999999965178,0.016825166666666665,2.5335898055555526,0
F01,153,3.03025485,0,0,3.02855485,0.000024849999999965178,0.016825166666666665,2.550414972222219,0
F01,154,3.03025485,0,0,3.01765485,0.000019849999999710377,0.016764638888888888,2.567179611111108,0
F01,155,3.03025485,0,0,2.99995485,-0.00004515000000004932,0.016666666666666666,2.5838462777777744,0
F01,156,3.03025485,0,0,2.98235485,-0.00001015000000004207,0.016568694444444445,2.600414972222219,0
F01,157,3.03025485,0,0,2.9714548499999998,-0.00001515000000029687,0.016508166666666668,2.6169231388888856,0
F01,158,3.03025485,0,0,2.9714548499999998,-0.00001515000000029687,0.016508166666666668,2.6334313055555523,0
F01,159,3.03025485,0,0,2.98235485,-0.00001015000000004207,0.016568694444444445,2.649999999999997,0
F01,160,3.03025485,0,0,2.99995485,-0.00004515000000004932,0.016666666666666666,2.6666666666666634,0
F01,161,3.03025485,0,0,3.01765485,0.000019849999999710377,0.016764638888888888,2.683431305555552,0
F01,162,3.03025485,0,0,3.02855485,0.000024849999999965178,0.016825166666666665,2.7002564722222187,0
F01,163,3.03025485,0,0,3.02855485,0.000024849999999965178,0.016825166666666665,2.717081638888885,0
F01,164,3.03025485,0,0,3.01765485,0.000019849999999710377,0.016764638888888888,2.733846277777774,0
F01,165,3.03025485,0,0,2.99995485,-0.00004515000000004932,0.016666666666666666,2.7505129444444405,0
F01,166,3.03025485,0,0,2.98235485,-0.00001015000000004207,0.016568694444444445,2.767081638888885,0
F01,167,3.03025485,0,0,2.9714548499999998,-0.00001515000000029687,0.016508166666666668,2.7835898055555517,0
F01,168,3.03025485,0,0,2.9714548499999998,-0.00001515000000029687,0.016508166666666668,2.8000979722222183,0
F01,169,3.03025485,0,0,2.98235485,-0.00001015000000004207,0.016568694444444445,2.816666666666663,0
F01,170,3.03025485,0,0,2.99995485,-0.00004515000000004932,0.016666666666666666,2.8333333333333295,0
F01,171,3.03025485,0,0,3.01765485,0.000019849999999710377,0.016764638888888888,2.850097972222218,0
F01,172,3.03025485,0,0,3.02855485,0.000024849999999965178,0.016825166666666665,2.8669231388888847,0
F01,173,3.03025485,0,0,3.02855485,0.000024849999999965178,0.016825166666666665,2.8837483055555513,0
F01,174,3.03025485,0,0,3.01765485,0.000019849999999710377,0.016764638888888888,2.90051294444444,0
F01,175,3.03025485,0,0,2.99995485,-0.00004515000000004932,0.016666666666666666,2.9171796111111066,0
F01,176,3.03025485,0,0,2.98235485,-0.00001015000000004207,0.016568694444444445,2.933748305555551,0
F01,177,3.03025485,0,0,2.9714548499999998,-0.00001515000000029687,0.016508166666666668,2.9502564722222178,0
F01,178,3.03025485,0,0,2.9714548499999998,-0.00001515000000029687,0.016508166666666668,2.9667646388888844,0
F01,179,3.03025485,0,0,2.98235485,-0.00001015000000004207,0.016568694444444445,2.983333333333329,0
F01,180,3.03025485,0,0,2.99995485,-0.00004515000000004932,0.016666666666666666,2.9999999999999956,0
F01,181,3.03025485,0,0,3.01765485,0.000019849999999710377,0.016764638888888888,3.0167646388888842,0
F01,182,3.03025485,0,0,3.02855485,0.000024849999999965178,0.016825166666666665,3.033589805555551,0
F01,183,3.03025485,0,0,3.02855485,0.000024849999999965178,0.016825166666666665,3.0504149722222174,0
F01,184,3.03025485,0,0,3.01765485,0.000019849999999710377,0.016764638888888888,3.067179611111106,0
F01,185,3.03025485,0,0,2.99995485,-0.00004515000000004932,0.016666666666666666,3.0838462777777726,0
F01,186,3.03025485,0,0,2.98235485,-0.00001015000000004207,0.016568694444444445,3.100414972222217,0
F01,187,3.03025485,0,0,2.9714548499999998,-0.00001515000000029687,0.016508166666666668,3.116923138888884,0
F01,188,3.03025485,0,0,2.9714548499999998,-0.00001515000000029687,0.016508166666666668,3.1334313055555505,0
F01,189,3.03025485,0,0,2.98235485,-0.00001015000000004207,0.016568694444444445,3.149999999999995,0
F01,190,3.03025485,0,0,2.99995485,-0.00004515000000004932,0.016666666666666666,3.1666666666666616,0
F01,191,3.03025485,0,0,3.01765485,0.000019849999999710377,0.016764638888888888,3.1834313055555503,0
F01,192,3.03025485,0,0,3.02855485,0.000024849999999965178,0.016825166666666665,3.200256472222217,0
F01,193,3.03025485,0,0,3.02855485,0.000024849999999965178,0.016825166666666665,3.2170816388888834,0
F01,194,3.03025485,0,0,3.01765485,0.000019849999999710377,0.016764638888888888,3.233846277777772,0
F01,195,3.03025485,0,0,2.99995485,-0.00004515000000004932,0.016666666666666666,3.2505129444444387,0
F01,196,3.03025485,0,0,2.98235485,-0.00001015000000004207,0.016568694444444445,3.2670816388888833,0
F01,197,3.03025485,0,0,2.9714548499999998,-0.00001515000000029687,0.016508166666666668,3.28358980555555,0
F01,198,3.03025485,0,0,2.9714548499999998,-0.00001515000000029687,0.016508166666666668,3.3000979722222166,0
F01,199,3.03025485,0,0,2.98235485,-0.00001015000000004207,0.016568694444444445,3.316666666666661,0
F01,200,3.03025485,0,0,2.99995485,-0.00004515000000004932,0.016666666666666666,3.3333333333333277,0
F01,201,3.03025485,0,0,3.01765485,0.000019849999999710377,0.016764638888888888,3.3500979722222164,0
F01,202,3.03025485,0,0,3.02855485,0.000024849999999965178,0.016825166666666665,3.366923138888883,0
F01,203,3.03025485,0,0,3.02855485,0.000024849999999965178,0.016825166666666665,3.3837483055555495,0
F01,204,3.03025485,0,0,3.0176548499999996,0.000019849999999266288,0.016764638888888888,3.400512944444438,0
F01,205,3.03025485,0,0,2.99995485,-0.00004515000000004932,0.016666666666666666,3.417179611111105,0
F01,206,3.03025485,0,0,2.98235485,-0.00001015000000004207,0.016568694444444445,3.4337483055555493,0
F01,207,3.03025485,0,0,2.9714548499999998,-0.00001515000000029687,0.016508166666666668,3.450256472222216,0
F01,208,3.03025485,0,0,2.9714548499999998,-0.00001515000000029687,0.016508166666666668,3.4667646388888826,0
F01,209,3.03025485,0,0,2.98235485,-0.00001015000000004207,0.016568694444444445,3.483333333333327,0
F01,210,3.03025485,0,0,2.99995485,-0.00004515000000004932,0.016666666666666666,3.499999999999994,0
F01,211,3.03025485,0,0,3.01765485,0.000019849999999710377,0.016764638888888888,3.5167646388888825,0
F01,212,3.03025485,0,0,3.02855485,0.000024849999999965178,0.016825166666666665,3.533589805555549,0
F01,213,3.03025485,0,0,3.02855485,0.000024849999999965178,0.016825166666666665,3.5504149722222156,0
F01,214,3.03025485,0,0,3.01765485,0.000019849999999710377,0.016764638888888888,3.5671796111111043,0
F01,215,3.03025485,0,0,2.99995485,-0.00004515000000004932,0.016666666666666666,3.583846277777771,0
F01,216,3.03025485,0,0,2.98235485,-0.00001015000000004207,0.016568694444444445,3.6004149722222154,0
F01,217,3.03025485,0,0,2.9714548499999998,-0.00001515000000029687,0.016508166666666668,3.616923138888882,0
F01,218,3.03025485,0,0,2.9714548499999998,-0.00001515000000029687,0.016508166666666668,3.6334313055555487,0
F01,219,3.03025485,0,0,2.98235485,-0.00001015000000004207,0.016568694444444445,3.6499999999999932,0
F01,220,3.03025485,0,0,2.99995485,-0.00004515000000004932,0.016666666666666666,3.66666666666666,0
F01,221,3.03025485,0,0,3.01765485,0.000019849999999710377,0.016764638888888888,3.6834313055555485,0
F01,222,3.03025485,0,0,3.02855485,0.000024849999999965178,0.016825166666666665,3.700256472222215,0
F01,223,3.03025485,0,0,3.02855485,0.000024849999999965178,0.016825166666666665,3.7170816388888817,0
F01,224,3.03025485,0,0,3.01765485,0.000019849999999710377,0.016764638888888888,3.7338462777777703,0
F01,225,3.03025485,0,0,2.99995485,-0.00004515000000004932,0.016666666666666666,3.750512944444437,0
F01,226,3.03025485,0,0,2.98235485,-0.00001015000000004207,0.016568694444444445,3.7670816388888815,0
F01,227,3.03025485,0,0,2.9714548499999998,-0.00001515000000029687,0.016508166666666668,3.783589805555548,0
F01,228,3.03025485,0,0,2.9714548499999998,-0.00001515000000029687,0.016508166666666668,3.800097972222215,0
F01,229,3.03025485,0,0,2.98235485,-0.00001015000000004207,0.016568694444444445,3.8166666666666593,0
F01,230,3.03025485,0,0,2.99995485,-0.00004515000000004932,0.016666666666666666,3.833333333333326,0
F01,231,3.03025485,0,0,3.01765485,0.000019849999999710377,0.016764638888888888,3.8500979722222146,0
F01,232,3.03025485,0,0,3.02855485,0.000024849999999965178,0.016825166666666665,3.866923138888881,0
F01,233,3.03025485,0,0,3.02855485,0.000024849999999965178,0.016825166666666665,3.8837483055555477,0
F01,234,3.03025485,0,0,3.01765485,0.000019849999999710377,0.016764638888888888,3.9005129444444364,0
F01,235,3.03025485,0,0,2.99995485,-0.00004515000000004932,0.016666666666666666,3.917179611111103,0
F01,236,3.03025485,0,0,2.98235485,-0.00001015000000004207,0.016568694444444445,3.9337483055555476,0
F01,237,3.03025485,0,0,2.9714548499999998,-0.00001515000000029687,0.016508166666666668,3.950256472222214,0
F01,238,3.03025485,0,0,2.9714548499999998,-0.00001515000000029687,0.016508166666666668,3.966764638888881,0
F01,239,3.03025485,0,0,2.98235485,-0.00001015000000004207,0.016568694444444445,3.9833333333333254,0
F01,240,3.03025485,0,0,2.99995485,-0.00004515000000004932,0.016666666666666666,3.999999999999992,0
F01,241,3.03025485,0,0,3.01765485,0.000019849999999710377,0.016764638888888888,4.016764638888881,0
F01,242,3.03025485,0,0,3.02855485,0.000024849999999965178,0.016825166666666665,4.033589805555548,0
F01,243,3.03025485,0,0,3.02855485,0.000024849999999965178,0.016825166666666665,4.050414972222215,0
F01,244,3.03025485,0,0,3.01765485,0.000019849999999710377,0.016764638888888888,4.067179611111103,0
F01,245,3.03025485,0,0,2.99995485,-0.00004515000000004932,0.016666666666666666,4.08384627777777,0
F01,246,3.03025485,0,0,2.98235485,-0.00001015000000004207,0.016568694444444445,4.1004149722222145,0
F01,247,3.03025485,0,0,2.9714548499999998,-0.00001515000000029687,0.016508166666666668,4.116923138888882,0
F01,248,3.03025485,0,0,2.9714548499999998,-0.00001515000000029687,0.016508166666666668,4.133431305555549,0
F01,249,3.03025485,0,0,2.98235485,-0.00001015000000004207,0.016568694444444445,4.149999999999993,0
F01,250,3.03025485,0,0,2.99995485,-0.00004515000000004932,0.016666666666666666,4.16666666666666,0
F01,251,3.03025485,0,0,3.01765485,0.000019849999999710377,0.016764638888888888,4.1834313055555485,0
F01,252,3.03025485,0,0,3.02855485,0.000024849999999965178,0.016825166666666665,4.2002564722222155,0
F01,253,3.03025485,0,0,3.02855485,0.000024849999999965178,0.016825166666666665,4.2170816388888825,0
F01,254,3.03025485,0,0,3.01765485,0.000019849999999710377,0.016764638888888888,4.233846277777771,0
F01,255,3.03025485,0,0,2.99995485,-0.00004515000000004932,0.016666666666666666,4.250512944444438,0
F01,256,3.03025485,0,0,2.98235485,-0.00001015000000004207,0.016568694444444445,4.267081638888882,0
F01,257,3.03025485,0,0,2.9714548499999998,-0.00001515000000029687,0.016508166666666668,4.2835898055555495,0
F01,258,3.03025485,0,0,2.9714548499999998,-0.00001515000000029687,0.016508166666666668,4.300097972222217,0
F01,259,3.03025485,0,0,2.98235485,-0.00001015000000004207,0.016568694444444445,4.316666666666661,0
F01,260,3.03025485,0,0,2.99995485,-0.00004515000000004932,0.016666666666666666,4.333333333333328,0
F01,261,3.03025485,0,0,3.0176548499999996,0.000019849999999266288,0.016764638888888888,4.350097972222216,0
F01,262,3.03025485,0,0,3.02855485,0.000024849999999965178,0.016825166666666665,4.366923138888883,0
F01,263,3.03025485,0,0,3.02855485,0.000024849999999965178,0.016825166666666665,4.38374830555555,0
F01,264,3.03025485,0,0,3.01765485,0.000019849999999710377,0.016764638888888888,4.400512944444439,0
F01,265,3.03025485,0,0,2.99995485,-0.00004515000000004932,0.016666666666666666,4.417179611111106,0
F01,266,3.03025485,0,0,2.98235485,-0.00001015000000004207,0.016568694444444445,4.43374830555555,0
F01,267,3.03025485,0,0,2.9714548499999998,-0.00001515000000029687,0.016508166666666668,4.450256472222217,0
F01,268,3.03025485,0,0,2.9714548499999998,-0.00001515000000029687,0.016508166666666668,4.466764638888884,0
F01,269,3.03025485,0,0,2.98235485,-0.00001015000000004207,0.016568694444444445,4.483333333333329,0
F01,270,3.03025485,0,0,2.99995485,-0.00004515000000004932,0.016666666666666666,4.499999999999996,0
F01,271,3.03025485,0,0,3.01765485,0.000019849999999710377,0.016764638888888888,4.516764638888884,0
F01,272,3.03025485,0,0,3.02855485,0.000024849999999965178,0.016825166666666665,4.533589805555551,0
F01,273,3.03025485,0,0,3.02855485,0.000024849999999965178,0.016825166666666665,4.550414972222218,0
F01,274,3.03025485,0,0,3.01765485,0.000019849999999710377,0.016764638888888888,4.567179611111107,0
F01,275,3.03025485,0,0,2.99995485,-0.00004515000000004932,0.016666666666666666,4.5838462777777735,0
F01,276,3.03025485,0,0,2.98235485,-0.00001015000000004207,0.016568694444444445,4.600414972222218,0
F01,277,3.03025485,0,0,2.9714548499999998,-0.00001515000000029687,0.016508166666666668,4.616923138888885,0
F01,278,3.03025485,0,0,2.9714548499999998,-0.00001515000000029687,0.016508166666666668,4.633431305555552,0
F01,279,3.03025485,0,0,2.98235485,-0.00001015000000004207,0.016568694444444445,4.649999999999997,0
F01,280,3.03025485,0,0,2.99995485,-0.00004515000000004932,0.016666666666666666,4.666666666666663,0
F01,281,3.03025485,0,0,3.01765485,0.000019849999999710377,0.016764638888888888,4.683431305555552,0
F01,282,3.03025485,0,0,3.02855485,0.000024849999999965178,0.016825166666666665,4.700256472222219,0
F01,283,3.03025485,0,0,3.02855485,0.000024849999999965178,0.016825166666666665,4.717081638888886,0
F01,284,3.03025485,0,0,3.01765485,0.000019849999999710377,0.016764638888888888,4.733846277777775,0
F01,285,3.03025485,0,0,2.99995485,-0.00004515000000004932,0.016666666666666666,4.750512944444441,0
F01,286,3.03025485,0,0,2.98235485,-0.00001015000000004207,0.016568694444444445,4.767081638888886,0
F01,287,3.03025485,0,0,2.9714548499999998,-0.00001515000000029687,0.016508166666666668,4.783589805555553,0
F01,288,3.03025485,0,0,2.9714548499999998,-0.00001515000000029687,0.016508166666666668,4.80009797222222,0
F01,289,3.03025485,0,0,2.98235485,-0.00001015000000004207,0.016568694444444445,4.816666666666665,0
F01,290,3.03025485,0,0,2.99995485,-0.00004515000000004932,0.016666666666666666,4.833333333333331,0
F01,291,3.03025485,0,0,3.01765485,0.000019849999999710377,0.016764638888888888,4.85009797222222,0
F01,292,3.03025485,0,0,3.02855485,0.000024849999999965178,0.016825166666666665,4.866923138888887,0
F01,293,3.03025485,0,0,3.02855485,0.000024849999999965178,0.016825166666666665,4.883748305555554,0
F01,294,3.03025485,0,0,3.01765485,0.000019849999999710377,0.016764638888888888,4.900512944444443,0
F01,295,3.03025485,0,0,2.99995485,-0.00004515000000004932,0.016666666666666666,4.917179611111109,0
F01,296,3.03025485,0,0,2.98235485,-0.00001015000000004207,0.016568694444444445,4.933748305555554,0
F01,297,3.03025485,0,0,2.9714548499999998,-0.00001515000000029687,0.016508166666666668,4.950256472222221,0
F01,298,3.03025485,0,0,2.9714548499999998,-0.00001515000000029687,0.016508166666666668,4.966764638888888,0
F01,299,3.03025485,0,0,2.98235485,-0.00001015000000004207,0.016568694444444445,4.9833333333333325,0
F01,300,3.03025485,0,0,2.99995485,-0.00004515000000004932,0.016666666666666666,4.999999999999999,0
F01,301,3.03025485,0,0,3.01765485,0.000019849999999710377,0.016764638888888888,5.016764638888888,0
F01,302,3.03025485,0,0,3.02855485,0.000024849999999965178,0.016825166666666665,5.033589805555555,0
F01,303,3.03025485,0,0,3.02855485,0.000024849999999965178,0.016825166666666665,5.050414972222222,0
F01,304,3.03025485,0,0,3.01765485,0.000019849999999710377,0.016764638888888888,5.0671796111111105,0
F01,305,3.03025485,0,0,2.99995485,-0.00004515000000004932,0.016666666666666666,5.083846277777777,0
F01,306,3.03025485,0,0,2.98235485,-0.00001015000000004207,0.016568694444444445,5.100414972222222,0
F01,307,3.03025485,0,0,2.9714548499999998,-0.00001515000000029687,0.016508166666666668,5.116923138888889,0
F01,308,3.03025485,0,0,2.9714548499999998,-0.00001515000000029687,0.016508166666666668,5.133431305555556,0
F01,309,3.03025485,0,0,2.98235485,-0.00001015000000004207,0.016568694444444445,5.15,0
F01,310,3.03025485,0,0,2.99995485,-0.00004515000000004932,0.016666666666666666,5.166666666666667,0
F01,311,3.03025485,0,0,3.01765485,0.000019849999999710377,0.016764638888888888,5.183431305555556,0
F01,312,3.03025485,0,0,3.02855485,0.000024849999999965178,0.016825166666666665,5.200256472222223,0
F01,313,3.03025485,0,0,3.02855485,0.000024849999999965178,0.016825166666666665,5.21708163888889,0
F01,314,3.03025485,0,0,3.01765485,0.000019849999999710377,0.016764638888888888,5.233846277777778,0
F01,315,3.03025485,0,0,2.99995485,-0.00004515000000004932,0.016666666666666666,5.250512944444445,0
F01,316,3.03025485,0,0,2.98235485,-0.00001015000000004207,0.016568694444444445,5.2670816388888895,0
F01,317,3.03025485,0,0,2.9714548499999998,-0.00001515000000029687,0.016508166666666668,5.283589805555557,0
F01,318,3.03025485,0,0,2.9714548499999998,-0.00001515000000029687,0.016508166666666668,5.300097972222224,0
F01,319,3.03025485,0,0,2.98235485,-0.00001015000000004207,0.016568694444444445,5.316666666666668,0
F01,320,3.03025485,0,0,2.99995485,-0.00004515000000004932,0.016666666666666666,5.333333333333335,0
F01,321,3.03025485,0,0,3.01765485,0.000019849999999710377,0.016764638888888888,5.3500979722222235,0
F01,322,3.03025485,0,0,3.02855485,0.000024849999999965178,0.016825166666666665,5.3669231388888905,0
F01,323,3.03025485,0,0,3.02855485,0.000024849999999965178,0.016825166666666665,5.3837483055555575,0
F01,324,3.03025485,0,0,3.01765485,0.000019849999999710377,0.016764638888888888,5.400512944444446,0
F01,325,3.03025485,0,0,2.99995485,-0.00004515000000004932,0.016666666666666666,5.417179611111113,0
F01,326,3.03025485,0,0,2.98235485,-0.00001015000000004207,0.016568694444444445,5.433748305555557,0
F01,327,3.03025485,0,0,2.9714548499999998,-0.00001515000000029687,0.016508166666666668,5.450256472222224,0
F01,328,3.03025485,0,0,2.9714548499999998,-0.00001515000000029687,0.016508166666666668,5.4667646388888915,0
F01,329,3.03025485,0,0,2.98235485,-0.00001015000000004207,0.016568694444444445,5.483333333333336,0
F01,330,3.03025485,0,0,2.99995485,-0.00004515000000004932,0.016666666666666666,5.500000000000003,0
F01,331,3.03025485,0,0,3.0176548499999996,0.000019849999999266288,0.016764638888888888,5.516764638888891,0
F01,332,3.03025485,0,0,3.02855485,0.000024849999999965178,0.016825166666666665,5.533589805555558,0
F01,333,3.03025485,0,0,3.02855485,0.000024849999999965178,0.016825166666666665,5.550414972222225,0
F01,334,3.03025485,0,0,3.0176548499999996,0.000019849999999266288,0.016764638888888888,5.567179611111114,0
F01,335,3.03025485,0,0,2.99995485,-0.00004515000000004932,0.016666666666666666,5.583846277777781,0
F01,336,3.03025485,0,0,2.98235485,-0.00001015000000004207,0.016568694444444445,5.600414972222225,0
F01,337,3.03025485,0,0,2.9714548499999998,-0.00001515000000029687,0.016508166666666668,5.616923138888892,0
F01,338,3.03025485,0,0,2.9714548499999998,-0.00001515000000029687,0.016508166666666668,5.633431305555559,0
F01,339,3.03025485,0,0,2.98235485,-0.00001015000000004207,0.016568694444444445,5.650000000000004,0
F01,340,3.03025485,0,0,2.99995485,-0.00004515000000004932,0.016666666666666666,5.6666666666666705,0
F01,341,3.03025485,0,0,3.01765485,0.000019849999999710377,0.016764638888888888,5.683431305555559,0
F01,342,3.03025485,0,0,3.02855485,0.000024849999999965178,0.016825166666666665,5.700256472222226,0
F01,343,3.03025485,0,0,3.02855485,0.000024849999999965178,0.016825166666666665,5.717081638888893,0
F01,344,3.03025485,0,0,3.01765485,0.000019849999999710377,0.016764638888888888,5.733846277777782,0
F01,345,3.03025485,0,0,2.99995485,-0.00004515000000004932,0.016666666666666666,5.7505129444444485,0
F01,346,3.03025485,0,0,2.98235485,-0.00001015000000004207,0.016568694444444445,5.767081638888893,0
F01,347,3.03025485,0,0,2.9714548499999998,-0.00001515000000029687,0.016508166666666668,5.78358980555556,0
F01,348,3.03025485,0,0,2.9714548499999998,-0.00001515000000029687,0.016508166666666668,5.800097972222227,0
F01,349,3.03025485,0,0,2.98235485,-0.00001015000000004207,0.016568694444444445,5.816666666666672,0
F01,350,3.03025485,0,0,2.99995485,-0.00004515000000004932,0.016666666666666666,5.833333333333338,0
F01,351,3.03025485,0,0,3.01765485,0.000019849999999710377,0.016764638888888888,5.850097972222227,0
F01,352,3.03025485,0,0,3.02855485,0.000024849999999965178,0.016825166666666665,5.866923138888894,0
F01,353,3.03025485,0,0,3.02855485,0.000024849999999965178,0.016825166666666665,5.883748305555561,0
F01,354,3.03025485,0,0,3.01765485,0.000019849999999710377,0.016764638888888888,5.90051294444445,0
F01,355,3.03025485,0,0,2.99995485,-0.00004515000000004932,0.016666666666666666,5.917179611111116,0
F01,356,3.03025485,0,0,2.98235485,-0.00001015000000004207,0.016568694444444445,5.933748305555561,0
F01,357,3.03025485,0,0,2.9714548499999998,-0.00001515000000029687,0.016508166666666668,5.950256472222228,0
F01,358,3.03025485,0,0,2.9714548499999998,-0.00001515000000029687,0.016508166666666668,5.966764638888895,0
F01,359,3.03025485,0,0,2.98235485,-0.00001015000000004207,0.016568694444444445,5.98333333333334,0
F01,360,3.03025485,0,0,2.99995485,-0.00004515000000004932,0.016666666666666666,6.000000000000006,0
F01,361,3.03025485,0,0,3.01765485,0.000019849999999710377,0.016764638888888888,6.016764638888895,0
F01,362,3.03025485,0,0,3.02855485,0.000024849999999965178,0.016825166666666665,6.033589805555562,0
F01,363,3.03025485,0,0,3.02855485,0.000024849999999965178,0.016825166666666665,6.050414972222229,0
F01,364,3.03025485,0,0,3.01765485,0.000019849999999710377,0.016764638888888888,6.067179611111118,0
F01,365,3.03025485,0,0,2.99995485,-0.00004515000000004932,0.016666666666666666,6.083846277777784,0
F01,366,3.03025485,0,0,2.98235485,-0.00001015000000004207,0.016568694444444445,6.100414972222229,0
F01,367,3.03025485,0,0,2.9714548499999998,-0.00001515000000029687,0.016508166666666668,6.116923138888896,0
F01,368,3.03025485,0,0,2.9714548499999998,-0.00001515000000029687,0.016508166666666668,6.133431305555563,0
F01,369,3.03025485,0,0,2.98235485,-0.00001015000000004207,0.016568694444444445,6.1500000000000075,0
F01,370,3.03025485,0,0,2.99995485,-0.00004515000000004932,0.016666666666666666,6.166666666666674,0
F01,371,3.03025485,0,0,3.01765485,0.000019849999999710377,0.016764638888888888,6.183431305555563,0
F01,372,3.03025485,0,0,3.02855485,0.000024849999999965178,0.016825166666666665,6.20025647222223,0
F01,373,3.03025485,0,0,3.02855485,0.000024849999999965178,0.016825166666666665,6.217081638888897,0
F01,374,3.03025485,0,0,3.01765485,0.000019849999999710377,0.016764638888888888,6.233846277777785,0
F01,375,3.03025485,0,0,2.99995485,-0.00004515000000004932,0.016666666666666666,6.250512944444452,0
F01,376,3.03025485,0,0,2.98235485,-0.00001015000000004207,0.016568694444444445,6.267081638888897,0
F01,377,3.03025485,0,0,2.9714548499999998,-0.00001515000000029687,0.016508166666666668,6.283589805555564,0
F01,378,3.03025485,0,0,2.97145485,-0.000015149999999852781,0.016508166666666668,6.300097972222231,0
F01,379,3.03025485,0,0,2.98235485,-0.00001015000000004207,0.016568694444444445,6.316666666666675,0
F01,380,3.03025485,0,0,2.99995485,-0.00004515000000004932,0.016666666666666666,6.333333333333342,0
F01,381,3.03025485,0,0,3.01765485,0.000019849999999710377,0.016764638888888888,6.350097972222231,0
F01,382,3.03025485,0,0,3.02855485,0.000024849999999965178,0.016825166666666665,6.366923138888898,0
F01,383,3.03025485,0,0,3.02855485,0.000024849999999965178,0.016825166666666665,6.383748305555565,0
F01,384,3.03025485,0,0,3.01765485,0.000019849999999710377,0.016764638888888888,6.400512944444453,0
F01,385,3.03025485,0,0,2.99995485,-0.00004515000000004932,0.016666666666666666,6.41717961111112,0
F01,386,3.03025485,0,0,2.98235485,-0.00001015000000004207,0.016568694444444445,6.433748305555564,0
F01,387,3.03025485,0,0,2.9714548499999998,-0.00001515000000029687,0.016508166666666668,6.4502564722222315,0
F01,388,3.03025485,0,0,2.9714548499999998,-0.00001515000000029687,0.016508166666666668,6.466764638888899,0
F01,389,3.03025485,0,0,2.98235485,-0.00001015000000004207,0.016568694444444445,6.483333333333343,0
F01,390,3.03025485,0,0,2.99995485,-0.00004515000000004932,0.016666666666666666,6.50000000000001,0
F01,391,3.03025485,0,0,3.01765485,0.000019849999999710377,0.016764638888888888,6.5167646388888985,0
F01,392,3.03025485,0,0,3.02855485,0.000024849999999965178,0.016825166666666665,6.5335898055555655,0
F01,393,3.03025485,0,0,3.02855485,0.000024849999999965178,0.016825166666666665,6.5504149722222325,0
F01,394,3.03025485,0,0,3.01765485,0.000019849999999710377,0.016764638888888888,6.567179611111121,0
F01,395,3.03025485,0,0,2.99995485,-0.00004515000000004932,0.016666666666666666,6.583846277777788,0
F01,396,3.03025485,0,0,2.98235485,-0.00001015000000004207,0.016568694444444445,6.600414972222232,0
F01,397,3.03025485,0,0,2.9714548499999998,-0.00001515000000029687,0.016508166666666668,6.616923138888899,0
F01,398,3.03025485,0,0,2.9714548499999998,-0.00001515000000029687,0.016508166666666668,6.6334313055555665,0
F01,399,3.03025485,0,0,2.98235485,-0.00001015000000004207,0.016568694444444445,6.650000000000011,0
F01,400,3.03025485,0,0,2.99995485,-0.00004515000000004932,0.016666666666666666,6.666666666666678,0
F01,401,3.03025485,0,0,3.01765485,0.000019849999999710377,0.016764638888888888,6.683431305555566,0
F01,402,3.03025485,0,0,3.02855485,0.000024849999999965178,0.016825166666666665,6.700256472222233,0
F01,403,3.03025485,0,0,3.02855485,0.000024849999999965178,0.016825166666666665,6.7170816388889,0
F01,404,3.03025485,0,0,3.01765485,0.000019849999999710377,0.016764638888888888,6.733846277777789,0
F01,405,3.03025485,0,0,2.99995485,-0.00004515000000004932,0.016666666666666666,6.750512944444456,0
F01,406,3.03025485,0,0,2.98235485,-0.00001015000000004207,0.016568694444444445,6.7670816388889,0
F01,407,3.03025485,0,0,2.9714548499999998,-0.00001515000000029687,0.016508166666666668,6.783589805555567,0
F01,408,3.03025485,0,0,2.9714548499999998,-0.00001515000000029687,0.016508166666666668,6.800097972222234,0
F01,409,3.03025485,0,0,2.98235485,-0.00001015000000004207,0.016568694444444445,6.816666666666679,0
F01,410,3.03025485,0,0,2.99995485,-0.00004515000000004932,0.016666666666666666,6.8333333333333455,0
F01,411,3.03025485,0,0,3.01765485,0.000019849999999710377,0.016764638888888888,6.850097972222234,0
F01,412,3.03025485,0,0,3.02855485,0.000024849999999965178,0.016825166666666665,6.866923138888901,0
F01,413,3.03025485,0,0,3.02855485,0.000024849999999965178,0.016825166666666665,6.883748305555568,0
F01,414,3.03025485,0,0,3.01765485,0.000019849999999710377,0.016764638888888888,6.900512944444457,0
F01,415,3.03025485,0,0,2.99995485,-0.00004515000000004932,0.016666666666666666,6.9171796111111234,0
F01,416,3.03025485,0,0,2.98235485,-0.00001015000000004207,0.016568694444444445,6.933748305555568,0
F01,417,3.03025485,0,0,2.9714548499999998,-0.00001515000000029687,0.016508166666666668,6.950256472222235,0
F01,418,3.03025485,0,0,2.9714548499999998,-0.00001515000000029687,0.016508166666666668,6.966764638888902,0
F01,419,3.03025485,0,0,2.98235485,-0.00001015000000004207,0.016568694444444445,6.983333333333347,0
F01,420,3.03025485,0,0,2.99995485,-0.00004515000000004932,0.016666666666666666,7.000000000000013,0
F01,421,3.03025485,0,0,3.01765485,0.000019849999999710377,0.016764638888888888,7.016764638888902,0
F01,422,3.03025485,0,0,3.02855485,0.000024849999999965178,0.016825166666666665,7.033589805555569,0
F01,423,3.03025485,0,0,3.02855485,0.000024849999999965178,0.016825166666666665,7.050414972222236,0
F01,424,3.03025485,0,0,3.01765485,0.000019849999999710377,0.016764638888888888,7.067179611111125,0
F01,425,3.03025485,0,0,2.99995485,-0.00004515000000004932,0.016666666666666666,7.083846277777791,0
F01,426,3.03025485,0,0,2.98235485,-0.00001015000000004207,0.016568694444444445,7.100414972222236,0
F01,427,3.03025485,0,0,2.9714548499999998,-0.00001515000000029687,0.016508166666666668,7.116923138888903,0
F01,428,3.03025485,0,0,2.9714548499999998,-0.00001515000000029687,0.016508166666666668,7.13343130555557,0
F01,429,3.03025485,0,0,2.98235485,-0.00001015000000004207,0.016568694444444445,7.150000000000015,0
F01,430,3.03025485,0,0,2.99995485,-0.00004515000000004932,0.016666666666666666,7.166666666666681,0
F01,431,3.03025485,0,0,3.01765485,0.000019849999999710377,0.016764638888888888,7.18343130555557,0
F01,432,3.03025485,0,0,3.02855485,0.000024849999999965178,0.016825166666666665,7.200256472222237,0
F01,433,3.03025485,0,0,3.02855485,0.000024849999999965178,0.016825166666666665,7.217081638888904,0
F01,434,3.03025485,0,0,3.01765485,0.000019849999999710377,0.016764638888888888,7.2338462777777925,0
F01,435,3.03025485,0,0,2.99995485,-0.00004515000000004932,0.016666666666666666,7.250512944444459,0
F01,436,3.03025485,0,0,2.98235485,-0.00001015000000004207,0.016568694444444445,7.267081638888904,0
F01,437,3.03025485,0,0,2.97145485,-0.000015149999999852781,0.016508166666666668,7.283589805555571,0
F01,438,3.03025485,0,0,2.9714548499999998,-0.00001515000000029687,0.016508166666666668,7.300097972222238,0
F01,439,3.03025485,0,0,2.98235485,-0.00001015000000004207,0.016568694444444445,7.316666666666682,0
F01,440,3.03025485,0,0,2.99995485,-0.00004515000000004932,0.016666666666666666,7.333333333333349,0
F01,441,3.03025485,0,0,3.01765485,0.000019849999999710377,0.016764638888888888,7.350097972222238,0
F01,442,3.03025485,0,0,3.02855485,0.000024849999999965178,0.016825166666666665,7.366923138888905,0
F01,443,3.03025485,0,0,3.02855485,0.000024849999999965178,0.016825166666666665,7.383748305555572,0
F01,444,3.03025485,0,0,3.01765485,0.000019849999999710377,0.016764638888888888,7.40051294444446,0
F01,445,3.03025485,0,0,2.99995485,-0.00004515000000004932,0.016666666666666666,7.417179611111127,0
F01,446,3.03025485,0,0,2.98235485,-0.00001015000000004207,0.016568694444444445,7.4337483055555715,0
F01,447,3.03025485,0,0,2.9714548499999998,-0.00001515000000029687,0.016508166666666668,7.450256472222239,0
F01,448,3.03025485,0,0,2.9714548499999998,-0.00001515000000029687,0.016508166666666668,7.466764638888906,0
F01,449,3.03025485,0,0,2.98235485,-0.00001015000000004207,0.016568694444444445,7.48333333333335,0
F01,450,3.03025485,0,0,2.99995485,-0.00004515000000004932,0.016666666666666666,7.500000000000017,0
F01,451,3.03025485,0,0,3.01765485,0.000019849999999710377,0.016764638888888888,7.516764638888906,0
F01,452,3.03025485,0,0,3.02855485,0.000024849999999965178,0.016825166666666665,7.533589805555573,0
F01,453,3.03025485,0,0,3.02855485,0.000024849999999965178,0.016825166666666665,7.55041497222224,0
F01,454,3.03025485,0,0,3.01765485,0.000019849999999710377,0.016764638888888888,7.567179611111128,0
F01,455,3.03025485,0,0,2.99995485,-0.00004515000000004932,0.016666666666666666,7.583846277777795,0
F01,456,3.03025485,0,0,2.98235485,-0.00001015000000004207,0.016568694444444445,7.600414972222239,0
F01,457,3.03025485,0,0,2.9714548499999998,-0.00001515000000029687,0.016508166666666668,7.6169231388889065,0
F01,458,3.03025485,0,0,2.9714548499999998,-0.00001515000000029687,0.016508166666666668,7.633431305555574,0
F01,459,3.03025485,0,0,2.98235485,-0.00001015000000004207,0.016568694444444445,7.650000000000018,0
F01,460,3.03025485,0,0,2.99995485,-0.00004515000000004932,0.016666666666666666,7.666666666666685,0
F01,461,3.03025485,0,0,3.01765485,0.000019849999999710377,0.016764638888888888,7.683431305555573,0
F01,462,3.03025485,0,0,3.02855485,0.000024849999999965178,0.016825166666666665,7.70025647222224,0
F01,463,3.03025485,0,0,3.02855485,0.000024849999999965178,0.016825166666666665,7.717081638888907,0
F01,464,3.03025485,0,0,3.01765485,0.000019849999999710377,0.016764638888888888,7.733846277777796,0
F01,465,3.03025485,0,0,2.99995485,-0.00004515000000004932,0.016666666666666666,7.750512944444463,0
F01,466,3.03025485,0,0,2.98235485,-0.00001015000000004207,0.016568694444444445,7.767081638888907,0
F01,467,3.03025485,0,0,2.9714548499999998,-0.00001515000000029687,0.016508166666666668,7.783589805555574,0
F01,468,3.03025485,0,0,2.9714548499999998,-0.00001515000000029687,0.016508166666666668,7.800097972222241,0
F01,469,3.03025485,0,0,2.98235485,-0.00001015000000004207,0.016568694444444445,7.816666666666686,0
F01,470,3.03025485,0,0,2.99995485,-0.00004515000000004932,0.016666666666666666,7.833333333333353,0
F01,471,3.03025485,0,0,3.01765485,0.000019849999999710377,0.016764638888888888,7.850097972222241,0
F01,472,3.03025485,0,0,3.02855485,0.000024849999999965178,0.016825166666666665,7.866923138888908,0
F01,473,3.03025485,0,0,3.02855485,0.000024849999999965178,0.016825166666666665,7.883748305555575,0
F01,474,3.03025485,0,0,3.01765485,0.000019849999999710377,0.016764638888888888,7.900512944444464,0
F01,475,3.03025485,0,0,2.99995485,-0.00004515000000004932,0.016666666666666666,7.9171796111111306,0
F01,476,3.03025485,0,0,2.98235485,-0.00001015000000004207,0.016568694444444445,7.933748305555575,0
F01,477,3.03025485,0,0,2.9714548499999998,-0.00001515000000029687,0.016508166666666668,7.950256472222242,0
F01,478,3.03025485,0,0,2.9714548499999998,-0.00001515000000029687,0.016508166666666668,7.966764638888909,0
F01,479,3.03025485,0,0,2.98235485,-0.00001015000000004207,0.016568694444444445,7.983333333333354,0
F01,480,3.03025485,0,0,2.99995485,-0.00004515000000004932,0.016666666666666666,8.000000000000021,0
F01,481,3.03025485,0,0,3.0176548499999996,0.000019849999999266288,0.016764638888888888,8.01676463888891,0
F01,482,3.03025485,0,0,3.02855485,0.000024849999999965178,0.016825166666666665,8.033589805555577,0
F01,483,3.03025485,0,0,3.02855485,0.000024849999999965178,0.016825166666666665,8.050414972222244,0
F01,484,3.03025485,0,0,3.01765485,0.000019849999999710377,0.016764638888888888,8.067179611111133,0
F01,485,3.03025485,0,0,2.99995485,-0.00004515000000004932,0.016666666666666666,8.0838462777778,0
F01,486,3.03025485,0,0,2.98235485,-0.00001015000000004207,0.016568694444444445,8.100414972222245,0
F01,487,3.03025485,0,0,2.9714548499999998,-0.00001515000000029687,0.016508166666666668,8.116923138888911,0
F01,488,3.03025485,0,0,2.9714548499999998,-0.00001515000000029687,0.016508166666666668,8.133431305555577,0
F01,489,3.03025485,0,0,2.98235485,-0.00001015000000004207,0.016568694444444445,8.150000000000022,0
F01,490,3.03025485,0,0,2.99995485,-0.00004515000000004932,0.016666666666666666,8.16666666666669,0
F01,491,3.03025485,0,0,3.01765485,0.000019849999999710377,0.016764638888888888,8.183431305555578,0
F01,492,3.03025485,0,0,3.02855485,0.000024849999999965178,0.016825166666666665,8.200256472222245,0
F01,493,3.03025485,0,0,3.02855485,0.000024849999999965178,0.016825166666666665,8.217081638888912,0
F01,494,3.03025485,0,0,3.01765485,0.000019849999999710377,0.016764638888888888,8.2338462777778,0
F01,495,3.03025485,0,0,2.99995485,-0.00004515000000004932,0.016666666666666666,8.250512944444468,0
F01,496,3.03025485,0,0,2.98235485,-0.00001015000000004207,0.016568694444444445,8.267081638888913,0
F01,497,3.03025485,0,0,2.9714548499999998,-0.00001515000000029687,0.016508166666666668,8.283589805555579,0
F01,498,3.03025485,0,0,2.9714548499999998,-0.00001515000000029687,0.016508166666666668,8.300097972222245,0
F01,499,3.03025485,0,0,2.98235485,-0.00001015000000004207,0.016568694444444445,8.31666666666669,0
F01,500,3.03025485,0,0,2.99995485,-0.00004515000000004932,0.016666666666666666,8.333333333333357,0
F01,501,3.03025485,0,0,3.01765485,0.000019849999999710377,0.016764638888888888,8.350097972222246,0
F01,502,3.03025485,0,0,3.02855485,0.000024849999999965178,0.016825166666666665,8.366923138888913,0
F01,503,3.03025485,0,0,3.02855485,0.000024849999999965178,0.016825166666666665,8.38374830555558,0
F01,504,3.03025485,0,0,3.01765485,0.000019849999999710377,0.016764638888888888,8.400512944444468,0
F01,505,3.03025485,0,0,2.99995485,-0.00004515000000004932,0.016666666666666666,8.417179611111136,0
F01,506,3.03025485,0,0,2.98235485,-0.00001015000000004207,0.016568694444444445,8.43374830555558,0
F01,507,3.03025485,0,0,2.9714548499999998,-0.00001515000000029687,0.016508166666666668,8.450256472222247,0
F01,508,3.03025485,0,0,2.9714548499999998,-0.00001515000000029687,0.016508166666666668,8.466764638888913,0
F01,509,3.03025485,0,0,2.98235485,-0.00001015000000004207,0.016568694444444445,8.483333333333357,0
F01,510,3.03025485,0,0,2.99995485,-0.00004515000000004932,0.016666666666666666,8.500000000000025,0
F01,511,3.03025485,0,0,3.0176548499999996,0.000019849999999266288,0.016764638888888888,8.516764638888914,0
F01,512,3.03025485,0,0,3.02855485,0.000024849999999965178,0.016825166666666665,8.53358980555558,0
F01,513,3.03025485,0,0,3.02855485,0.000024849999999965178,0.016825166666666665,8.550414972222248,0
F01,514,3.03025485,0,0,3.01765485,0.000019849999999710377,0.016764638888888888,8.567179611111136,0
F01,515,3.03025485,0,0,2.99995485,-0.00004515000000004932,0.016666666666666666,8.583846277777804,0
F01,516,3.03025485,0,0,2.98235485,-0.00001015000000004207,0.016568694444444445,8.600414972222248,0
F01,517,3.03025485,0,0,2.9714548499999998,-0.00001515000000029687,0.016508166666666668,8.616923138888914,0
F01,518,3.03025485,0,0,2.9714548499999998,-0.00001515000000029687,0.016508166666666668,8.63343130555558,0
F01,519,3.03025485,0,0,2.98235485,-0.00001015000000004207,0.016568694444444445,8.650000000000025,0
F01,520,3.03025485,0,0,2.99995485,-0.00004515000000004932,0.016666666666666666,8.666666666666693,0
F01,521,3.03025485,0,0,3.01765485,0.000019849999999710377,0.016764638888888888,8.683431305555581,0
F01,522,3.03025485,0,0,3.02855485,0.000024849999999965178,0.016825166666666665,8.700256472222248,0
F01,523,3.03025485,0,0,3.02855485,0.000024849999999965178,0.016825166666666665,8.717081638888915,0
F01,524,3.03025485,0,0,3.01765485,0.000019849999999710377,0.016764638888888888,8.733846277777804,0
F01,525,3.03025485,0,0,2.99995485,-0.00004515000000004932,0.016666666666666666,8.750512944444472,0
F01,526,3.03025485,0,0,2.98235485,-0.00001015000000004207,0.016568694444444445,8.767081638888916,0
F01,527,3.03025485,0,0,2.9714548499999998,-0.00001515000000029687,0.016508166666666668,8.783589805555582,0
F01,528,3.03025485,0,0,2.9714548499999998,-0.00001515000000029687,0.016508166666666668,8.800097972222249,0
F01,529,3.03025485,0,0,2.98235485,-0.00001015000000004207,0.016568694444444445,8.816666666666693,0
F01,530,3.03025485,0,0,2.99995485,-0.00004515000000004932,0.016666666666666666,8.83333333333336,0
F01,531,3.03025485,0,0,3.01765485,0.000019849999999710377,0.016764638888888888,8.85009797222225,0
F01,532,3.03025485,0,0,3.02855485,0.000024849999999965178,0.016825166666666665,8.866923138888916,0
F01,533,3.03025485,0,0,3.02855485,0.000024849999999965178,0.016825166666666665,8.883748305555583,0
F01,534,3.03025485,0,0,3.01765485,0.000019849999999710377,0.016764638888888888,8.900512944444472,0
F01,535,3.03025485,0,0,2.99995485,-0.00004515000000004932,0.016666666666666666,8.91717961111114,0
F01,536,3.03025485,0,0,2.98235485,-0.00001015000000004207,0.016568694444444445,8.933748305555584,0
F01,537,3.03025485,0,0,2.9714548499999998,-0.00001515000000029687,0.016508166666666668,8.95025647222225,0
F01,538,3.03025485,0,0,2.9714548499999998,-0.00001515000000029687,0.016508166666666668,8.966764638888916,0
F01,539,3.03025485,0,0,2.98235485,-0.00001015000000004207,0.016568694444444445,8.983333333333361,0
F01,540,3.03025485,0,0,2.99995485,-0.00004515000000004932,0.016666666666666666,9.000000000000028,0
F01,541,3.03025485,0,0,3.01765485,0.000019849999999710377,0.016764638888888888,9.016764638888917,0
F01,542,3.03025485,0,0,3.02855485,0.000024849999999965178,0.016825166666666665,9.033589805555584,0
F01,543,3.03025485,0,0,3.02855485,0.000024849999999965178,0.016825166666666665,9.050414972222251,0
F01,544,3.03025485,0,0,3.01765485,0.000019849999999710377,0.016764638888888888,9.06717961111114,0
F01,545,3.03025485,0,0,2.99995485,-0.00004515000000004932,0.016666666666666666,9.083846277777807,0
F01,546,3.03025485,0,0,2.98235485,-0.00001015000000004207,0.016568694444444445,9.100414972222252,0
F01,547,3.03025485,0,0,2.9714548499999998,-0.00001515000000029687,0.016508166666666668,9.116923138888918,0
F01,548,3.03025485,0,0,2.9714548499999998,-0.00001515000000029687,0.016508166666666668,9.133431305555584,0
F01,549,3.03025485,0,0,2.98235485,-0.00001015000000004207,0.016568694444444445,9.150000000000029,0
F01,550,3.03025485,0,0,2.99995485,-0.00004515000000004932,0.016666666666666666,9.166666666666696,0
F01,551,3.03025485,0,0,3.01765485,0.000019849999999710377,0.016764638888888888,9.183431305555585,0
F01,552,3.03025485,0,0,3.02855485,0.000024849999999965178,0.016825166666666665,9.200256472222252,0
F01,553,3.03025485,0,0,3.02855485,0.000024849999999965178,0.016825166666666665,9.217081638888919,0
F01,554,3.03025485,0,0,3.01765485,0.000019849999999710377,0.016764638888888888,9.233846277777808,0
F01,555,3.03025485,0,0,2.99995485,-0.00004515000000004932,0.016666666666666666,9.250512944444475,0
F01,556,3.03025485,0,0,2.98235485,-0.00001015000000004207,0.016568694444444445,9.26708163888892,0
F01,557,3.03025485,0,0,2.97145485,-0.000015149999999852781,0.016508166666666668,9.283589805555586,0
F01,558,3.03025485,0,0,2.97145485,-0.000015149999999852781,0.016508166666666668,9.300097972222252,0
F01,559,3.03025485,0,0,2.98235485,-0.00001015000000004207,0.016568694444444445,9.316666666666697,0
F01,560,3.03025485,0,0,2.99995485,-0.00004515000000004932,0.016666666666666666,9.333333333333364,0
F01,561,3.03025485,0,0,3.01765485,0.000019849999999710377,0.016764638888888888,9.350097972222253,0
F01,562,3.03025485,0,0,3.02855485,0.000024849999999965178,0.016825166666666665,9.36692313888892,0
F01,563,3.03025485,0,0,3.02855485,0.000024849999999965178,0.016825166666666665,9.383748305555587,0
F01,564,3.03025485,0,0,3.01765485,0.000019849999999710377,0.016764638888888888,9.400512944444475,0
F01,565,3.03025485,0,0,2.99995485,-0.00004515000000004932,0.016666666666666666,9.417179611111143,0
F01,566,3.03025485,0,0,2.98235485,-0.00001015000000004207,0.016568694444444445,9.433748305555588,0
F01,567,3.03025485,0,0,2.9714548499999998,-0.00001515000000029687,0.016508166666666668,9.450256472222254,0
F01,568,3.03025485,0,0,2.9714548499999998,-0.00001515000000029687,0.016508166666666668,9.46676463888892,0
F01,569,3.03025485,0,0,2.98235485,-0.00001015000000004207,0.016568694444444445,9.483333333333364,0
F01,570,3.03025485,0,0,2.99995485,-0.00004515000000004932,0.016666666666666666,9.500000000000032,0
F01,571,3.03025485,0,0,3.01765485,0.000019849999999710377,0.016764638888888888,9.51676463888892,0
F01,572,3.03025485,0,0,3.02855485,0.000024849999999965178,0.016825166666666665,9.533589805555588,0
F01,573,3.03025485,0,0,3.02855485,0.000024849999999965178,0.016825166666666665,9.550414972222255,0
F01,574,3.03025485,0,0,3.01765485,0.000019849999999710377,0.016764638888888888,9.567179611111143,0
F01,575,3.03025485,0,0,2.99995485,-0.00004515000000004932,0.016666666666666666,9.58384627777781,0
F01,576,3.03025485,0,0,2.98235485,-0.00001015000000004207,0.016568694444444445,9.600414972222255,0
F01,577,3.03025485,0,0,2.9714548499999998,-0.00001515000000029687,0.016508166666666668,9.616923138888922,0
F01,578,3.03025485,0,0,2.9714548499999998,-0.00001515000000029687,0.016508166666666668,9.633431305555588,0
F01,579,3.03025485,0,0,2.98235485,-0.00001015000000004207,0.016568694444444445,9.650000000000032,0
F01,580,3.03025485,0,0,2.99995485,-0.00004515000000004932,0.016666666666666666,9.6666666666667,0
F01,581,3.03025485,0,0,3.0176548499999996,0.000019849999999266288,0.016764638888888888,9.683431305555589,0
F01,582,3.03025485,0,0,3.02855485,0.000024849999999965178,0.016825166666666665,9.700256472222256,0
F01,583,3.03025485,0,0,3.02855485,0.000024849999999965178,0.016825166666666665,9.717081638888923,0
F01,584,3.03025485,0,0,3.01765485,0.000019849999999710377,0.016764638888888888,9.733846277777811,0
F01,585,3.03025485,0,0,2.99995485,-0.00004515000000004932,0.016666666666666666,9.750512944444479,0
F01,586,3.03025485,0,0,2.98235485,-0.00001015000000004207,0.016568694444444445,9.767081638888923,0
F01,587,3.03025485,0,0,2.9714548499999998,-0.00001515000000029687,0.016508166666666668,9.78358980555559,0
F01,588,3.03025485,0,0,2.9714548499999998,-0.00001515000000029687,0.016508166666666668,9.800097972222256,0
F01,589,3.03025485,0,0,2.98235485,-0.00001015000000004207,0.016568694444444445,9.8166666666667,0
F01,590,3.03025485,0,0,2.99995485,-0.00004515000000004932,0.016666666666666666,9.833333333333368,0
F01,591,3.03025485,0,0,3.01765485,0.000019849999999710377,0.016764638888888888,9.850097972222256,0
F01,592,3.03025485,0,0,3.02855485,0.000024849999999965178,0.016825166666666665,9.866923138888923,0
F01,593,3.03025485,0,0,3.02855485,0.000024849999999965178,0.016825166666666665,9.88374830555559,0
F01,594,3.03025485,0,0,3.01765485,0.000019849999999710377,0.016764638888888888,9.900512944444479,0
F01,595,3.03025485,0,0,2.99995485,-0.00004515000000004932,0.016666666666666666,9.917179611111147,0
F01,596,3.03025485,0,0,2.98235485,-0.00001015000000004207,0.016568694444444445,9.933748305555591,0
F01,597,3.03025485,0,0,2.9714548499999998,-0.00001515000000029687,0.016508166666666668,9.950256472222257,0
F01,598,3.03025485,0,0,2.9714548499999998,-0.00001515000000029687,0.016508166666666668,9.966764638888923,0
F01,599,3.03025485,0,0,2.98235485,-0.00001015000000004207,0.016568694444444445,9.983333333333368,0
F01,600,3.03025485,0,0,2.99995485,-0.00004515000000004932,0.016666666666666666,10.000000000000036,0
F01,601,3.03025485,0,0,3.01765485,0.000019849999999710377,0.016764638888888888,10.016764638888924,0
F01,602,3.03025485,0,0,3.02855485,0.000024849999999965178,0.016825166666666665,10.033589805555591,0
F01,603,3.03025485,0,0,3.02855485,0.000024849999999965178,0.016825166666666665,10.050414972222258,0
F01,604,3.03025485,0,0,3.01765485,0.000019849999999710377,0.016764638888888888,10.067179611111147,0
F01,605,3.03025485,0,0,2.99995485,-0.00004515000000004932,0.016666666666666666,10.083846277777814,0
F01,606,3.03025485,0,0,2.98235485,-0.00001015000000004207,0.016568694444444445,10.100414972222259,0
F01,607,3.03025485,0,0,2.9714548499999998,-0.00001515000000029687,0.016508166666666668,10.116923138888925,0
F01,608,3.03025485,0,0,2.9714548499999998,-0.00001515000000029687,0.016508166666666668,10.133431305555591,0
F01,609,3.03025485,0,0,2.98235485,-0.00001015000000004207,0.016568694444444445,10.150000000000036,0
F01,610,3.03025485,0,0,2.99995485,-0.00004515000000004932,0.016666666666666666,10.166666666666703,0
F01,611,3.03025485,0,0,3.01765485,0.000019849999999710377,0.016764638888888888,10.183431305555592,0
F01,612,3.03025485,0,0,3.02855485,0.000024849999999965178,0.016825166666666665,10.200256472222259,0
F01,613,3.03025485,0,0,3.02855485,0.000024849999999965178,0.016825166666666665,10.217081638888926,0
F01,614,3.03025485,0,0,3.01765485,0.000019849999999710377,0.016764638888888888,10.233846277777815,0
F01,615,3.03025485,0,0,2.99995485,-0.00004515000000004932,0.016666666666666666,10.250512944444482,0
F01,616,3.03025485,0,0,2.98235485,-0.00001015000000004207,0.016568694444444445,10.267081638888927,0
F01,617,3.03025485,0,0,2.9714548499999998,-0.00001515000000029687,0.016508166666666668,10.283589805555593,0
F01,618,3.03025485,0,0,2.9714548499999998,-0.00001515000000029687,0.016508166666666668,10.30009797222226,0
F01,619,3.03025485,0,0,2.98235485,-0.00001015000000004207,0.016568694444444445,10.316666666666704,0
F01,620,3.03025485,0,0,2.99995485,-0.00004515000000004932,0.016666666666666666,10.333333333333371,0
F01,621,3.03025485,0,0,3.01765485,0.000019849999999710377,0.016764638888888888,10.35009797222226,0
F01,622,3.03025485,0,0,3.02855485,0.000024849999999965178,0.016825166666666665,10.366923138888927,0
F01,623,3.03025485,0,0,3.02855485,0.000024849999999965178,0.016825166666666665,10.383748305555594,0
F01,624,3.03025485,0,0,3.01765485,0.000019849999999710377,0.016764638888888888,10.400512944444483,0
F01,625,3.03025485,0,0,2.99995485,-0.00004515000000004932,0.016666666666666666,10.41717961111115,0
F01,626,3.03025485,0,0,2.98235485,-0.00001015000000004207,0.016568694444444445,10.433748305555595,0
F01,627,3.03025485,0,0,2.9714548499999998,-0.00001515000000029687,0.016508166666666668,10.45025647222226,0
F01,628,3.03025485,0,0,2.9714548499999998,-0.00001515000000029687,0.016508166666666668,10.466764638888927,0
F01,629,3.03025485,0,0,2.98235485,-0.00001015000000004207,0.016568694444444445,10.483333333333372,0
F01,630,3.03025485,0,0,2.99995485,-0.00004515000000004932,0.016666666666666666,10.500000000000039,0
F01,631,3.03025485,0,0,3.01765485,0.000019849999999710377,0.016764638888888888,10.516764638888928,0
F01,632,3.03025485,0,0,3.02855485,0.000024849999999965178,0.016825166666666665,10.533589805555595,0
F01,633,3.03025485,0,0,3.02855485,0.000024849999999965178,0.016825166666666665,10.550414972222262,0
F01,634,3.03025485,0,0,3.01765485,0.000019849999999710377,0.016764638888888888,10.56717961111115,0
F01,635,3.03025485,0,0,2.99995485,-0.00004515000000004932,0.016666666666666666,10.583846277777818,0
F01,636,3.03025485,0,0,2.98235485,-0.00001015000000004207,0.016568694444444445,10.600414972222262,0
F01,637,3.03025485,0,0,2.9714548499999998,-0.00001515000000029687,0.016508166666666668,10.616923138888929,0
F01,638,3.03025485,0,0,2.9714548499999998,-0.00001515000000029687,0.016508166666666668,10.633431305555595,0
F01,639,3.03025485,0,0,2.98235485,-0.00001015000000004207,0.016568694444444445,10.65000000000004,0
F01,640,3.03025485,0,0,2.99995485,-0.00004515000000004932,0.016666666666666666,10.666666666666707,0
F01,641,3.03025485,0,0,3.01765485,0.000019849999999710377,0.016764638888888888,10.683431305555596,0
F01,642,3.03025485,0,0,3.02855485,0.000024849999999965178,0.016825166666666665,10.700256472222263,0
F01,643,3.03025485,0,0,3.02855485,0.000024849999999965178,0.016825166666666665,10.71708163888893,0
F01,644,3.03025485,0,0,3.01765485,0.000019849999999710377,0.016764638888888888,10.733846277777818,0
F01,645,3.03025485,0,0,2.99995485,-0.00004515000000004932,0.016666666666666666,10.750512944444486,0
F01,646,3.03025485,0,0,2.98235485,-0.00001015000000004207,0.016568694444444445,10.76708163888893,0
F01,647,3.03025485,0,0,2.9714548499999998,-0.00001515000000029687,0.016508166666666668,10.783589805555597,0
F01,648,3.03025485,0,0,2.9714548499999998,-0.00001515000000029687,0.016508166666666668,10.800097972222263,0
F01,649,3.03025485,0,0,2.98235485,-0.00001015000000004207,0.016568694444444445,10.816666666666707,0
F01,650,3.03025485,0,0,2.99995485,-0.00004515000000004932,0.016666666666666666,10.833333333333375,0
F01,651,3.03025485,0,0,3.01765485,0.000019849999999710377,0.016764638888888888,10.850097972222263,0
F01,652,3.03025485,0,0,3.02855485,0.000024849999999965178,0.016825166666666665,10.86692313888893,0
F01,653,3.03025485,0,0,3.02855485,0.000024849999999965178,0.016825166666666665,10.883748305555597,0
F01,654,3.03025485,0,0,3.01765485,0.000019849999999710377,0.016764638888888888,10.900512944444486,0
F01,655,3.03025485,0,0,2.99995485,-0.00004515000000004932,0.016666666666666666,10.917179611111154,0
F01,656,3.03025485,0,0,2.98235485,-0.00001015000000004207,0.016568694444444445,10.933748305555598,0
F01,657,3.03025485,0,0,2.9714548499999998,-0.00001515000000029687,0.016508166666666668,10.950256472222264,0
F01,658,3.03025485,0,0,2.9714548499999998,-0.00001515000000029687,0.016508166666666668,10.96676463888893,0
F01,659,3.03025485,0,0,2.98235485,-0.00001015000000004207,0.016568694444444445,10.983333333333375,0
F01,660,3.03025485,0,0,2.99995485,-0.00004515000000004932,0.016666666666666666,11.000000000000043,0
F01,661,3.03025485,0,0,3.01765485,0.000019849999999710377,0.016764638888888888,11.016764638888931,0
F01,662,3.03025485,0,0,3.02855485,0.000024849999999965178,0.016825166666666665,11.033589805555598,0
F01,663,3.03025485,0,0,3.02855485,0.000024849999999965178,0.016825166666666665,11.050414972222265,0
F01,664,3.03025485,0,0,3.01765485,0.000019849999999710377,0.016764638888888888,11.067179611111154,0
F01,665,3.03025485,0,0,2.99995485,-0.00004515000000004932,0.016666666666666666,11.083846277777821,0
F01,666,3.03025485,0,0,2.98235485,-0.00001015000000004207,0.016568694444444445,11.100414972222266,0
F01,667,3.03025485,0,0,2.9714548499999998,-0.00001515000000029687,0.016508166666666668,11.116923138888932,0
F01,668,3.03025485,0,0,2.9714548499999998,-0.00001515000000029687,0.016508166666666668,11.133431305555598,0
F01,669,3.03025485,0,0,2.98235485,-0.00001015000000004207,0.016568694444444445,11.150000000000043,0
F01,670,3.03025485,0,0,2.99995485,-0.00004515000000004932,0.016666666666666666,11.16666666666671,0
F01,671,3.03025485,0,0,3.01765485,0.000019849999999710377,0.016764638888888888,11.1834313055556,0
F01,672,3.03025485,0,0,3.02855485,0.000024849999999965178,0.016825166666666665,11.200256472222266,0
F01,673,3.03025485,0,0,3.02855485,0.000024849999999965178,0.016825166666666665,11.217081638888933,0
F01,674,3.03025485,0,0,3.01765485,0.000019849999999710377,0.016764638888888888,11.233846277777822,0
F01,675,3.03025485,0,0,2.99995485,-0.00004515000000004932,0.016666666666666666,11.25051294444449,0
F01,676,3.03025485,0,0,2.98235485,-0.00001015000000004207,0.016568694444444445,11.267081638888934,0
F01,677,3.03025485,0,0,2.9714548499999998,-0.00001515000000029687,0.016508166666666668,11.2835898055556,0
F01,678,3.03025485,0,0,2.9714548499999998,-0.00001515000000029687,0.016508166666666668,11.300097972222266,0
F01,679,3.03025485,0,0,2.98235485,-0.00001015000000004207,0.016568694444444445,11.31666666666671,0
F01,680,3.03025485,0,0,2.99995485,-0.00004515000000004932,0.016666666666666666,11.333333333333378,0
F01,681,3.03025485,0,0,3.01765485,0.000019849999999710377,0.016764638888888888,11.350097972222267,0
F01,682,3.03025485,0,0,3.02855485,0.000024849999999965178,0.016825166666666665,11.366923138888934,0
F01,683,3.03025485,0,0,3.02855485,0.000024849999999965178,0.016825166666666665,11.383748305555601,0
F01,684,3.03025485,0,0,3.0176548499999996,0.000019849999999266288,0.016764638888888888,11.40051294444449,0
F01,685,3.03025485,0,0,2.99995485,-0.00004515000000004932,0.016666666666666666,11.417179611111157,0
F01,686,3.03025485,0,0,2.98235485,-0.00001015000000004207,0.016568694444444445,11.433748305555602,0
F01,687,3.03025485,0,0,2.9714548499999998,-0.00001515000000029687,0.016508166666666668,11.450256472222268,0
F01,688,3.03025485,0,0,2.9714548499999998,-0.00001515000000029687,0.016508166666666668,11.466764638888934,0
F01,689,3.03025485,0,0,2.98235485,-0.00001015000000004207,0.016568694444444445,11.483333333333379,0
F01,690,3.03025485,0,0,2.99995485,-0.00004515000000004932,0.016666666666666666,11.500000000000046,0
F01,691,3.03025485,0,0,3.01765485,0.000019849999999710377,0.016764638888888888,11.516764638888935,0
F01,692,3.03025485,0,0,3.02855485,0.000024849999999965178,0.016825166666666665,11.533589805555602,0
F01,693,3.03025485,0,0,3.02855485,0.000024849999999965178,0.016825166666666665,11.550414972222269,0
F01,694,3.03025485,0,0,3.01765485,0.000019849999999710377,0.016764638888888888,11.567179611111158,0
F01,695,3.03025485,0,0,2.99995485,-0.00004515000000004932,0.016666666666666666,11.583846277777825,0
F01,696,3.03025485,0,0,2.98235485,-0.00001015000000004207,0.016568694444444445,11.60041497222227,0
F01,697,3.03025485,0,0,2.9714548499999998,-0.00001515000000029687,0.016508166666666668,11.616923138888936,0
F01,698,3.03025485,0,0,2.9714548499999998,-0.00001515000000029687,0.016508166666666668,11.633431305555602,0
F01,699,3.03025485,0,0,2.98235485,-0.00001015000000004207,0.016568694444444445,11.650000000000047,0
F01,700,3.03025485,0,0,2.99995485,-0.00004515000000004932,0.016666666666666666,11.666666666666714,0
F01,701,3.03025485,0,0,3.01765485,0.000019849999999710377,0.016764638888888888,11.683431305555603,0
F01,702,3.03025485,0,0,3.02855485,0.000024849999999965178,0.016825166666666665,11.70025647222227,0
F01,703,3.03025485,0,0,3.02855485,0.000024849999999965178,0.016825166666666665,11.717081638888937,0
F01,704,3.03025485,0,0,3.01765485,0.000019849999999710377,0.016764638888888888,11.733846277777825,0
F01,705,3.03025485,0,0,2.99995485,-0.00004515000000004932,0.016666666666666666,11.750512944444493,0
F01,706,3.03025485,0,0,2.98235485,-0.00001015000000004207,0.016568694444444445,11.767081638888937,0
F01,707,3.03025485,0,0,2.9714548499999998,-0.00001515000000029687,0.016508166666666668,11.783589805555604,0
F01,708,3.03025485,0,0,2.9714548499999998,-0.00001515000000029687,0.016508166666666668,11.80009797222227,0
F01,709,3.03025485,0,0,2.98235485,-0.00001015000000004207,0.016568694444444445,11.816666666666714,0
F01,710,3.03025485,0,0,2.99995485,-0.00004515000000004932,0.016666666666666666,11.833333333333382,0
F01,711,3.03025485,0,0,3.0176548499999996,0.000019849999999266288,0.016764638888888888,11.85009797222227,0
F01,712,3.03025485,0,0,3.02855485,0.000024849999999965178,0.016825166666666665,11.866923138888938,0
F01,713,3.03025485,0,0,3.02855485,0.000024849999999965178,0.016825166666666665,11.883748305555605,0
F01,714,3.03025485,0,0,3.01765485,0.000019849999999710377,0.016764638888888888,11.900512944444493,0
F01,715,3.03025485,0,0,2.99995485,-0.00004515000000004932,0.016666666666666666,11.91717961111116,0
F01,716,3.03025485,0,0,2.98235485,-0.00001015000000004207,0.016568694444444445,11.933748305555605,0
F01,717,3.03025485,0,0,2.9714548499999998,-0.00001515000000029687,0.016508166666666668,11.950256472222271,0
F01,718,3.03025485,0,0,2.9714548499999998,-0.00001515000000029687,0.016508166666666668,11.966764638888938,0
F01,719,3.03025485,0,0,2.98235485,-0.00001015000000004207,0.016568694444444445,11.983333333333382,0
F01,720,3.03025485,0,0,2.99995485,-0.00004515000000004932,0.016666666666666666,12.00000000000005,0
F01,721,3.03025485,0,0,3.01765485,0.000019849999999710377,0.016764638888888888,12.016764638888938,0
F01,722,3.03025485,0,0,3.02855485,0.000024849999999965178,0.016825166666666665,12.033589805555605,0
F01,723,3.03025485,0,0,3.02855485,0.000024849999999965178,0.016825166666666665,12.050414972222272,0
F01,724,3.03025485,0,0,3.01765485,0.000019849999999710377,0.016764638888888888,12.067179611111161,0
F01,725,3.03025485,0,0,2.99995485,-0.00004515000000004932,0.016666666666666666,12.083846277777829,0
F01,726,3.03025485,0,0,2.98235485,-0.00001015000000004207,0.016568694444444445,12.100414972222273,0
F01,727,3.03025485,0,0,2.9714548499999998,-0.00001515000000029687,0.016508166666666668,12.11692313888894,0
F01,728,3.03025485,0,0,2.9714548499999998,-0.00001515000000029687,0.016508166666666668,12.133431305555606,0
F01,729,3.03025485,0,0,2.98235485,-0.00001015000000004207,0.016568694444444445,12.15000000000005,0
F01,730,3.03025485,0,0,2.99995485,-0.00004515000000004932,0.016666666666666666,12.166666666666718,0
F01,731,3.03025485,0,0,3.01765485,0.000019849999999710377,0.016764638888888888,12.183431305555606,0
F01,732,3.03025485,0,0,3.02855485,0.000024849999999965178,0.016825166666666665,12.200256472222273,0
F01,733,3.03025485,0,0,3.02855485,0.000024849999999965178,0.016825166666666665,12.21708163888894,0
F01,734,3.03025485,0,0,3.0176548499999996,0.000019849999999266288,0.016764638888888888,12.233846277777829,0
F01,735,3.03025485,0,0,2.99995485,-0.00004515000000004932,0.016666666666666666,12.250512944444496,0
F01,736,3.03025485,0,0,2.98235485,-0.00001015000000004207,0.016568694444444445,12.267081638888941,0
F01,737,3.03025485,0,0,2.9714548499999998,-0.00001515000000029687,0.016508166666666668,12.283589805555607,0
F01,738,3.03025485,0,0,2.97145485,-0.000015149999999852781,0.016508166666666668,12.300097972222273,0
F01,739,3.03025485,0,0,2.98235485,-0.00001015000000004207,0.016568694444444445,12.316666666666718,0
F01,740,3.03025485,0,0,2.99995485,-0.00004515000000004932,0.016666666666666666,12.333333333333385,0
F01,741,3.03025485,0,0,3.01765485,0.000019849999999710377,0.016764638888888888,12.350097972222274,0
F01,742,3.03025485,0,0,3.02855485,0.000024849999999965178,0.016825166666666665,12.366923138888941,0
F01,743,3.03025485,0,0,3.02855485,0.000024849999999965178,0.016825166666666665,12.383748305555608,0
F01,744,3.03025485,0,0,3.01765485,0.000019849999999710377,0.016764638888888888,12.400512944444497,0
F01,745,3.03025485,0,0,2.99995485,-0.00004515000000004932,0.016666666666666666,12.417179611111164,0
F01,746,3.03025485,0,0,2.98235485,-0.00001015000000004207,0.016568694444444445,12.433748305555609,0
F01,747,3.03025485,0,0,2.9714548499999998,-0.00001515000000029687,0.016508166666666668,12.450256472222275,0
F01,748,3.03025485,0,0,2.9714548499999998,-0.00001515000000029687,0.016508166666666668,12.466764638888941,0
F01,749,3.03025485,0,0,2.98235485,-0.00001015000000004207,0.016568694444444445,12.483333333333386,0
F01,750,3.03025485,0,0,2.99995485,-0.00004515000000004932,0.016666666666666666,12.500000000000053,0
F01,751,3.03025485,0,0,3.01765485,0.000019849999999710377,0.016764638888888888,12.516764638888942,0
F01,752,3.03025485,0,0,3.02855485,0.000024849999999965178,0.016825166666666665,12.533589805555609,0
F01,753,3.03025485,0,0,3.02855485,0.000024849999999965178,0.016825166666666665,12.550414972222276,0
F01,754,3.03025485,0,0,3.01765485,0.000019849999999710377,0.016764638888888888,12.567179611111165,0
F01,755,3.03025485,0,0,2.99995485,-0.00004515000000004932,0.016666666666666666,12.583846277777832,0
F01,756,3.03025485,0,0,2.98235485,-0.00001015000000004207,0.016568694444444445,12.600414972222277,0
F01,757,3.03025485,0,0,2.9714548499999998,-0.00001515000000029687,0.016508166666666668,12.616923138888943,0
F01,758,3.03025485,0,0,2.9714548499999998,-0.00001515000000029687,0.016508166666666668,12.63343130555561,0
F01,759,3.03025485,0,0,2.98235485,-0.00001015000000004207,0.016568694444444445,12.650000000000054,0
F01,760,3.03025485,0,0,2.99995485,-0.00004515000000004932,0.016666666666666666,12.666666666666721,0
F01,761,3.03025485,0,0,3.01765485,0.000019849999999710377,0.016764638888888888,12.68343130555561,0
F01,762,3.03025485,0,0,3.02855485,0.000024849999999965178,0.016825166666666665,12.700256472222277,0
F01,763,3.03025485,0,0,3.02855485,0.000024849999999965178,0.016825166666666665,12.717081638888944,0
F01,764,3.03025485,0,0,3.01765485,0.000019849999999710377,0.016764638888888888,12.733846277777833,0
F01,765,3.03025485,0,0,2.99995485,-0.00004515000000004932,0.016666666666666666,12.7505129444445,0
F01,766,3.03025485,0,0,2.98235485,-0.00001015000000004207,0.016568694444444445,12.767081638888945,0
F01,767,3.03025485,0,0,2.9714548499999998,-0.00001515000000029687,0.016508166666666668,12.78358980555561,0
F01,768,3.03025485,0,0,2.9714548499999998,-0.00001515000000029687,0.016508166666666668,12.800097972222277,0
F01,769,3.03025485,0,0,2.98235485,-0.00001015000000004207,0.016568694444444445,12.816666666666721,0
F01,770,3.03025485,0,0,2.99995485,-0.00004515000000004932,0.016666666666666666,12.833333333333389,0
F01,771,3.03025485,0,0,3.01765485,0.000019849999999710377,0.016764638888888888,12.850097972222278,0
F01,772,3.03025485,0,0,3.02855485,0.000024849999999965178,0.016825166666666665,12.866923138888945,0
F01,773,3.03025485,0,0,3.02855485,0.000024849999999965178,0.016825166666666665,12.883748305555612,0
F01,774,3.03025485,0,0,3.01765485,0.000019849999999710377,0.016764638888888888,12.9005129444445,0
F01,775,3.03025485,0,0,2.99995485,-0.00004515000000004932,0.016666666666666666,12.917179611111168,0
F01,776,3.03025485,0,0,2.98235485,-0.00001015000000004207,0.016568694444444445,12.933748305555612,0
F01,777,3.03025485,0,0,2.9714548499999998,-0.00001515000000029687,0.016508166666666668,12.950256472222279,0
F01,778,3.03025485,0,0,2.9714548499999998,-0.00001515000000029687,0.016508166666666668,12.966764638888945,0
F01,779,3.03025485,0,0,2.98235485,-0.00001015000000004207,0.016568694444444445,12.98333333333339,0
F01,780,3.03025485,0,0,2.99995485,-0.00004515000000004932,0.016666666666666666,13.000000000000057,0
F01,781,3.03025485,0,0,3.01765485,0.000019849999999710377,0.016764638888888888,13.016764638888946,0
F01,782,3.03025485,0,0,3.02855485,0.000024849999999965178,0.016825166666666665,13.033589805555613,0
F01,783,3.03025485,0,0,3.02855485,0.000024849999999965178,0.016825166666666665,13.05041497222228,0
F01,784,3.03025485,0,0,3.01765485,0.000019849999999710377,0.016764638888888888,13.067179611111168,0
F01,785,3.03025485,0,0,2.99995485,-0.00004515000000004932,0.016666666666666666,13.083846277777836,0
F01,786,3.03025485,0,0,2.98235485,-0.00001015000000004207,0.016568694444444445,13.10041497222228,0
F01,787,3.03025485,0,0,2.9714548499999998,-0.00001515000000029687,0.016508166666666668,13.116923138888946,0
F01,788,3.03025485,0,0,2.9714548499999998,-0.00001515000000029687,0.016508166666666668,13.133431305555613,0
F01,789,3.03025485,0,0,2.98235485,-0.00001015000000004207,0.016568694444444445,13.150000000000057,0
F01,790,3.03025485,0,0,2.99995485,-0.00004515000000004932,0.016666666666666666,13.166666666666725,0
F01,791,3.03025485,0,0,3.01765485,0.000019849999999710377,0.016764638888888888,13.183431305555613,0
F01,792,3.03025485,0,0,3.02855485,0.000024849999999965178,0.016825166666666665,13.20025647222228,0
F01,793,3.03025485,0,0,3.02855485,0.000024849999999965178,0.016825166666666665,13.217081638888947,0
F01,794,3.03025485,0,0,3.01765485,0.000019849999999710377,0.016764638888888888,13.233846277777836,0
F01,795,3.03025485,0,0,2.99995485,-0.00004515000000004932,0.016666666666666666,13.250512944444504,0
F01,796,3.03025485,0,0,2.98235485,-0.00001015000000004207,0.016568694444444445,13.267081638888948,0
F01,797,3.03025485,0,0,2.9714548499999998,-0.00001515000000029687,0.016508166666666668,13.283589805555614,0
F01,798,3.03025485,0,0,2.9714548499999998,-0.00001515000000029687,0.016508166666666668,13.30009797222228,0
F01,799,3.03025485,0,0,2.98235485,-0.00001015000000004207,0.016568694444444445,13.316666666666725,0
F01,800,3.03025485,0,0,2.99995485,-0.00004515000000004932,0.016666666666666666,13.333333333333393,0
F01,801,3.03025485,0,0,3.01765485,0.000019849999999710377,0.016764638888888888,13.350097972222281,0
F01,802,3.03025485,0,0,3.02855485,0.000024849999999965178,0.016825166666666665,13.366923138888948,0
F01,803,3.03025485,0,0,3.02855485,0.000024849999999965178,0.016825166666666665,13.383748305555615,0
F01,804,3.03025485,0,0,3.01765485,0.000019849999999710377,0.016764638888888888,13.400512944444504,0
F01,805,3.03025485,0,0,2.99995485,-0.00004515000000004932,0.016666666666666666,13.417179611111171,0
F01,806,3.03025485,0,0,2.98235485,-0.00001015000000004207,0.016568694444444445,13.433748305555616,0
F01,807,3.03025485,0,0,2.9714548499999998,-0.00001515000000029687,0.016508166666666668,13.450256472222282,0
F01,808,3.03025485,0,0,2.9714548499999998,-0.00001515000000029687,0.016508166666666668,13.466764638888948,0
F01,809,3.03025485,0,0,2.98235485,-0.00001015000000004207,0.016568694444444445,13.483333333333393,0
F01,810,3.03025485,0,0,2.99995485,-0.00004515000000004932,0.016666666666666666,13.50000000000006,0
F01,811,3.03025485,0,0,3.01765485,0.000019849999999710377,0.016764638888888888,13.516764638888949,0
F01,812,3.03025485,0,0,3.02855485,0.000024849999999965178,0.016825166666666665,13.533589805555616,0
F01,813,3.03025485,0,0,3.02855485,0.000024849999999965178,0.016825166666666665,13.550414972222283,0
F01,814,3.03025485,0,0,3.01765485,0.000019849999999710377,0.016764638888888888,13.567179611111172,0
F01,815,3.03025485,0,0,2.99995485,-0.00004515000000004932,0.016666666666666666,13.58384627777784,0
F01,816,3.03025485,0,0,2.98235485,-0.00001015000000004207,0.016568694444444445,13.600414972222284,0
F01,817,3.03025485,0,0,2.9714548499999998,-0.00001515000000029687,0.016508166666666668,13.61692313888895,0
F01,818,3.03025485,0,0,2.9714548499999998,-0.00001515000000029687,0.016508166666666668,13.633431305555616,0
F01,819,3.03025485,0,0,2.98235485,-0.00001015000000004207,0.016568694444444445,13.65000000000006,0
F01,820,3.03025485,0,0,2.99995485,-0.00004515000000004932,0.016666666666666666,13.666666666666728,0
F01,821,3.03025485,0,0,3.01765485,0.000019849999999710377,0.016764638888888888,13.683431305555617,0
F01,822,3.03025485,0,0,3.02855485,0.000024849999999965178,0.016825166666666665,13.700256472222284,0
F01,823,3.03025485,0,0,3.02855485,0.000024849999999965178,0.016825166666666665,13.717081638888951,0
F01,824,3.03025485,0,0,3.01765485,0.000019849999999710377,0.016764638888888888,13.73384627777784,0
F01,825,3.03025485,0,0,2.99995485,-0.00004515000000004932,0.016666666666666666,13.750512944444507,0
F01,826,3.03025485,0,0,2.98235485,-0.00001015000000004207,0.016568694444444445,13.767081638888952,0
F01,827,3.03025485,0,0,2.9714548499999998,-0.00001515000000029687,0.016508166666666668,13.783589805555618,0
F01,828,3.03025485,0,0,2.9714548499999998,-0.00001515000000029687,0.016508166666666668,13.800097972222284,0
F01,829,3.03025485,0,0,2.98235485,-0.00001015000000004207,0.016568694444444445,13.816666666666729,0
F01,830,3.03025485,0,0,2.99995485,-0.00004515000000004932,0.016666666666666666,13.833333333333396,0
F01,831,3.03025485,0,0,3.01765485,0.000019849999999710377,0.016764638888888888,13.850097972222285,0
F01,832,3.03025485,0,0,3.02855485,0.000024849999999965178,0.016825166666666665,13.866923138888952,0
F01,833,3.03025485,0,0,3.02855485,0.000024849999999965178,0.016825166666666665,13.883748305555619,0
F01,834,3.03025485,0,0,3.01765485,0.000019849999999710377,0.016764638888888888,13.900512944444507,0
F01,835,3.03025485,0,0,2.99995485,-0.00004515000000004932,0.016666666666666666,13.917179611111175,0
F01,836,3.03025485,0,0,2.98235485,-0.00001015000000004207,0.016568694444444445,13.93374830555562,0
F01,837,3.03025485,0,0,2.9714548499999998,-0.00001515000000029687,0.016508166666666668,13.950256472222286,0
F01,838,3.03025485,0,0,2.9714548499999998,-0.00001515000000029687,0.016508166666666668,13.966764638888952,0
F01,839,3.03025485,0,0,2.98235485,-0.00001015000000004207,0.016568694444444445,13.983333333333396,0
F01,840,3.03025485,0,0,2.99995485,-0.00004515000000004932,0.016666666666666666,14.000000000000064,0
F01,841,3.03025485,0,0,3.01765485,0.000019849999999710377,0.016764638888888888,14.016764638888953,0
F01,842,3.03025485,0,0,3.02855485,0.000024849999999965178,0.016825166666666665,14.03358980555562,0
F01,843,3.03025485,0,0,3.02855485,0.000024849999999965178,0.016825166666666665,14.050414972222287,0
F01,844,3.03025485,0,0,3.01765485,0.000019849999999710377,0.016764638888888888,14.067179611111175,0
F01,845,3.03025485,0,0,2.99995485,-0.00004515000000004932,0.016666666666666666,14.083846277777843,0
F01,846,3.03025485,0,0,2.98235485,-0.00001015000000004207,0.016568694444444445,14.100414972222287,0
F01,847,3.03025485,0,0,2.9714548499999998,-0.00001515000000029687,0.016508166666666668,14.116923138888954,0
F01,848,3.03025485,0,0,2.9714548499999998,-0.00001515000000029687,0.016508166666666668,14.13343130555562,0
F01,849,3.03025485,0,0,2.98235485,-0.00001015000000004207,0.016568694444444445,14.150000000000064,0
F01,850,3.03025485,0,0,2.99995485,-0.00004515000000004932,0.016666666666666666,14.166666666666732,0
F01,851,3.03025485,0,0,3.01765485,0.000019849999999710377,0.016764638888888888,14.18343130555562,0
F01,852,3.03025485,0,0,3.02855485,0.000024849999999965178,0.016825166666666665,14.200256472222287,0
F01,853,3.03025485,0,0,3.02855485,0.000024849999999965178,0.016825166666666665,14.217081638888954,0
F01,854,3.03025485,0,0,3.01765485,0.000019849999999710377,0.016764638888888888,14.233846277777843,0
F01,855,3.03025485,0,0,2.99995485,-0.00004515000000004932,0.016666666666666666,14.25051294444451,0
F01,856,3.03025485,0,0,2.98235485,-0.00001015000000004207,0.016568694444444445,14.267081638888955,0
F01,857,3.03025485,0,0,2.9714548499999998,-0.00001515000000029687,0.016508166666666668,14.283589805555621,0
F01,858,3.03025485,0,0,2.9714548499999998,-0.00001515000000029687,0.016508166666666668,14.300097972222288,0
F01,859,3.03025485,0,0,2.98235485,-0.00001015000000004207,0.016568694444444445,14.316666666666732,0
F01,860,3.03025485,0,0,2.99995485,-0.00004515000000004932,0.016666666666666666,14.3333333333334,0
F01,861,3.03025485,0,0,3.01765485,0.000019849999999710377,0.016764638888888888,14.350097972222288,0
F01,862,3.03025485,0,0,3.02855485,0.000024849999999965178,0.016825166666666665,14.366923138888955,0
F01,863,3.03025485,0,0,3.02855485,0.000024849999999965178,0.016825166666666665,14.383748305555622,0
F01,864,3.03025485,0,0,3.01765485,0.000019849999999710377,0.016764638888888888,14.400512944444511,0
F01,865,3.03025485,0,0,2.99995485,-0.00004515000000004932,0.016666666666666666,14.417179611111179,0
F01,866,3.03025485,0,0,2.98235485,-0.00001015000000004207,0.016568694444444445,14.433748305555623,0
F01,867,3.03025485,0,0,2.9714548499999998,-0.00001515000000029687,0.016508166666666668,14.45025647222229,0
F01,868,3.03025485,0,0,2.9714548499999998,-0.00001515000000029687,0.016508166666666668,14.466764638888955,0
F01,869,3.03025485,0,0,2.98235485,-0.00001015000000004207,0.016568694444444445,14.4833333333334,0
F01,870,3.03025485,0,0,2.99995485,-0.00004515000000004932,0.016666666666666666,14.500000000000068,0
F01,871,3.03025485,0,0,3.01765485,0.000019849999999710377,0.016764638888888888,14.516764638888956,0
F01,872,3.03025485,0,0,3.02855485,0.000024849999999965178,0.016825166666666665,14.533589805555623,0
F01,873,3.03025485,0,0,3.02855485,0.000024849999999965178,0.016825166666666665,14.55041497222229,0
F01,874,3.03025485,0,0,3.01765485,0.000019849999999710377,0.016764638888888888,14.567179611111179,0
F01,875,3.03025485,0,0,2.99995485,-0.00004515000000004932,0.016666666666666666,14.583846277777846,0
F01,876,3.03025485,0,0,2.98235485,-0.00001015000000004207,0.016568694444444445,14.600414972222291,0
F01,877,3.03025485,0,0,2.9714548499999998,-0.00001515000000029687,0.016508166666666668,14.616923138888957,0
F01,878,3.03025485,0,0,2.9714548499999998,-0.00001515000000029687,0.016508166666666668,14.633431305555623,0
F01,879,3.03025485,0,0,2.98235485,-0.00001015000000004207,0.016568694444444445,14.650000000000068,0
F01,880,3.03025485,0,0,2.99995485,-0.00004515000000004932,0.016666666666666666,14.666666666666735,0
F01,881,3.03025485,0,0,3.01765485,0.000019849999999710377,0.016764638888888888,14.683431305555624,0
F01,882,3.03025485,0,0,3.02855485,0.000024849999999965178,0.016825166666666665,14.700256472222291,0
F01,883,3.03025485,0,0,3.02855485,0.000024849999999965178,0.016825166666666665,14.717081638888958,0
F01,884,3.03025485,0,0,3.01765485,0.000019849999999710377,0.016764638888888888,14.733846277777847,0
F01,885,3.03025485,0,0,2.99995485,-0.00004515000000004932,0.016666666666666666,14.750512944444514,0
F01,886,3.03025485,0,0,2.98235485,-0.00001015000000004207,0.016568694444444445,14.767081638888959,0
F01,887,3.03025485,0,0,2.9714548499999998,-0.00001515000000029687,0.016508166666666668,14.783589805555625,0
F01,888,3.03025485,0,0,2.9714548499999998,-0.00001515000000029687,0.016508166666666668,14.800097972222291,0
F01,889,3.03025485,0,0,2.98235485,-0.00001015000000004207,0.016568694444444445,14.816666666666736,0
F01,890,3.03025485,0,0,2.99995485,-0.00004515000000004932,0.016666666666666666,14.833333333333403,0
F01,891,3.03025485,0,0,3.01765485,0.000019849999999710377,0.016764638888888888,14.850097972222292,0
F01,892,3.03025485,0,0,3.02855485,0.000024849999999965178,0.016825166666666665,14.866923138888959,0
F01,893,3.03025485,0,0,3.02855485,0.000024849999999965178,0.016825166666666665,14.883748305555626,0
F01,894,3.03025485,0,0,3.01765485,0.000019849999999710377,0.016764638888888888,14.900512944444515,0
F01,895,3.03025485,0,0,2.99995485,-0.00004515000000004932,0.016666666666666666,14.917179611111182,0
F01,896,3.03025485,0,0,2.98235485,-0.00001015000000004207,0.016568694444444445,14.933748305555627,0
F01,897,3.03025485,0,0,2.9714548499999998,-0.00001515000000029687,0.016508166666666668,14.950256472222293,0
F01,898,3.03025485,0,0,2.9714548499999998,-0.00001515000000029687,0.016508166666666668,14.966764638888959,0
F01,899,3.03025485,0,0,2.98235485,-0.00001015000000004207,0.016568694444444445,14.983333333333404,0
F01,900,3.03025485,0,0,2.99995485,-0.00004515000000004932,0.016666666666666666,15.000000000000071,0
F01,901,3.03025485,0,0,3.01765485,0.000019849999999710377,0.016764638888888888,15.01676463888896,0
F01,902,3.03025485,0,0,3.02855485,0.000024849999999965178,0.016825166666666665,15.033589805555627,0
F01,903,3.03025485,0,0,3.02855485,0.000024849999999965178,0.016825166666666665,15.050414972222294,0
F01,904,3.03025485,0,0,3.01765485,0.000019849999999710377,0.016764638888888888,15.067179611111182,0
F01,905,3.03025485,0,0,2.99995485,-0.00004515000000004932,0.016666666666666666,15.08384627777785,0
F01,906,3.03025485,0,0,2.98235485,-0.00001015000000004207,0.016568694444444445,15.100414972222294,0
F01,907,3.03025485,0,0,2.9714548499999998,-0.00001515000000029687,0.016508166666666668,15.11692313888896,0
F01,908,3.03025485,0,0,2.9714548499999998,-0.00001515000000029687,0.016508166666666668,15.133431305555627,0
F01,909,3.03025485,0,0,2.98235485,-0.00001015000000004207,0.016568694444444445,15.150000000000071,0
F01,910,3.03025485,0,0,2.99995485,-0.00004515000000004932,0.016666666666666666,15.166666666666739,0
F01,911,3.03025485,0,0,3.01765485,0.000019849999999710377,0.016764638888888888,15.183431305555628,0
F01,912,3.03025485,0,0,3.02855485,0.000024849999999965178,0.016825166666666665,15.200256472222295,0
F01,913,3.03025485,0,0,3.02855485,0.000024849999999965178,0.016825166666666665,15.217081638888962,0
F01,914,3.03025485,0,0,3.01765485,0.000019849999999710377,0.016764638888888888,15.23384627777785,0
F01,915,3.03025485,0,0,2.99995485,-0.00004515000000004932,0.016666666666666666,15.250512944444518,0
F01,916,3.03025485,0,0,2.98235485,-0.00001015000000004207,0.016568694444444445,15.267081638888962,0
F01,917,3.03025485,0,0,2.9714548499999998,-0.00001515000000029687,0.016508166666666668,15.283589805555629,0
F01,918,3.03025485,0,0,2.9714548499999998,-0.00001515000000029687,0.016508166666666668,15.300097972222295,0
F01,919,3.03025485,0,0,2.98235485,-0.00001015000000004207,0.016568694444444445,15.31666666666674,0
F01,920,3.03025485,0,0,2.99995485,-0.00004515000000004932,0.016666666666666666,15.333333333333407,0
F01,921,3.03025485,0,0,3.01765485,0.000019849999999710377,0.016764638888888888,15.350097972222295,0
F01,922,3.03025485,0,0,3.02855485,0.000024849999999965178,0.016825166666666665,15.366923138888962,0
F01,923,3.03025485,0,0,3.02855485,0.000024849999999965178,0.016825166666666665,15.38374830555563,0
F01,924,3.03025485,0,0,3.01765485,0.000019849999999710377,0.016764638888888888,15.400512944444518,0
F01,925,3.03025485,0,0,2.99995485,-0.00004515000000004932,0.016666666666666666,15.417179611111186,0
F01,926,3.03025485,0,0,2.98235485,-0.00001015000000004207,0.016568694444444445,15.43374830555563,0
F01,927,3.03025485,0,0,2.9714548499999998,-0.00001515000000029687,0.016508166666666668,15.450256472222296,0
F01,928,3.03025485,0,0,2.9714548499999998,-0.00001515000000029687,0.016508166666666668,15.466764638888963,0
F01,929,3.03025485,0,0,2.98235485,-0.00001015000000004207,0.016568694444444445,15.483333333333407,0
F01,930,3.03025485,0,0,2.99995485,-0.00004515000000004932,0.016666666666666666,15.500000000000075,0
F01,931,3.03025485,0,0,3.01765485,0.000019849999999710377,0.016764638888888888,15.516764638888963,0
F01,932,3.03025485,0,0,3.02855485,0.000024849999999965178,0.016825166666666665,15.53358980555563,0
F01,933,3.03025485,0,0,3.02855485,0.000024849999999965178,0.016825166666666665,15.550414972222297,0
F01,934,3.03025485,0,0,3.01765485,0.000019849999999710377,0.016764638888888888,15.567179611111186,0
F01,935,3.03025485,0,0,2.99995485,-0.00004515000000004932,0.016666666666666666,15.583846277777853,0
F01,936,3.03025485,0,0,2.98235485,-0.00001015000000004207,0.016568694444444445,15.600414972222298,0
F01,937,3.03025485,0,0,2.9714548499999998,-0.00001515000000029687,0.016508166666666668,15.616923138888964,0
F01,938,3.03025485,0,0,2.9714548499999998,-0.00001515000000029687,0.016508166666666668,15.63343130555563,0
F01,939,3.03025485,0,0,2.98235485,-0.00001015000000004207,0.016568694444444445,15.650000000000075,0
F01,940,3.03025485,0,0,2.99995485,-0.00004515000000004932,0.016666666666666666,15.666666666666742,0
F01,941,3.03025485,0,0,3.01765485,0.000019849999999710377,0.016764638888888888,15.683431305555631,0
F01,942,3.03025485,0,0,3.02855485,0.000024849999999965178,0.016825166666666665,15.700256472222298,0
F01,943,3.03025485,0,0,3.02855485,0.000024849999999965178,0.016825166666666665,15.717081638888965,0
F01,944,3.03025485,0,0,3.01765485,0.000019849999999710377,0.016764638888888888,15.733846277777854,0
F01,945,3.03025485,0,0,2.99995485,-0.00004515000000004932,0.016666666666666666,15.750512944444521,0
F01,946,3.03025485,0,0,2.98235485,-0.00001015000000004207,0.016568694444444445,15.767081638888966,0
F01,947,3.03025485,0,0,2.9714548499999998,-0.00001515000000029687,0.016508166666666668,15.783589805555632,0
F01,948,3.03025485,0,0,2.9714548499999998,-0.00001515000000029687,0.016508166666666668,15.800097972222298,0
F01,949,3.03025485,0,0,2.98235485,-0.00001015000000004207,0.016568694444444445,15.816666666666743,0
F01,950,3.03025485,0,0,2.99995485,-0.00004515000000004932,0.016666666666666666,15.83333333333341,0
F01,951,3.03025485,0,0,3.01765485,0.000019849999999710377,0.016764638888888888,15.850097972222299,0
F01,952,3.03025485,0,0,3.02855485,0.000024849999999965178,0.016825166666666665,15.866923138888966,0
F01,953,3.03025485,0,0,3.02855485,0.000024849999999965178,0.016825166666666665,15.883748305555633,0
F01,954,3.03025485,0,0,3.01765485,0.000019849999999710377,0.016764638888888888,15.900512944444522,0
F01,955,3.03025485,0,0,2.99995485,-0.00004515000000004932,0.016666666666666666,15.91717961111119,0
F01,956,3.03025485,0,0,2.98235485,-0.00001015000000004207,0.016568694444444445,15.933748305555634,0
F01,957,3.03025485,0,0,2.9714548499999998,-0.00001515000000029687,0.016508166666666668,15.9502564722223,0
F01,958,3.03025485,0,0,2.9714548499999998,-0.00001515000000029687,0.016508166666666668,15.966764638888966,0
F01,959,3.03025485,0,0,2.98235485,-0.00001015000000004207,0.016568694444444445,15.98333333333341,0
F01,960,3.03025485,0,0,2.99995485,-0.00004515000000004932,0.016666666666666666,16.000000000000078,0
F01,961,3.03025485,0,0,3.01765485,0.000019849999999710377,0.016764638888888888,16.01676463888897,0
F01,962,3.03025485,0,0,3.02855485,0.000024849999999965178,0.016825166666666665,16.033589805555636,0
F01,963,3.03025485,0,0,3.02855485,0.000024849999999965178,0.016825166666666665,16.050414972222303,0
F01,964,3.03025485,0,0,3.01765485,0.000019849999999710377,0.016764638888888888,16.067179611111193,0
F01,965,3.03025485,0,0,2.99995485,-0.00004515000000004932,0.016666666666666666,16.08384627777786,0
F01,966,3.03025485,0,0,2.98235485,-0.00001015000000004207,0.016568694444444445,16.100414972222303,0
F01,967,3.03025485,0,0,2.97145485,-0.000015149999999852781,0.016508166666666668,16.11692313888897,0
F01,968,3.03025485,0,0,2.9714548499999998,-0.00001515000000029687,0.016508166666666668,16.13343130555564,0
F01,969,3.03025485,0,0,2.98235485,-0.00001015000000004207,0.016568694444444445,16.150000000000084,0
F01,970,3.03025485,0,0,2.99995485,-0.00004515000000004932,0.016666666666666666,16.16666666666675,0
F01,971,3.03025485,0,0,3.01765485,0.000019849999999710377,0.016764638888888888,16.18343130555564,0
F01,972,3.03025485,0,0,3.02855485,0.000024849999999965178,0.016825166666666665,16.200256472222307,0
F01,973,3.03025485,0,0,3.02855485,0.000024849999999965178,0.016825166666666665,16.217081638888974,0
F01,974,3.03025485,0,0,3.01765485,0.000019849999999710377,0.016764638888888888,16.233846277777864,0
F01,975,3.03025485,0,0,2.99995485,-0.00004515000000004932,0.016666666666666666,16.25051294444453,0
F01,976,3.03025485,0,0,2.98235485,-0.00001015000000004207,0.016568694444444445,16.267081638888975,0
F01,977,3.03025485,0,0,2.9714548499999998,-0.00001515000000029687,0.016508166666666668,16.283589805555643,0
F01,978,3.03025485,0,0,2.9714548499999998,-0.00001515000000029687,0.016508166666666668,16.30009797222231,0
F01,979,3.03025485,0,0,2.98235485,-0.00001015000000004207,0.016568694444444445,16.316666666666755,0
F01,980,3.03025485,0,0,2.99995485,-0.00004515000000004932,0.016666666666666666,16.33333333333342,0
F01,981,3.03025485,0,0,3.01765485,0.000019849999999710377,0.016764638888888888,16.35009797222231,0
F01,982,3.03025485,0,0,3.02855485,0.000024849999999965178,0.016825166666666665,16.36692313888898,0
F01,983,3.03025485,0,0,3.02855485,0.000024849999999965178,0.016825166666666665,16.383748305555645,0
F01,984,3.03025485,0,0,3.01765485,0.000019849999999710377,0.016764638888888888,16.400512944444536,0
F01,985,3.03025485,0,0,2.99995485,-0.00004515000000004932,0.016666666666666666,16.4171796111112,0
F01,986,3.03025485,0,0,2.98235485,-0.00001015000000004207,0.016568694444444445,16.433748305555646,0
F01,987,3.03025485,0,0,2.9714548499999998,-0.00001515000000029687,0.016508166666666668,16.450256472222314,0
F01,988,3.03025485,0,0,2.9714548499999998,-0.00001515000000029687,0.016508166666666668,16.466764638888982,0
F01,989,3.03025485,0,0,2.98235485,-0.00001015000000004207,0.016568694444444445,16.483333333333427,0
F01,990,3.03025485,0,0,2.99995485,-0.00004515000000004932,0.016666666666666666,16.500000000000092,0
F01,991,3.03025485,0,0,3.01765485,0.000019849999999710377,0.016764638888888888,16.516764638888983,0
F01,992,3.03025485,0,0,3.02855485,0.000024849999999965178,0.016825166666666665,16.53358980555565,0
F01,993,3.03025485,0,0,3.02855485,0.000024849999999965178,0.016825166666666665,16.550414972222317,0
F01,994,3.03025485,0,0,3.01765485,0.000019849999999710377,0.016764638888888888,16.567179611111207,0
F01,995,3.03025485,0,0,2.99995485,-0.00004515000000004932,0.016666666666666666,16.583846277777873,0
F01,996,3.03025485,0,0,2.98235485,-0.00001015000000004207,0.016568694444444445,16.600414972222318,0
F01,997,3.03025485,0,0,2.9714548499999998,-0.00001515000000029687,0.016508166666666668,16.616923138888986,0
F01,998,3.03025485,0,0,2.9714548499999998,-0.00001515000000029687,0.016508166666666668,16.633431305555654,0
F01,999,3.03025485,0,0,2.98235485,-0.00001015000000004207,0.016568694444444445,16.650000000000098,0
F01,1000,3.03025485,0,0,2.99995485,-0.00004515000000004932,0.016666666666666666,16.666666666666764,0
F01,1001,3.03025485,0,0,3.01765485,0.000019849999999710377,0.016764638888888888,16.683431305555654,0
F01,1002,3.03025485,0,0,3.02855485,0.000024849999999965178,0.016825166666666665,16.70025647222232,0
F01,1003,3.03025485,0,0,3.02855485,0.000024849999999965178,0.016825166666666665,16.71708163888899,0
F01,1004,3.03025485,0,0,3.01765485,0.000019849999999710377,0.016764638888888888,16.73384627777788,0
F01,1005,3.03025485,0,0,2.99995485,-0.00004515000000004932,0.016666666666666666,16.750512944444544,0
F01,1006,3.03025485,0,0,2.98235485,-0.00001015000000004207,0.016568694444444445,16.76708163888899,0
F01,1007,3.03025485,0,0,2.9714548499999998,-0.00001515000000029687,0.016508166666666668,16.783589805555657,0
F01,1008,3.03025485,0,0,2.9714548499999998,-0.00001515000000029687,0.016508166666666668,16.800097972222325,0
F01,1009,3.03025485,0,0,2.98235485,-0.00001015000000004207,0.016568694444444445,16.81666666666677,0
F01,1010,3.03025485,0,0,2.99995485,-0.00004515000000004932,0.016666666666666666,16.833333333333435,0
F01,1011,3.03025485,0,0,3.01765485,0.000019849999999710377,0.016764638888888888,16.850097972222326,0
F01,1012,3.03025485,0,0,3.02855485,0.000024849999999965178,0.016825166666666665,16.866923138888993,0
F01,1013,3.03025485,0,0,3.02855485,0.000024849999999965178,0.016825166666666665,16.88374830555566,0
F01,1014,3.03025485,0,0,3.01765485,0.000019849999999710377,0.016764638888888888,16.90051294444455,0
F01,1015,3.03025485,0,0,2.99995485,-0.00004515000000004932,0.016666666666666666,16.917179611111216,0
F01,1016,3.03025485,0,0,2.98235485,-0.00001015000000004207,0.016568694444444445,16.93374830555566,0
F01,1017,3.03025485,0,0,2.9714548499999998,-0.00001515000000029687,0.016508166666666668,16.95025647222233,0
F01,1018,3.03025485,0,0,2.9714548499999998,-0.00001515000000029687,0.016508166666666668,16.966764638888996,0
F01,1019,3.03025485,0,0,2.98235485,-0.00001015000000004207,0.016568694444444445,16.98333333333344,0
F01,1020,3.03025485,0,0,2.99995485,-0.00004515000000004932,0.016666666666666666,17.000000000000107,0
F01,1021,3.03025485,0,0,3.01765485,0.000019849999999710377,0.016764638888888888,17.016764638888997,0
F01,1022,3.03025485,0,0,3.02855485,0.000024849999999965178,0.016825166666666665,17.033589805555664,0
F01,1023,3.03025485,0,0,3.02855485,0.000024849999999965178,0.016825166666666665,17.05041497222233,0
F01,1024,3.03025485,0,0,3.01765485,0.000019849999999710377,0.016764638888888888,17.06717961111122,0
F01,1025,3.03025485,0,0,2.99995485,-0.00004515000000004932,0.016666666666666666,17.083846277777887,0
F01,1026,3.03025485,0,0,2.98235485,-0.00001015000000004207,0.016568694444444445,17.10041497222233,0
F01,1027,3.03025485,0,0,2.9714548499999998,-0.00001515000000029687,0.016508166666666668,17.116923138889,0
F01,1028,3.03025485,0,0,2.9714548499999998,-0.00001515000000029687,0.016508166666666668,17.133431305555668,0
F01,1029,3.03025485,0,0,2.98235485,-0.00001015000000004207,0.016568694444444445,17.150000000000112,0
F01,1030,3.03025485,0,0,2.99995485,-0.00004515000000004932,0.016666666666666666,17.166666666666778,0
F01,1031,3.03025485,0,0,3.01765485,0.000019849999999710377,0.016764638888888888,17.18343130555567,0
F01,1032,3.03025485,0,0,3.02855485,0.000024849999999965178,0.016825166666666665,17.200256472222335,0
F01,1033,3.03025485,0,0,3.02855485,0.000024849999999965178,0.016825166666666665,17.217081638889002,0
F01,1034,3.03025485,0,0,3.0176548499999996,0.000019849999999266288,0.016764638888888888,17.233846277777893,0
F01,1035,3.03025485,0,0,2.99995485,-0.00004515000000004932,0.016666666666666666,17.25051294444456,0
F01,1036,3.03025485,0,0,2.98235485,-0.00001015000000004207,0.016568694444444445,17.267081638889003,0
F01,1037,3.03025485,0,0,2.9714548499999998,-0.00001515000000029687,0.016508166666666668,17.28358980555567,0
F01,1038,3.03025485,0,0,2.97145485,-0.000015149999999852781,0.016508166666666668,17.30009797222234,0
F01,1039,3.03025485,0,0,2.98235485,-0.00001015000000004207,0.016568694444444445,17.316666666666784,0
F01,1040,3.03025485,0,0,2.99995485,-0.00004515000000004932,0.016666666666666666,17.33333333333345,0
F01,1041,3.03025485,0,0,3.01765485,0.000019849999999710377,0.016764638888888888,17.35009797222234,0
F01,1042,3.03025485,0,0,3.02855485,0.000024849999999965178,0.016825166666666665,17.366923138889007,0
F01,1043,3.03025485,0,0,3.02855485,0.000024849999999965178,0.016825166666666665,17.383748305555674,0
F01,1044,3.03025485,0,0,3.01765485,0.000019849999999710377,0.016764638888888888,17.400512944444564,0
F01,1045,3.03025485,0,0,2.99995485,-0.00004515000000004932,0.016666666666666666,17.41717961111123,0
F01,1046,3.03025485,0,0,2.98235485,-0.00001015000000004207,0.016568694444444445,17.433748305555675,0
F01,1047,3.03025485,0,0,2.9714548499999998,-0.00001515000000029687,0.016508166666666668,17.450256472222343,0
F01,1048,3.03025485,0,0,2.9714548499999998,-0.00001515000000029687,0.016508166666666668,17.46676463888901,0
F01,1049,3.03025485,0,0,2.98235485,-0.00001015000000004207,0.016568694444444445,17.483333333333455,0
F01,1050,3.03025485,0,0,2.99995485,-0.00004515000000004932,0.016666666666666666,17.50000000000012,0
F01,1051,3.03025485,0,0,3.01765485,0.000019849999999710377,0.016764638888888888,17.51676463888901,0
F01,1052,3.03025485,0,0,3.02855485,0.000024849999999965178,0.016825166666666665,17.53358980555568,0
F01,1053,3.03025485,0,0,3.02855485,0.000024849999999965178,0.016825166666666665,17.550414972222345,0
F01,1054,3.03025485,0,0,3.01765485,0.000019849999999710377,0.016764638888888888,17.567179611111236,0
F01,1055,3.03025485,0,0,2.99995485,-0.00004515000000004932,0.016666666666666666,17.5838462777779,0
F01,1056,3.03025485,0,0,2.98235485,-0.00001015000000004207,0.016568694444444445,17.600414972222346,0
F01,1057,3.03025485,0,0,2.97145485,-0.000015149999999852781,0.016508166666666668,17.616923138889014,0
F01,1058,3.03025485,0,0,2.9714548499999998,-0.00001515000000029687,0.016508166666666668,17.633431305555682,0
F01,1059,3.03025485,0,0,2.98235485,-0.00001015000000004207,0.016568694444444445,17.650000000000126,0
F01,1060,3.03025485,0,0,2.99995485,-0.00004515000000004932,0.016666666666666666,17.666666666666792,0
F01,1061,3.03025485,0,0,3.0176548499999996,0.000019849999999266288,0.016764638888888888,17.683431305555683,0
F01,1062,3.03025485,0,0,3.02855485,0.000024849999999965178,0.016825166666666665,17.70025647222235,0
F01,1063,3.03025485,0,0,3.02855485,0.000024849999999965178,0.016825166666666665,17.717081638889017,0
F01,1064,3.03025485,0,0,3.0176548499999996,0.000019849999999266288,0.016764638888888888,17.733846277777907,0
F01,1065,3.03025485,0,0,2.99995485,-0.00004515000000004932,0.016666666666666666,17.750512944444573,0
F01,1066,3.03025485,0,0,2.98235485,-0.00001015000000004207,0.016568694444444445,17.767081638889017,0
F01,1067,3.03025485,0,0,2.9714548499999998,-0.00001515000000029687,0.016508166666666668,17.783589805555685,0
F01,1068,3.03025485,0,0,2.9714548499999998,-0.00001515000000029687,0.016508166666666668,17.800097972222353,0
F01,1069,3.03025485,0,0,2.98235485,-0.00001015000000004207,0.016568694444444445,17.816666666666798,0
F01,1070,3.03025485,0,0,2.99995485,-0.00004515000000004932,0.016666666666666666,17.833333333333464,0
F01,1071,3.03025485,0,0,3.01765485,0.000019849999999710377,0.016764638888888888,17.850097972222354,0
F01,1072,3.03025485,0,0,3.02855485,0.000024849999999965178,0.016825166666666665,17.86692313888902,0
F01,1073,3.03025485,0,0,3.02855485,0.000024849999999965178,0.016825166666666665,17.883748305555688,0
F01,1074,3.03025485,0,0,3.01765485,0.000019849999999710377,0.016764638888888888,17.90051294444458,0
F01,1075,3.03025485,0,0,2.99995485,-0.00004515000000004932,0.016666666666666666,17.917179611111244,0
F01,1076,3.03025485,0,0,2.98235485,-0.00001015000000004207,0.016568694444444445,17.93374830555569,0
F01,1077,3.03025485,0,0,2.9714548499999998,-0.00001515000000029687,0.016508166666666668,17.950256472222357,0
F01,1078,3.03025485,0,0,2.9714548499999998,-0.00001515000000029687,0.016508166666666668,17.966764638889025,0
F01,1079,3.03025485,0,0,2.98235485,-0.00001015000000004207,0.016568694444444445,17.98333333333347,0
F01,1080,3.03025485,0,0,2.99995485,-0.00004515000000004932,0.016666666666666666,18.000000000000135,0
F01,1081,3.03025485,0,0,3.01765485,0.000019849999999710377,0.016764638888888888,18.016764638889025,0
F01,1082,3.03025485,0,0,3.02855485,0.000024849999999965178,0.016825166666666665,18.033589805555692,0
F01,1083,3.03025485,0,0,3.02855485,0.000024849999999965178,0.016825166666666665,18.05041497222236,0
F01,1084,3.03025485,0,0,3.01765485,0.000019849999999710377,0.016764638888888888,18.06717961111125,0
F01,1085,3.03025485,0,0,2.99995485,-0.00004515000000004932,0.016666666666666666,18.083846277777916,0
F01,1086,3.03025485,0,0,2.98235485,-0.00001015000000004207,0.016568694444444445,18.10041497222236,0
F01,1087,3.03025485,0,0,2.9714548499999998,-0.00001515000000029687,0.016508166666666668,18.116923138889028,0
F01,1088,3.03025485,0,0,2.9714548499999998,-0.00001515000000029687,0.016508166666666668,18.133431305555696,0
F01,1089,3.03025485,0,0,2.98235485,-0.00001015000000004207,0.016568694444444445,18.15000000000014,0
F01,1090,3.03025485,0,0,2.99995485,-0.00004515000000004932,0.016666666666666666,18.166666666666806,0
F01,1091,3.03025485,0,0,3.01765485,0.000019849999999710377,0.016764638888888888,18.183431305555697,0
F01,1092,3.03025485,0,0,3.02855485,0.000024849999999965178,0.016825166666666665,18.200256472222364,0
F01,1093,3.03025485,0,0,3.02855485,0.000024849999999965178,0.016825166666666665,18.21708163888903,0
F01,1094,3.03025485,0,0,3.01765485,0.000019849999999710377,0.016764638888888888,18.23384627777792,0
F01,1095,3.03025485,0,0,2.99995485,-0.00004515000000004932,0.016666666666666666,18.250512944444587,0
F01,1096,3.03025485,0,0,2.98235485,-0.00001015000000004207,0.016568694444444445,18.26708163888903,0
F01,1097,3.03025485,0,0,2.9714548499999998,-0.00001515000000029687,0.016508166666666668,18.2835898055557,0
F01,1098,3.03025485,0,0,2.9714548499999998,-0.00001515000000029687,0.016508166666666668,18.300097972222368,0
F01,1099,3.03025485,0,0,2.98235485,-0.00001015000000004207,0.016568694444444445,18.316666666666812,0
F01,1100,3.03025485,0,0,2.99995485,-0.00004515000000004932,0.016666666666666666,18.333333333333478,0
F01,1101,3.03025485,0,0,3.01765485,0.000019849999999710377,0.016764638888888888,18.35009797222237,0
F01,1102,3.03025485,0,0,3.02855485,0.000024849999999965178,0.016825166666666665,18.366923138889035,0
F01,1103,3.03025485,0,0,3.02855485,0.000024849999999965178,0.016825166666666665,18.383748305555702,0
F01,1104,3.03025485,0,0,3.01765485,0.000019849999999710377,0.016764638888888888,18.400512944444593,0
F01,1105,3.03025485,0,0,2.99995485,-0.00004515000000004932,0.016666666666666666,18.41717961111126,0
F01,1106,3.03025485,0,0,2.98235485,-0.00001015000000004207,0.016568694444444445,18.433748305555703,0
F01,1107,3.03025485,0,0,2.9714548499999998,-0.00001515000000029687,0.016508166666666668,18.45025647222237,0
F01,1108,3.03025485,0,0,2.9714548499999998,-0.00001515000000029687,0.016508166666666668,18.46676463888904,0
F01,1109,3.03025485,0,0,2.98235485,-0.00001015000000004207,0.016568694444444445,18.483333333333483,0
F01,1110,3.03025485,0,0,2.99995485,-0.00004515000000004932,0.016666666666666666,18.50000000000015,0
F01,1111,3.03025485,0,0,3.0176548499999996,0.000019849999999266288,0.016764638888888888,18.51676463888904,0
F01,1112,3.03025485,0,0,3.02855485,0.000024849999999965178,0.016825166666666665,18.533589805555707,0
F01,1113,3.03025485,0,0,3.02855485,0.000024849999999965178,0.016825166666666665,18.550414972222374,0
F01,1114,3.03025485,0,0,3.01765485,0.000019849999999710377,0.016764638888888888,18.567179611111264,0
F01,1115,3.03025485,0,0,2.99995485,-0.00004515000000004932,0.016666666666666666,18.58384627777793,0
F01,1116,3.03025485,0,0,2.98235485,-0.00001015000000004207,0.016568694444444445,18.600414972222374,0
F01,1117,3.03025485,0,0,2.97145485,-0.000015149999999852781,0.016508166666666668,18.616923138889042,0
F01,1118,3.03025485,0,0,2.9714548499999998,-0.00001515000000029687,0.016508166666666668,18.63343130555571,0
F01,1119,3.03025485,0,0,2.98235485,-0.00001015000000004207,0.016568694444444445,18.650000000000155,0
F01,1120,3.03025485,0,0,2.99995485,-0.00004515000000004932,0.016666666666666666,18.66666666666682,0
F01,1121,3.03025485,0,0,3.01765485,0.000019849999999710377,0.016764638888888888,18.68343130555571,0
F01,1122,3.03025485,0,0,3.02855485,0.000024849999999965178,0.016825166666666665,18.700256472222378,0
F01,1123,3.03025485,0,0,3.02855485,0.000024849999999965178,0.016825166666666665,18.717081638889045,0
F01,1124,3.03025485,0,0,3.01765485,0.000019849999999710377,0.016764638888888888,18.733846277777936,0
F01,1125,3.03025485,0,0,2.99995485,-0.00004515000000004932,0.016666666666666666,18.7505129444446,0
F01,1126,3.03025485,0,0,2.98235485,-0.00001015000000004207,0.016568694444444445,18.767081638889046,0
F01,1127,3.03025485,0,0,2.9714548499999998,-0.00001515000000029687,0.016508166666666668,18.783589805555714,0
F01,1128,3.03025485,0,0,2.9714548499999998,-0.00001515000000029687,0.016508166666666668,18.80009797222238,0
F01,1129,3.03025485,0,0,2.98235485,-0.00001015000000004207,0.016568694444444445,18.816666666666826,0
F01,1130,3.03025485,0,0,2.99995485,-0.00004515000000004932,0.016666666666666666,18.833333333333492,0
F01,1131,3.03025485,0,0,3.01765485,0.000019849999999710377,0.016764638888888888,18.850097972222382,0
F01,1132,3.03025485,0,0,3.02855485,0.000024849999999965178,0.016825166666666665,18.86692313888905,0
F01,1133,3.03025485,0,0,3.02855485,0.000024849999999965178,0.016825166666666665,18.883748305555716,0
F01,1134,3.03025485,0,0,3.01765485,0.000019849999999710377,0.016764638888888888,18.900512944444607,0
F01,1135,3.03025485,0,0,2.99995485,-0.00004515000000004932,0.016666666666666666,18.917179611111273,0
F01,1136,3.03025485,0,0,2.98235485,-0.00001015000000004207,0.016568694444444445,18.933748305555717,0
F01,1137,3.03025485,0,0,2.9714548499999998,-0.00001515000000029687,0.016508166666666668,18.950256472222385,0
F01,1138,3.03025485,0,0,2.9714548499999998,-0.00001515000000029687,0.016508166666666668,18.966764638889053,0
F01,1139,3.03025485,0,0,2.98235485,-0.00001015000000004207,0.016568694444444445,18.983333333333498,0
F01,1140,3.03025485,0,0,2.99995485,-0.00004515000000004932,0.016666666666666666,19.000000000000163,0
F01,1141,3.03025485,0,0,3.01765485,0.000019849999999710377,0.016764638888888888,19.016764638889054,0
F01,1142,3.03025485,0,0,3.02855485,0.000024849999999965178,0.016825166666666665,19.03358980555572,0
F01,1143,3.03025485,0,0,3.02855485,0.000024849999999965178,0.016825166666666665,19.050414972222388,0
F01,1144,3.03025485,0,0,3.01765485,0.000019849999999710377,0.016764638888888888,19.06717961111128,0
F01,1145,3.03025485,0,0,2.99995485,-0.00004515000000004932,0.016666666666666666,19.083846277777944,0
F01,1146,3.03025485,0,0,2.98235485,-0.00001015000000004207,0.016568694444444445,19.10041497222239,0
F01,1147,3.03025485,0,0,2.9714548499999998,-0.00001515000000029687,0.016508166666666668,19.116923138889057,0
F01,1148,3.03025485,0,0,2.9714548499999998,-0.00001515000000029687,0.016508166666666668,19.133431305555725,0
F01,1149,3.03025485,0,0,2.98235485,-0.00001015000000004207,0.016568694444444445,19.15000000000017,0
F01,1150,3.03025485,0,0,2.99995485,-0.00004515000000004932,0.016666666666666666,19.166666666666835,0
F01,1151,3.03025485,0,0,3.01765485,0.000019849999999710377,0.016764638888888888,19.183431305555725,0
F01,1152,3.03025485,0,0,3.02855485,0.000024849999999965178,0.016825166666666665,19.200256472222392,0
F01,1153,3.03025485,0,0,3.02855485,0.000024849999999965178,0.016825166666666665,19.21708163888906,0
F01,1154,3.03025485,0,0,3.01765485,0.000019849999999710377,0.016764638888888888,19.23384627777795,0
F01,1155,3.03025485,0,0,2.99995485,-0.00004515000000004932,0.016666666666666666,19.250512944444615,0
F01,1156,3.03025485,0,0,2.98235485,-0.00001015000000004207,0.016568694444444445,19.26708163888906,0
F01,1157,3.03025485,0,0,2.9714548499999998,-0.00001515000000029687,0.016508166666666668,19.283589805555728,0
F01,1158,3.03025485,0,0,2.9714548499999998,-0.00001515000000029687,0.016508166666666668,19.300097972222396,0
F01,1159,3.03025485,0,0,2.98235485,-0.00001015000000004207,0.016568694444444445,19.31666666666684,0
F01,1160,3.03025485,0,0,2.99995485,-0.00004515000000004932,0.016666666666666666,19.333333333333506,0
F01,1161,3.03025485,0,0,3.01765485,0.000019849999999710377,0.016764638888888888,19.350097972222397,0
F01,1162,3.03025485,0,0,3.02855485,0.000024849999999965178,0.016825166666666665,19.366923138889064,0
F01,1163,3.03025485,0,0,3.02855485,0.000024849999999965178,0.016825166666666665,19.38374830555573,0
F01,1164,3.03025485,0,0,3.01765485,0.000019849999999710377,0.016764638888888888,19.40051294444462,0
F01,1165,3.03025485,0,0,2.99995485,-0.00004515000000004932,0.016666666666666666,19.417179611111287,0
F01,1166,3.03025485,0,0,2.98235485,-0.00001015000000004207,0.016568694444444445,19.43374830555573,0
F01,1167,3.03025485,0,0,2.9714548499999998,-0.00001515000000029687,0.016508166666666668,19.4502564722224,0
F01,1168,3.03025485,0,0,2.9714548499999998,-0.00001515000000029687,0.016508166666666668,19.466764638889067,0
F01,1169,3.03025485,0,0,2.98235485,-0.00001015000000004207,0.016568694444444445,19.483333333333512,0
F01,1170,3.03025485,0,0,2.99995485,-0.00004515000000004932,0.016666666666666666,19.500000000000178,0
F01,1171,3.03025485,0,0,3.01765485,0.000019849999999710377,0.016764638888888888,19.516764638889068,0
F01,1172,3.03025485,0,0,3.02855485,0.000024849999999965178,0.016825166666666665,19.533589805555735,0
F01,1173,3.03025485,0,0,3.02855485,0.000024849999999965178,0.016825166666666665,19.550414972222402,0
F01,1174,3.03025485,0,0,3.01765485,0.000019849999999710377,0.016764638888888888,19.567179611111293,0
F01,1175,3.03025485,0,0,2.99995485,-0.00004515000000004932,0.016666666666666666,19.58384627777796,0
F01,1176,3.03025485,0,0,2.98235485,-0.00001015000000004207,0.016568694444444445,19.600414972222403,0
F01,1177,3.03025485,0,0,2.9714548499999998,-0.00001515000000029687,0.016508166666666668,19.61692313888907,0
F01,1178,3.03025485,0,0,2.9714548499999998,-0.00001515000000029687,0.016508166666666668,19.63343130555574,0
F01,1179,3.03025485,0,0,2.98235485,-0.00001015000000004207,0.016568694444444445,19.650000000000183,0
F01,1180,3.03025485,0,0,2.99995485,-0.00004515000000004932,0.016666666666666666,19.66666666666685,0
F01,1181,3.03025485,0,0,3.01765485,0.000019849999999710377,0.016764638888888888,19.68343130555574,0
F01,1182,3.03025485,0,0,3.02855485,0.000024849999999965178,0.016825166666666665,19.700256472222407,0
F01,1183,3.03025485,0,0,3.02855485,0.000024849999999965178,0.016825166666666665,19.717081638889074,0
F01,1184,3.03025485,0,0,3.01765485,0.000019849999999710377,0.016764638888888888,19.733846277777964,0
F01,1185,3.03025485,0,0,2.99995485,-0.00004515000000004932,0.016666666666666666,19.75051294444463,0
F01,1186,3.03025485,0,0,2.98235485,-0.00001015000000004207,0.016568694444444445,19.767081638889074,0
F01,1187,3.03025485,0,0,2.9714548499999998,-0.00001515000000029687,0.016508166666666668,19.783589805555742,0
F01,1188,3.03025485,0,0,2.9714548499999998,-0.00001515000000029687,0.016508166666666668,19.80009797222241,0
F01,1189,3.03025485,0,0,2.98235485,-0.00001015000000004207,0.016568694444444445,19.816666666666855,0
F01,1190,3.03025485,0,0,2.99995485,-0.00004515000000004932,0.016666666666666666,19.83333333333352,0
F01,1191,3.03025485,0,0,3.01765485,0.000019849999999710377,0.016764638888888888,19.85009797222241,0
F01,1192,3.03025485,0,0,3.02855485,0.000024849999999965178,0.016825166666666665,19.866923138889078,0
F01,1193,3.03025485,0,0,3.02855485,0.000024849999999965178,0.016825166666666665,19.883748305555745,0
F01,1194,3.03025485,0,0,3.01765485,0.000019849999999710377,0.016764638888888888,19.900512944444635,0
F01,1195,3.03025485,0,0,2.99995485,-0.00004515000000004932,0.016666666666666666,19.9171796111113,0
F01,1196,3.03025485,0,0,2.98235485,-0.00001015000000004207,0.016568694444444445,19.933748305555746,0
F01,1197,3.03025485,0,0,2.9714548499999998,-0.00001515000000029687,0.016508166666666668,19.950256472222414,0
F01,1198,3.03025485,0,0,2.9714548499999998,-0.00001515000000029687,0.016508166666666668,19.96676463888908,0
F01,1199,3.03025485,0,0,2.98235485,-0.00001015000000004207,0.016568694444444445,19.983333333333526,0
F01,1200,3.03025485,0,0,2.99995485,-0.00004515000000004932,0.016666666666666666,20.000000000000192,0
F01,1201,3.03025485,0,0,3.01765485,0.000019849999999710377,0.016764638888888888,20.016764638889082,0
F01,1202,3.03025485,0,0,3.02855485,0.000024849999999965178,0.016825166666666665,20.03358980555575,0
F01,1203,3.03025485,0,0,3.02855485,0.000024849999999965178,0.016825166666666665,20.050414972222416,0
F01,1204,3.03025485,0,0,3.01765485,0.000019849999999710377,0.016764638888888888,20.067179611111307,0
F01,1205,3.03025485,0,0,2.99995485,-0.00004515000000004932,0.016666666666666666,20.083846277777972,0
F01,1206,3.03025485,0,0,2.98235485,-0.00001015000000004207,0.016568694444444445,20.100414972222417,0
F01,1207,3.03025485,0,0,2.9714548499999998,-0.00001515000000029687,0.016508166666666668,20.116923138889085,0
F01,1208,3.03025485,0,0,2.9714548499999998,-0.00001515000000029687,0.016508166666666668,20.133431305555753,0
F01,1209,3.03025485,0,0,2.98235485,-0.00001015000000004207,0.016568694444444445,20.150000000000198,0
F01,1210,3.03025485,0,0,2.99995485,-0.00004515000000004932,0.016666666666666666,20.166666666666863,0
F01,1211,3.03025485,0,0,3.01765485,0.000019849999999710377,0.016764638888888888,20.183431305555754,0
F01,1212,3.03025485,0,0,3.02855485,0.000024849999999965178,0.016825166666666665,20.20025647222242,0
F01,1213,3.03025485,0,0,3.02855485,0.000024849999999965178,0.016825166666666665,20.217081638889088,0
F01,1214,3.03025485,0,0,3.01765485,0.000019849999999710377,0.016764638888888888,20.233846277777978,0
F01,1215,3.03025485,0,0,2.99995485,-0.00004515000000004932,0.016666666666666666,20.250512944444644,0
F01,1216,3.03025485,0,0,2.98235485,-0.00001015000000004207,0.016568694444444445,20.26708163888909,0
F01,1217,3.03025485,0,0,2.9714548499999998,-0.00001515000000029687,0.016508166666666668,20.283589805555756,0
F01,1218,3.03025485,0,0,2.9714548499999998,-0.00001515000000029687,0.016508166666666668,20.300097972222424,0
F01,1219,3.03025485,0,0,2.98235485,-0.00001015000000004207,0.016568694444444445,20.31666666666687,0
F01,1220,3.03025485,0,0,2.99995485,-0.00004515000000004932,0.016666666666666666,20.333333333333535,0
F01,1221,3.03025485,0,0,3.01765485,0.000019849999999710377,0.016764638888888888,20.350097972222425,0
F01,1222,3.03025485,0,0,3.02855485,0.000024849999999965178,0.016825166666666665,20.366923138889092,0
F01,1223,3.03025485,0,0,3.02855485,0.000024849999999965178,0.016825166666666665,20.38374830555576,0
F01,1224,3.03025485,0,0,3.01765485,0.000019849999999710377,0.016764638888888888,20.40051294444465,0
F01,1225,3.03025485,0,0,2.99995485,-0.00004515000000004932,0.016666666666666666,20.417179611111315,0
F01,1226,3.03025485,0,0,2.98235485,-0.00001015000000004207,0.016568694444444445,20.43374830555576,0
F01,1227,3.03025485,0,0,2.9714548499999998,-0.00001515000000029687,0.016508166666666668,20.450256472222428,0
F01,1228,3.03025485,0,0,2.9714548499999998,-0.00001515000000029687,0.016508166666666668,20.466764638889096,0
F01,1229,3.03025485,0,0,2.98235485,-0.00001015000000004207,0.016568694444444445,20.48333333333354,0
F01,1230,3.03025485,0,0,2.99995485,-0.00004515000000004932,0.016666666666666666,20.500000000000206,0
F01,1231,3.03025485,0,0,3.01765485,0.000019849999999710377,0.016764638888888888,20.516764638889097,0
F01,1232,3.03025485,0,0,3.02855485,0.000024849999999965178,0.016825166666666665,20.533589805555764,0
F01,1233,3.03025485,0,0,3.02855485,0.000024849999999965178,0.016825166666666665,20.55041497222243,0
F01,1234,3.03025485,0,0,3.01765485,0.000019849999999710377,0.016764638888888888,20.56717961111132,0
F01,1235,3.03025485,0,0,2.99995485,-0.00004515000000004932,0.016666666666666666,20.583846277777987,0
F01,1236,3.03025485,0,0,2.98235485,-0.00001015000000004207,0.016568694444444445,20.60041497222243,0
F01,1237,3.03025485,0,0,2.9714548499999998,-0.00001515000000029687,0.016508166666666668,20.6169231388891,0
F01,1238,3.03025485,0,0,2.9714548499999998,-0.00001515000000029687,0.016508166666666668,20.633431305555767,0
F01,1239,3.03025485,0,0,2.98235485,-0.00001015000000004207,0.016568694444444445,20.65000000000021,0
F01,1240,3.03025485,0,0,2.99995485,-0.00004515000000004932,0.016666666666666666,20.666666666666877,0
F01,1241,3.03025485,0,0,3.01765485,0.000019849999999710377,0.016764638888888888,20.683431305555768,0
F01,1242,3.03025485,0,0,3.02855485,0.000024849999999965178,0.016825166666666665,20.700256472222435,0
F01,1243,3.03025485,0,0,3.02855485,0.000024849999999965178,0.016825166666666665,20.717081638889102,0
F01,1244,3.03025485,0,0,3.01765485,0.000019849999999710377,0.016764638888888888,20.733846277777992,0
F01,1245,3.03025485,0,0,2.99995485,-0.00004515000000004932,0.016666666666666666,20.750512944444658,0
F01,1246,3.03025485,0,0,2.98235485,-0.00001015000000004207,0.016568694444444445,20.767081638889103,0
F01,1247,3.03025485,0,0,2.9714548499999998,-0.00001515000000029687,0.016508166666666668,20.78358980555577,0
F01,1248,3.03025485,0,0,2.9714548499999998,-0.00001515000000029687,0.016508166666666668,20.80009797222244,0
F01,1249,3.03025485,0,0,2.98235485,-0.00001015000000004207,0.016568694444444445,20.816666666666883,0
F01,1250,3.03025485,0,0,2.99995485,-0.00004515000000004932,0.016666666666666666,20.83333333333355,0
F01,1251,3.03025485,0,0,3.01765485,0.000019849999999710377,0.016764638888888888,20.85009797222244,0
F01,1252,3.03025485,0,0,3.02855485,0.000024849999999965178,0.016825166666666665,20.866923138889106,0
F01,1253,3.03025485,0,0,3.02855485,0.000024849999999965178,0.016825166666666665,20.883748305555773,0
F01,1254,3.03025485,0,0,3.01765485,0.000019849999999710377,0.016764638888888888,20.900512944444664,0
F01,1255,3.03025485,0,0,2.99995485,-0.00004515000000004932,0.016666666666666666,20.91717961111133,0
F01,1256,3.03025485,0,0,2.98235485,-0.00001015000000004207,0.016568694444444445,20.933748305555774,0
F01,1257,3.03025485,0,0,2.9714548499999998,-0.00001515000000029687,0.016508166666666668,20.950256472222442,0
F01,1258,3.03025485,0,0,2.9714548499999998,-0.00001515000000029687,0.016508166666666668,20.96676463888911,0
F01,1259,3.03025485,0,0,2.9823548499999997,-0.000010150000000486159,0.016568694444444445,20.983333333333555,0
F01,1260,3.03025485,0,0,2.99995485,-0.00004515000000004932,0.016666666666666666,21.00000000000022,0
F01,1261,3.03025485,0,0,3.01765485,0.000019849999999710377,0.016764638888888888,21.01676463888911,0
F01,1262,3.03025485,0,0,3.02855485,0.000024849999999965178,0.016825166666666665,21.033589805555778,0
F01,1263,3.03025485,0,0,3.02855485,0.000024849999999965178,0.016825166666666665,21.050414972222445,0
F01,1264,3.03025485,0,0,3.0176548499999996,0.000019849999999266288,0.016764638888888888,21.067179611111335,0
F01,1265,3.03025485,0,0,2.99995485,-0.00004515000000004932,0.016666666666666666,21.083846277778,0
F01,1266,3.03025485,0,0,2.98235485,-0.00001015000000004207,0.016568694444444445,21.100414972222445,0
F01,1267,3.03025485,0,0,2.9714548499999998,-0.00001515000000029687,0.016508166666666668,21.116923138889113,0
F01,1268,3.03025485,0,0,2.9714548499999998,-0.00001515000000029687,0.016508166666666668,21.13343130555578,0
F01,1269,3.03025485,0,0,2.98235485,-0.00001015000000004207,0.016568694444444445,21.150000000000226,0
F01,1270,3.03025485,0,0,2.99995485,-0.00004515000000004932,0.016666666666666666,21.16666666666689,0
F01,1271,3.03025485,0,0,3.01765485,0.000019849999999710377,0.016764638888888888,21.183431305555782,0
F01,1272,3.03025485,0,0,3.02855485,0.000024849999999965178,0.016825166666666665,21.20025647222245,0
F01,1273,3.03025485,0,0,3.02855485,0.000024849999999965178,0.016825166666666665,21.217081638889116,0
F01,1274,3.03025485,0,0,3.01765485,0.000019849999999710377,0.016764638888888888,21.233846277778007,0
F01,1275,3.03025485,0,0,2.99995485,-0.00004515000000004932,0.016666666666666666,21.250512944444672,0
F01,1276,3.03025485,0,0,2.98235485,-0.00001015000000004207,0.016568694444444445,21.267081638889117,0
F01,1277,3.03025485,0,0,2.9714548499999998,-0.00001515000000029687,0.016508166666666668,21.283589805555785,0
F01,1278,3.03025485,0,0,2.9714548499999998,-0.00001515000000029687,0.016508166666666668,21.300097972222453,0
F01,1279,3.03025485,0,0,2.98235485,-0.00001015000000004207,0.016568694444444445,21.316666666666897,0
F01,1280,3.03025485,0,0,2.99995485,-0.00004515000000004932,0.016666666666666666,21.333333333333563,0
F01,1281,3.03025485,0,0,3.01765485,0.000019849999999710377,0.016764638888888888,21.350097972222454,0
F01,1282,3.03025485,0,0,3.02855485,0.000024849999999965178,0.016825166666666665,21.36692313888912,0
F01,1283,3.03025485,0,0,3.02855485,0.000024849999999965178,0.016825166666666665,21.383748305555788,0
F01,1284,3.03025485,0,0,3.01765485,0.000019849999999710377,0.016764638888888888,21.400512944444678,0
F01,1285,3.03025485,0,0,2.99995485,-0.00004515000000004932,0.016666666666666666,21.417179611111344,0
F01,1286,3.03025485,0,0,2.98235485,-0.00001015000000004207,0.016568694444444445,21.43374830555579,0
F01,1287,3.03025485,0,0,2.9714548499999998,-0.00001515000000029687,0.016508166666666668,21.450256472222456,0
F01,1288,3.03025485,0,0,2.9714548499999998,-0.00001515000000029687,0.016508166666666668,21.466764638889124,0
F01,1289,3.03025485,0,0,2.98235485,-0.00001015000000004207,0.016568694444444445,21.48333333333357,0
F01,1290,3.03025485,0,0,2.99995485,-0.00004515000000004932,0.016666666666666666,21.500000000000234,0
F01,1291,3.03025485,0,0,3.01765485,0.000019849999999710377,0.016764638888888888,21.516764638889125,0
F01,1292,3.03025485,0,0,3.02855485,0.000024849999999965178,0.016825166666666665,21.533589805555792,0
F01,1293,3.03025485,0,0,3.02855485,0.000024849999999965178,0.016825166666666665,21.55041497222246,0
F01,1294,3.03025485,0,0,3.01765485,0.000019849999999710377,0.016764638888888888,21.56717961111135,0
F01,1295,3.03025485,0,0,2.99995485,-0.00004515000000004932,0.016666666666666666,21.583846277778015,0
F01,1296,3.03025485,0,0,2.98235485,-0.00001015000000004207,0.016568694444444445,21.60041497222246,0
F01,1297,3.03025485,0,0,2.9714548499999998,-0.00001515000000029687,0.016508166666666668,21.616923138889128,0
F01,1298,3.03025485,0,0,2.9714548499999998,-0.00001515000000029687,0.016508166666666668,21.633431305555796,0
F01,1299,3.03025485,0,0,2.98235485,-0.00001015000000004207,0.016568694444444445,21.65000000000024,0
F01,1300,3.03025485,0,0,2.99995485,-0.00004515000000004932,0.016666666666666666,21.666666666666906,0
F01,1301,3.03025485,0,0,3.01765485,0.000019849999999710377,0.016764638888888888,21.683431305555796,0
F01,1302,3.03025485,0,0,3.02855485,0.000024849999999965178,0.016825166666666665,21.700256472222463,0
F01,1303,3.03025485,0,0,3.02855485,0.000024849999999965178,0.016825166666666665,21.71708163888913,0
F01,1304,3.03025485,0,0,3.01765485,0.000019849999999710377,0.016764638888888888,21.73384627777802,0
F01,1305,3.03025485,0,0,2.99995485,-0.00004515000000004932,0.016666666666666666,21.750512944444687,0
F01,1306,3.03025485,0,0,2.98235485,-0.00001015000000004207,0.016568694444444445,21.76708163888913,0
F01,1307,3.03025485,0,0,2.9714548499999998,-0.00001515000000029687,0.016508166666666668,21.7835898055558,0
F01,1308,3.03025485,0,0,2.9714548499999998,-0.00001515000000029687,0.016508166666666668,21.800097972222467,0
F01,1309,3.03025485,0,0,2.98235485,-0.00001015000000004207,0.016568694444444445,21.81666666666691,0
F01,1310,3.03025485,0,0,2.99995485,-0.00004515000000004932,0.016666666666666666,21.833333333333577,0
F01,1311,3.03025485,0,0,3.01765485,0.000019849999999710377,0.016764638888888888,21.850097972222468,0
F01,1312,3.03025485,0,0,3.02855485,0.000024849999999965178,0.016825166666666665,21.866923138889135,0
F01,1313,3.03025485,0,0,3.02855485,0.000024849999999965178,0.016825166666666665,21.8837483055558,0
F01,1314,3.03025485,0,0,3.0176548499999996,0.000019849999999266288,0.016764638888888888,21.900512944444692,0
F01,1315,3.03025485,0,0,2.99995485,-0.00004515000000004932,0.016666666666666666,21.917179611111358,0
F01,1316,3.03025485,0,0,2.98235485,-0.00001015000000004207,0.016568694444444445,21.933748305555802,0
F01,1317,3.03025485,0,0,2.9714548499999998,-0.00001515000000029687,0.016508166666666668,21.95025647222247,0
F01,1318,3.03025485,0,0,2.9714548499999998,-0.00001515000000029687,0.016508166666666668,21.96676463888914,0
F01,1319,3.03025485,0,0,2.98235485,-0.00001015000000004207,0.016568694444444445,21.983333333333583,0
F01,1320,3.03025485,0,0,2.99995485,-0.00004515000000004932,0.016666666666666666,22.00000000000025,0
F01,1321,3.03025485,0,0,3.01765485,0.000019849999999710377,0.016764638888888888,22.01676463888914,0
F01,1322,3.03025485,0,0,3.02855485,0.000024849999999965178,0.016825166666666665,22.033589805555806,0
F01,1323,3.03025485,0,0,3.02855485,0.000024849999999965178,0.016825166666666665,22.050414972222473,0
F01,1324,3.03025485,0,0,3.01765485,0.000019849999999710377,0.016764638888888888,22.067179611111364,0
F01,1325,3.03025485,0,0,2.99995485,-0.00004515000000004932,0.016666666666666666,22.08384627777803,0
F01,1326,3.03025485,0,0,2.98235485,-0.00001015000000004207,0.016568694444444445,22.100414972222474,0
F01,1327,3.03025485,0,0,2.9714548499999998,-0.00001515000000029687,0.016508166666666668,22.116923138889142,0
F01,1328,3.03025485,0,0,2.9714548499999998,-0.00001515000000029687,0.016508166666666668,22.13343130555581,0
F01,1329,3.03025485,0,0,2.98235485,-0.00001015000000004207,0.016568694444444445,22.150000000000254,0
F01,1330,3.03025485,0,0,2.99995485,-0.00004515000000004932,0.016666666666666666,22.16666666666692,0
F01,1331,3.03025485,0,0,3.01765485,0.000019849999999710377,0.016764638888888888,22.18343130555581,0
F01,1332,3.03025485,0,0,3.02855485,0.000024849999999965178,0.016825166666666665,22.200256472222478,0
F01,1333,3.03025485,0,0,3.02855485,0.000024849999999965178,0.016825166666666665,22.217081638889145,0
F01,1334,3.03025485,0,0,3.01765485,0.000019849999999710377,0.016764638888888888,22.233846277778035,0
F01,1335,3.03025485,0,0,2.99995485,-0.00004515000000004932,0.016666666666666666,22.2505129444447,0
F01,1336,3.03025485,0,0,2.98235485,-0.00001015000000004207,0.016568694444444445,22.267081638889145,0
F01,1337,3.03025485,0,0,2.9714548499999998,-0.00001515000000029687,0.016508166666666668,22.283589805555813,0
F01,1338,3.03025485,0,0,2.9714548499999998,-0.00001515000000029687,0.016508166666666668,22.30009797222248,0
F01,1339,3.03025485,0,0,2.98235485,-0.00001015000000004207,0.016568694444444445,22.316666666666926,0
F01,1340,3.03025485,0,0,2.99995485,-0.00004515000000004932,0.016666666666666666,22.33333333333359,0
F01,1341,3.03025485,0,0,3.01765485,0.000019849999999710377,0.016764638888888888,22.350097972222482,0
F01,1342,3.03025485,0,0,3.02855485,0.000024849999999965178,0.016825166666666665,22.36692313888915,0
F01,1343,3.03025485,0,0,3.02855485,0.000024849999999965178,0.016825166666666665,22.383748305555816,0
F01,1344,3.03025485,0,0,3.01765485,0.000019849999999710377,0.016764638888888888,22.400512944444706,0
F01,1345,3.03025485,0,0,2.99995485,-0.00004515000000004932,0.016666666666666666,22.417179611111372,0
F01,1346,3.03025485,0,0,2.98235485,-0.00001015000000004207,0.016568694444444445,22.433748305555817,0
F01,1347,3.03025485,0,0,2.9714548499999998,-0.00001515000000029687,0.016508166666666668,22.450256472222485,0
F01,1348,3.03025485,0,0,2.9714548499999998,-0.00001515000000029687,0.016508166666666668,22.466764638889153,0
F01,1349,3.03025485,0,0,2.98235485,-0.00001015000000004207,0.016568694444444445,22.483333333333597,0
F01,1350,3.03025485,0,0,2.99995485,-0.00004515000000004932,0.016666666666666666,22.500000000000263,0
F01,1351,3.03025485,0,0,3.01765485,0.000019849999999710377,0.016764638888888888,22.516764638889153,0
F01,1352,3.03025485,0,0,3.02855485,0.000024849999999965178,0.016825166666666665,22.53358980555582,0
F01,1353,3.03025485,0,0,3.02855485,0.000024849999999965178,0.016825166666666665,22.550414972222487,0
F01,1354,3.03025485,0,0,3.01765485,0.000019849999999710377,0.016764638888888888,22.567179611111378,0
F01,1355,3.03025485,0,0,2.99995485,-0.00004515000000004932,0.016666666666666666,22.583846277778044,0
F01,1356,3.03025485,0,0,2.98235485,-0.00001015000000004207,0.016568694444444445,22.600414972222488,0
F01,1357,3.03025485,0,0,2.9714548499999998,-0.00001515000000029687,0.016508166666666668,22.616923138889156,0
F01,1358,3.03025485,0,0,2.9714548499999998,-0.00001515000000029687,0.016508166666666668,22.633431305555824,0
F01,1359,3.03025485,0,0,2.98235485,-0.00001015000000004207,0.016568694444444445,22.65000000000027,0
F01,1360,3.03025485,0,0,2.99995485,-0.00004515000000004932,0.016666666666666666,22.666666666666934,0
F01,1361,3.03025485,0,0,3.01765485,0.000019849999999710377,0.016764638888888888,22.683431305555825,0
F01,1362,3.03025485,0,0,3.02855485,0.000024849999999965178,0.016825166666666665,22.70025647222249,0
F01,1363,3.03025485,0,0,3.02855485,0.000024849999999965178,0.016825166666666665,22.71708163888916,0
F01,1364,3.03025485,0,0,3.01765485,0.000019849999999710377,0.016764638888888888,22.73384627777805,0
F01,1365,3.03025485,0,0,2.99995485,-0.00004515000000004932,0.016666666666666666,22.750512944444715,0
F01,1366,3.03025485,0,0,2.98235485,-0.00001015000000004207,0.016568694444444445,22.76708163888916,0
F01,1367,3.03025485,0,0,2.9714548499999998,-0.00001515000000029687,0.016508166666666668,22.783589805555827,0
F01,1368,3.03025485,0,0,2.9714548499999998,-0.00001515000000029687,0.016508166666666668,22.800097972222495,0
F01,1369,3.03025485,0,0,2.98235485,-0.00001015000000004207,0.016568694444444445,22.81666666666694,0
F01,1370,3.03025485,0,0,2.99995485,-0.00004515000000004932,0.016666666666666666,22.833333333333606,0
F01,1371,3.03025485,0,0,3.01765485,0.000019849999999710377,0.016764638888888888,22.850097972222496,0
F01,1372,3.03025485,0,0,3.02855485,0.000024849999999965178,0.016825166666666665,22.866923138889163,0
F01,1373,3.03025485,0,0,3.02855485,0.000024849999999965178,0.016825166666666665,22.88374830555583,0
F01,1374,3.03025485,0,0,3.01765485,0.000019849999999710377,0.016764638888888888,22.90051294444472,0
F01,1375,3.03025485,0,0,2.99995485,-0.00004515000000004932,0.016666666666666666,22.917179611111386,0
F01,1376,3.03025485,0,0,2.98235485,-0.00001015000000004207,0.016568694444444445,22.93374830555583,0
F01,1377,3.03025485,0,0,2.9714548499999998,-0.00001515000000029687,0.016508166666666668,22.9502564722225,0
F01,1378,3.03025485,0,0,2.9714548499999998,-0.00001515000000029687,0.016508166666666668,22.966764638889167,0
F01,1379,3.03025485,0,0,2.98235485,-0.00001015000000004207,0.016568694444444445,22.98333333333361,0
F01,1380,3.03025485,0,0,2.99995485,-0.00004515000000004932,0.016666666666666666,23.000000000000277,0
F01,1381,3.03025485,0,0,3.01765485,0.000019849999999710377,0.016764638888888888,23.016764638889168,0
F01,1382,3.03025485,0,0,3.02855485,0.000024849999999965178,0.016825166666666665,23.033589805555835,0
F01,1383,3.03025485,0,0,3.02855485,0.000024849999999965178,0.016825166666666665,23.0504149722225,0
F01,1384,3.03025485,0,0,3.01765485,0.000019849999999710377,0.016764638888888888,23.067179611111392,0
F01,1385,3.03025485,0,0,2.99995485,-0.00004515000000004932,0.016666666666666666,23.083846277778058,0
F01,1386,3.03025485,0,0,2.98235485,-0.00001015000000004207,0.016568694444444445,23.100414972222502,0
F01,1387,3.03025485,0,0,2.9714548499999998,-0.00001515000000029687,0.016508166666666668,23.11692313888917,0
F01,1388,3.03025485,0,0,2.9714548499999998,-0.00001515000000029687,0.016508166666666668,23.13343130555584,0
F01,1389,3.03025485,0,0,2.98235485,-0.00001015000000004207,0.016568694444444445,23.150000000000283,0
F01,1390,3.03025485,0,0,2.99995485,-0.00004515000000004932,0.016666666666666666,23.16666666666695,0
F01,1391,3.03025485,0,0,3.01765485,0.000019849999999710377,0.016764638888888888,23.18343130555584,0
F01,1392,3.03025485,0,0,3.02855485,0.000024849999999965178,0.016825166666666665,23.200256472222506,0
F01,1393,3.03025485,0,0,3.02855485,0.000024849999999965178,0.016825166666666665,23.217081638889173,0
F01,1394,3.03025485,0,0,3.01765485,0.000019849999999710377,0.016764638888888888,23.233846277778063,0
F01,1395,3.03025485,0,0,2.99995485,-0.00004515000000004932,0.016666666666666666,23.25051294444473,0
F01,1396,3.03025485,0,0,2.98235485,-0.00001015000000004207,0.016568694444444445,23.267081638889174,0
F01,1397,3.03025485,0,0,2.9714548499999998,-0.00001515000000029687,0.016508166666666668,23.28358980555584,0
F01,1398,3.03025485,0,0,2.9714548499999998,-0.00001515000000029687,0.016508166666666668,23.30009797222251,0
F01,1399,3.03025485,0,0,2.98235485,-0.00001015000000004207,0.016568694444444445,23.316666666666954,0
F01,1400,3.03025485,0,0,2.99995485,-0.00004515000000004932,0.016666666666666666,23.33333333333362,0
F01,1401,3.03025485,0,0,3.01765485,0.000019849999999710377,0.016764638888888888,23.35009797222251,0
F01,1402,3.03025485,0,0,3.02855485,0.000024849999999965178,0.016825166666666665,23.366923138889177,0
F01,1403,3.03025485,0,0,3.02855485,0.000024849999999965178,0.016825166666666665,23.383748305555844,0
F01,1404,3.03025485,0,0,3.01765485,0.000019849999999710377,0.016764638888888888,23.400512944444735,0
F01,1405,3.03025485,0,0,2.99995485,-0.00004515000000004932,0.016666666666666666,23.4171796111114,0
F01,1406,3.03025485,0,0,2.98235485,-0.00001015000000004207,0.016568694444444445,23.433748305555845,0
F01,1407,3.03025485,0,0,2.9714548499999998,-0.00001515000000029687,0.016508166666666668,23.450256472222513,0
F01,1408,3.03025485,0,0,2.9714548499999998,-0.00001515000000029687,0.016508166666666668,23.46676463888918,0
F01,1409,3.03025485,0,0,2.98235485,-0.00001015000000004207,0.016568694444444445,23.483333333333626,0
F01,1410,3.03025485,0,0,2.99995485,-0.00004515000000004932,0.016666666666666666,23.50000000000029,0
F01,1411,3.03025485,0,0,3.0176548499999996,0.000019849999999266288,0.016764638888888888,23.516764638889182,0
F01,1412,3.03025485,0,0,3.02855485,0.000024849999999965178,0.016825166666666665,23.53358980555585,0
F01,1413,3.03025485,0,0,3.02855485,0.000024849999999965178,0.016825166666666665,23.550414972222516,0
F01,1414,3.03025485,0,0,3.01765485,0.000019849999999710377,0.016764638888888888,23.567179611111406,0
F01,1415,3.03025485,0,0,2.99995485,-0.00004515000000004932,0.016666666666666666,23.583846277778072,0
F01,1416,3.03025485,0,0,2.98235485,-0.00001015000000004207,0.016568694444444445,23.600414972222516,0
F01,1417,3.03025485,0,0,2.9714548499999998,-0.00001515000000029687,0.016508166666666668,23.616923138889184,0
F01,1418,3.03025485,0,0,2.9714548499999998,-0.00001515000000029687,0.016508166666666668,23.633431305555852,0
F01,1419,3.03025485,0,0,2.98235485,-0.00001015000000004207,0.016568694444444445,23.650000000000297,0
F01,1420,3.03025485,0,0,2.99995485,-0.00004515000000004932,0.016666666666666666,23.666666666666963,0
F01,1421,3.03025485,0,0,3.01765485,0.000019849999999710377,0.016764638888888888,23.683431305555853,0
F01,1422,3.03025485,0,0,3.02855485,0.000024849999999965178,0.016825166666666665,23.70025647222252,0
F01,1423,3.03025485,0,0,3.02855485,0.000024849999999965178,0.016825166666666665,23.717081638889187,0
F01,1424,3.03025485,0,0,3.01765485,0.000019849999999710377,0.016764638888888888,23.733846277778078,0
F01,1425,3.03025485,0,0,2.99995485,-0.00004515000000004932,0.016666666666666666,23.750512944444743,0
F01,1426,3.03025485,0,0,2.98235485,-0.00001015000000004207,0.016568694444444445,23.767081638889188,0
F01,1427,3.03025485,0,0,2.9714548499999998,-0.00001515000000029687,0.016508166666666668,23.783589805555856,0
F01,1428,3.03025485,0,0,2.9714548499999998,-0.00001515000000029687,0.016508166666666668,23.800097972222524,0
F01,1429,3.03025485,0,0,2.98235485,-0.00001015000000004207,0.016568694444444445,23.81666666666697,0
F01,1430,3.03025485,0,0,2.99995485,-0.00004515000000004932,0.016666666666666666,23.833333333333634,0
F01,1431,3.03025485,0,0,3.01765485,0.000019849999999710377,0.016764638888888888,23.850097972222525,0
F01,1432,3.03025485,0,0,3.02855485,0.000024849999999965178,0.016825166666666665,23.86692313888919,0
F01,1433,3.03025485,0,0,3.02855485,0.000024849999999965178,0.016825166666666665,23.88374830555586,0
F01,1434,3.03025485,0,0,3.01765485,0.000019849999999710377,0.016764638888888888,23.90051294444475,0
F01,1435,3.03025485,0,0,2.99995485,-0.00004515000000004932,0.016666666666666666,23.917179611111415,0
F01,1436,3.03025485,0,0,2.98235485,-0.00001015000000004207,0.016568694444444445,23.93374830555586,0
F01,1437,3.03025485,0,0,2.9714548499999998,-0.00001515000000029687,0.016508166666666668,23.950256472222527,0
F01,1438,3.03025485,0,0,2.9714548499999998,-0.00001515000000029687,0.016508166666666668,23.966764638889195,0
F01,1439,3.03025485,0,0,2.98235485,-0.00001015000000004207,0.016568694444444445,23.98333333333364,0
F01,1440,3.03025485,0,0,2.99995485,-0.00004515000000004932,0.016666666666666666,24.000000000000306,0
F01,1441,3.03025485,0,0,3.0176548499999996,0.000019849999999266288,0.016764638888888888,24.016764638889196,0
F01,1442,3.03025485,0,0,3.02855485,0.000024849999999965178,0.016825166666666665,24.033589805555863,0
F01,1443,3.03025485,0,0,3.02855485,0.000024849999999965178,0.016825166666666665,24.05041497222253,0
F01,1444,3.03025485,0,0,3.01765485,0.000019849999999710377,0.016764638888888888,24.06717961111142,0
F01,1445,3.03025485,0,0,2.99995485,-0.00004515000000004932,0.016666666666666666,24.083846277778086,0
F01,1446,3.03025485,0,0,2.98235485,-0.00001015000000004207,0.016568694444444445,24.10041497222253,0
F01,1447,3.03025485,0,0,2.9714548499999998,-0.00001515000000029687,0.016508166666666668,24.1169231388892,0
F01,1448,3.03025485,0,0,2.9714548499999998,-0.00001515000000029687,0.016508166666666668,24.133431305555867,0
F01,1449,3.03025485,0,0,2.98235485,-0.00001015000000004207,0.016568694444444445,24.15000000000031,0
F01,1450,3.03025485,0,0,2.99995485,-0.00004515000000004932,0.016666666666666666,24.166666666666977,0
F01,1451,3.03025485,0,0,3.01765485,0.000019849999999710377,0.016764638888888888,24.183431305555867,0
F01,1452,3.03025485,0,0,3.02855485,0.000024849999999965178,0.016825166666666665,24.200256472222534,0
F01,1453,3.03025485,0,0,3.02855485,0.000024849999999965178,0.016825166666666665,24.2170816388892,0
F01,1454,3.03025485,0,0,3.01765485,0.000019849999999710377,0.016764638888888888,24.233846277778092,0
F01,1455,3.03025485,0,0,2.99995485,-0.00004515000000004932,0.016666666666666666,24.250512944444758,0
F01,1456,3.03025485,0,0,2.98235485,-0.00001015000000004207,0.016568694444444445,24.267081638889202,0
F01,1457,3.03025485,0,0,2.9714548499999998,-0.00001515000000029687,0.016508166666666668,24.28358980555587,0
F01,1458,3.03025485,0,0,2.9714548499999998,-0.00001515000000029687,0.016508166666666668,24.300097972222538,0
F01,1459,3.03025485,0,0,2.98235485,-0.00001015000000004207,0.016568694444444445,24.316666666666983,0
F01,1460,3.03025485,0,0,2.99995485,-0.00004515000000004932,0.016666666666666666,24.33333333333365,0
F01,1461,3.03025485,0,0,3.01765485,0.000019849999999710377,0.016764638888888888,24.35009797222254,0
F01,1462,3.03025485,0,0,3.02855485,0.000024849999999965178,0.016825166666666665,24.366923138889206,0
F01,1463,3.03025485,0,0,3.02855485,0.000024849999999965178,0.016825166666666665,24.383748305555873,0
F01,1464,3.03025485,0,0,3.01765485,0.000019849999999710377,0.016764638888888888,24.400512944444763,0
F01,1465,3.03025485,0,0,2.99995485,-0.00004515000000004932,0.016666666666666666,24.41717961111143,0
F01,1466,3.03025485,0,0,2.98235485,-0.00001015000000004207,0.016568694444444445,24.433748305555874,0
F01,1467,3.03025485,0,0,2.9714548499999998,-0.00001515000000029687,0.016508166666666668,24.45025647222254,0
F01,1468,3.03025485,0,0,2.9714548499999998,-0.00001515000000029687,0.016508166666666668,24.46676463888921,0
F01,1469,3.03025485,0,0,2.98235485,-0.00001015000000004207,0.016568694444444445,24.483333333333654,0
F01,1470,3.03025485,0,0,2.99995485,-0.00004515000000004932,0.016666666666666666,24.50000000000032,0
F01,1471,3.03025485,0,0,3.01765485,0.000019849999999710377,0.016764638888888888,24.51676463888921,0
F01,1472,3.03025485,0,0,3.02855485,0.000024849999999965178,0.016825166666666665,24.533589805555877,0
F01,1473,3.03025485,0,0,3.02855485,0.000024849999999965178,0.016825166666666665,24.550414972222544,0
F01,1474,3.03025485,0,0,3.01765485,0.000019849999999710377,0.016764638888888888,24.567179611111435,0
F01,1475,3.03025485,0,0,2.99995485,-0.00004515000000004932,0.016666666666666666,24.5838462777781,0
F01,1476,3.03025485,0,0,2.98235485,-0.00001015000000004207,0.016568694444444445,24.600414972222545,0
F01,1477,3.03025485,0,0,2.9714548499999998,-0.00001515000000029687,0.016508166666666668,24.616923138889213,0
F01,1478,3.03025485,0,0,2.9714548499999998,-0.00001515000000029687,0.016508166666666668,24.63343130555588,0
F01,1479,3.03025485,0,0,2.98235485,-0.00001015000000004207,0.016568694444444445,24.650000000000325,0
F01,1480,3.03025485,0,0,2.99995485,-0.00004515000000004932,0.016666666666666666,24.66666666666699,0
F01,1481,3.03025485,0,0,3.01765485,0.000019849999999710377,0.016764638888888888,24.68343130555588,0
F01,1482,3.03025485,0,0,3.02855485,0.000024849999999965178,0.016825166666666665,24.70025647222255,0
F01,1483,3.03025485,0,0,3.02855485,0.000024849999999965178,0.016825166666666665,24.717081638889216,0
F01,1484,3.03025485,0,0,3.01765485,0.000019849999999710377,0.016764638888888888,24.733846277778106,0
F01,1485,3.03025485,0,0,2.99995485,-0.00004515000000004932,0.016666666666666666,24.750512944444772,0
F01,1486,3.03025485,0,0,2.98235485,-0.00001015000000004207,0.016568694444444445,24.767081638889216,0
F01,1487,3.03025485,0,0,2.9714548499999998,-0.00001515000000029687,0.016508166666666668,24.783589805555884,0
F01,1488,3.03025485,0,0,2.9714548499999998,-0.00001515000000029687,0.016508166666666668,24.800097972222552,0
F01,1489,3.03025485,0,0,2.98235485,-0.00001015000000004207,0.016568694444444445,24.816666666666997,0
F01,1490,3.03025485,0,0,2.99995485,-0.00004515000000004932,0.016666666666666666,24.833333333333663,0
F01,1491,3.03025485,0,0,3.01765485,0.000019849999999710377,0.016764638888888888,24.850097972222553,0
F01,1492,3.03025485,0,0,3.02855485,0.000024849999999965178,0.016825166666666665,24.86692313888922,0
F01,1493,3.03025485,0,0,3.02855485,0.000024849999999965178,0.016825166666666665,24.883748305555887,0
F01,1494,3.03025485,0,0,3.01765485,0.000019849999999710377,0.016764638888888888,24.900512944444777,0
F01,1495,3.03025485,0,0,2.99995485,-0.00004515000000004932,0.016666666666666666,24.917179611111443,0
F01,1496,3.03025485,0,0,2.98235485,-0.00001015000000004207,0.016568694444444445,24.933748305555888,0
F01,1497,3.03025485,0,0,2.9714548499999998,-0.00001515000000029687,0.016508166666666668,24.950256472222556,0
F01,1498,3.03025485,0,0,2.9714548499999998,-0.00001515000000029687,0.016508166666666668,24.966764638889224,0
F01,1499,3.03025485,0,0,2.98235485,-0.00001015000000004207,0.016568694444444445,24.98333333333367,0
F01,1500,3.03025485,0,0,2.99995485,-0.00004515000000004932,0.016666666666666666,25.000000000000334,0
F01,1501,3.03025485,0,0,3.01765485,0.000019849999999710377,0.016764638888888888,25.016764638889224,0
F01,1502,3.03025485,0,0,3.02855485,0.000024849999999965178,0.016825166666666665,25.03358980555589,0
F01,1503,3.03025485,0,0,3.02855485,0.000024849999999965178,0.016825166666666665,25.05041497222256,0
F01,1504,3.03025485,0,0,3.01765485,0.000019849999999710377,0.016764638888888888,25.06717961111145,0
F01,1505,3.03025485,0,0,2.99995485,-0.00004515000000004932,0.016666666666666666,25.083846277778115,0
F01,1506,3.03025485,0,0,2.98235485,-0.00001015000000004207,0.016568694444444445,25.10041497222256,0
F01,1507,3.03025485,0,0,2.9714548499999998,-0.00001515000000029687,0.016508166666666668,25.116923138889227,0
F01,1508,3.03025485,0,0,2.9714548499999998,-0.00001515000000029687,0.016508166666666668,25.133431305555895,0
F01,1509,3.03025485,0,0,2.98235485,-0.00001015000000004207,0.016568694444444445,25.15000000000034,0
F01,1510,3.03025485,0,0,2.99995485,-0.00004515000000004932,0.016666666666666666,25.166666666667005,0
F01,1511,3.03025485,0,0,3.01765485,0.000019849999999710377,0.016764638888888888,25.183431305555896,0
F01,1512,3.03025485,0,0,3.02855485,0.000024849999999965178,0.016825166666666665,25.200256472222563,0
F01,1513,3.03025485,0,0,3.02855485,0.000024849999999965178,0.016825166666666665,25.21708163888923,0
F01,1514,3.03025485,0,0,3.01765485,0.000019849999999710377,0.016764638888888888,25.23384627777812,0
F01,1515,3.03025485,0,0,2.99995485,-0.00004515000000004932,0.016666666666666666,25.250512944444786,0
F01,1516,3.03025485,0,0,2.98235485,-0.00001015000000004207,0.016568694444444445,25.26708163888923,0
F01,1517,3.03025485,0,0,2.9714548499999998,-0.00001515000000029687,0.016508166666666668,25.2835898055559,0
F01,1518,3.03025485,0,0,2.9714548499999998,-0.00001515000000029687,0.016508166666666668,25.300097972222567,0
F01,1519,3.03025485,0,0,2.98235485,-0.00001015000000004207,0.016568694444444445,25.31666666666701,0
F01,1520,3.03025485,0,0,2.99995485,-0.00004515000000004932,0.016666666666666666,25.333333333333677,0
F01,1521,3.03025485,0,0,3.01765485,0.000019849999999710377,0.016764638888888888,25.350097972222567,0
F01,1522,3.03025485,0,0,3.02855485,0.000024849999999965178,0.016825166666666665,25.366923138889234,0
F01,1523,3.03025485,0,0,3.02855485,0.000024849999999965178,0.016825166666666665,25.3837483055559,0
F01,1524,3.03025485,0,0,3.01765485,0.000019849999999710377,0.016764638888888888,25.40051294444479,0
F01,1525,3.03025485,0,0,2.99995485,-0.00004515000000004932,0.016666666666666666,25.417179611111457,0
F01,1526,3.03025485,0,0,2.98235485,-0.00001015000000004207,0.016568694444444445,25.433748305555902,0
F01,1527,3.03025485,0,0,2.9714548499999998,-0.00001515000000029687,0.016508166666666668,25.45025647222257,0
F01,1528,3.03025485,0,0,2.9714548499999998,-0.00001515000000029687,0.016508166666666668,25.466764638889238,0
F01,1529,3.03025485,0,0,2.98235485,-0.00001015000000004207,0.016568694444444445,25.483333333333682,0
F01,1530,3.03025485,0,0,2.99995485,-0.00004515000000004932,0.016666666666666666,25.500000000000348,0
F01,1531,3.03025485,0,0,3.01765485,0.000019849999999710377,0.016764638888888888,25.51676463888924,0
F01,1532,3.03025485,0,0,3.02855485,0.000024849999999965178,0.016825166666666665,25.533589805555906,0
F01,1533,3.03025485,0,0,3.02855485,0.000024849999999965178,0.016825166666666665,25.550414972222573,0
F01,1534,3.03025485,0,0,3.01765485,0.000019849999999710377,0.016764638888888888,25.567179611111463,0
F01,1535,3.03025485,0,0,2.99995485,-0.00004515000000004932,0.016666666666666666,25.58384627777813,0
F01,1536,3.03025485,0,0,2.98235485,-0.00001015000000004207,0.016568694444444445,25.600414972222573,0
F01,1537,3.03025485,0,0,2.9714548499999998,-0.00001515000000029687,0.016508166666666668,25.61692313888924,0
F01,1538,3.03025485,0,0,2.9714548499999998,-0.00001515000000029687,0.016508166666666668,25.63343130555591,0
F01,1539,3.03025485,0,0,2.98235485,-0.00001015000000004207,0.016568694444444445,25.650000000000354,0
F01,1540,3.03025485,0,0,2.99995485,-0.00004515000000004932,0.016666666666666666,25.66666666666702,0
F01,1541,3.03025485,0,0,3.01765485,0.000019849999999710377,0.016764638888888888,25.68343130555591,0
F01,1542,3.03025485,0,0,3.02855485,0.000024849999999965178,0.016825166666666665,25.700256472222577,0
F01,1543,3.03025485,0,0,3.02855485,0.000024849999999965178,0.016825166666666665,25.717081638889244,0
F01,1544,3.03025485,0,0,3.01765485,0.000019849999999710377,0.016764638888888888,25.733846277778134,0
F01,1545,3.03025485,0,0,2.99995485,-0.00004515000000004932,0.016666666666666666,25.7505129444448,0
F01,1546,3.03025485,0,0,2.98235485,-0.00001015000000004207,0.016568694444444445,25.767081638889245,0
F01,1547,3.03025485,0,0,2.9714548499999998,-0.00001515000000029687,0.016508166666666668,25.783589805555913,0
F01,1548,3.03025485,0,0,2.9714548499999998,-0.00001515000000029687,0.016508166666666668,25.80009797222258,0
F01,1549,3.03025485,0,0,2.98235485,-0.00001015000000004207,0.016568694444444445,25.816666666667025,0
F01,1550,3.03025485,0,0,2.99995485,-0.00004515000000004932,0.016666666666666666,25.83333333333369,0
F01,1551,3.03025485,0,0,3.01765485,0.000019849999999710377,0.016764638888888888,25.85009797222258,0
F01,1552,3.03025485,0,0,3.02855485,0.000024849999999965178,0.016825166666666665,25.86692313888925,0
F01,1553,3.03025485,0,0,3.02855485,0.000024849999999965178,0.016825166666666665,25.883748305555915,0
F01,1554,3.03025485,0,0,3.01765485,0.000019849999999710377,0.016764638888888888,25.900512944444806,0
F01,1555,3.03025485,0,0,2.99995485,-0.00004515000000004932,0.016666666666666666,25.91717961111147,0
F01,1556,3.03025485,0,0,2.98235485,-0.00001015000000004207,0.016568694444444445,25.933748305555916,0
F01,1557,3.03025485,0,0,2.9714548499999998,-0.00001515000000029687,0.016508166666666668,25.950256472222584,0
F01,1558,3.03025485,0,0,2.9714548499999998,-0.00001515000000029687,0.016508166666666668,25.966764638889252,0
F01,1559,3.03025485,0,0,2.98235485,-0.00001015000000004207,0.016568694444444445,25.983333333333697,0
F01,1560,3.03025485,0,0,2.99995485,-0.00004515000000004932,0.016666666666666666,26.000000000000362,0
F01,1561,3.03025485,0,0,3.01765485,0.000019849999999710377,0.016764638888888888,26.016764638889253,0
F01,1562,3.03025485,0,0,3.02855485,0.000024849999999965178,0.016825166666666665,26.03358980555592,0
F01,1563,3.03025485,0,0,3.02855485,0.000024849999999965178,0.016825166666666665,26.050414972222587,0
F01,1564,3.03025485,0,0,3.01765485,0.000019849999999710377,0.016764638888888888,26.067179611111477,0
F01,1565,3.03025485,0,0,2.99995485,-0.00004515000000004932,0.016666666666666666,26.083846277778143,0
F01,1566,3.03025485,0,0,2.98235485,-0.00001015000000004207,0.016568694444444445,26.100414972222588,0
F01,1567,3.03025485,0,0,2.9714548499999998,-0.00001515000000029687,0.016508166666666668,26.116923138889256,0
F01,1568,3.03025485,0,0,2.9714548499999998,-0.00001515000000029687,0.016508166666666668,26.133431305555924,0
F01,1569,3.03025485,0,0,2.98235485,-0.00001015000000004207,0.016568694444444445,26.150000000000368,0
F01,1570,3.03025485,0,0,2.99995485,-0.00004515000000004932,0.016666666666666666,26.166666666667034,0
F01,1571,3.03025485,0,0,3.01765485,0.000019849999999710377,0.016764638888888888,26.183431305555924,0
F01,1572,3.03025485,0,0,3.02855485,0.000024849999999965178,0.016825166666666665,26.20025647222259,0
F01,1573,3.03025485,0,0,3.02855485,0.000024849999999965178,0.016825166666666665,26.21708163888926,0
F01,1574,3.03025485,0,0,3.01765485,0.000019849999999710377,0.016764638888888888,26.23384627777815,0
F01,1575,3.03025485,0,0,2.99995485,-0.00004515000000004932,0.016666666666666666,26.250512944444814,0
F01,1576,3.03025485,0,0,2.98235485,-0.00001015000000004207,0.016568694444444445,26.26708163888926,0
F01,1577,3.03025485,0,0,2.9714548499999998,-0.00001515000000029687,0.016508166666666668,26.283589805555927,0
F01,1578,3.03025485,0,0,2.9714548499999998,-0.00001515000000029687,0.016508166666666668,26.300097972222595,0
F01,1579,3.03025485,0,0,2.98235485,-0.00001015000000004207,0.016568694444444445,26.31666666666704,0
F01,1580,3.03025485,0,0,2.99995485,-0.00004515000000004932,0.016666666666666666,26.333333333333705,0
F01,1581,3.03025485,0,0,3.01765485,0.000019849999999710377,0.016764638888888888,26.350097972222596,0
F01,1582,3.03025485,0,0,3.02855485,0.000024849999999965178,0.016825166666666665,26.366923138889263,0
F01,1583,3.03025485,0,0,3.02855485,0.000024849999999965178,0.016825166666666665,26.38374830555593,0
F01,1584,3.03025485,0,0,3.01765485,0.000019849999999710377,0.016764638888888888,26.40051294444482,0
F01,1585,3.03025485,0,0,2.99995485,-0.00004515000000004932,0.016666666666666666,26.417179611111486,0
F01,1586,3.03025485,0,0,2.98235485,-0.00001015000000004207,0.016568694444444445,26.43374830555593,0
F01,1587,3.03025485,0,0,2.9714548499999998,-0.00001515000000029687,0.016508166666666668,26.4502564722226,0
F01,1588,3.03025485,0,0,2.9714548499999998,-0.00001515000000029687,0.016508166666666668,26.466764638889266,0
F01,1589,3.03025485,0,0,2.98235485,-0.00001015000000004207,0.016568694444444445,26.48333333333371,0
F01,1590,3.03025485,0,0,2.99995485,-0.00004515000000004932,0.016666666666666666,26.500000000000377,0
F01,1591,3.03025485,0,0,3.01765485,0.000019849999999710377,0.016764638888888888,26.516764638889267,0
F01,1592,3.03025485,0,0,3.02855485,0.000024849999999965178,0.016825166666666665,26.533589805555934,0
F01,1593,3.03025485,0,0,3.02855485,0.000024849999999965178,0.016825166666666665,26.5504149722226,0
F01,1594,3.03025485,0,0,3.01765485,0.000019849999999710377,0.016764638888888888,26.56717961111149,0
F01,1595,3.03025485,0,0,2.99995485,-0.00004515000000004932,0.016666666666666666,26.583846277778157,0
F01,1596,3.03025485,0,0,2.98235485,-0.00001015000000004207,0.016568694444444445,26.6004149722226,0
F01,1597,3.03025485,0,0,2.9714548499999998,-0.00001515000000029687,0.016508166666666668,26.61692313888927,0
F01,1598,3.03025485,0,0,2.9714548499999998,-0.00001515000000029687,0.016508166666666668,26.633431305555938,0
F01,1599,3.03025485,0,0,2.98235485,-0.00001015000000004207,0.016568694444444445,26.650000000000382,0
F01,1600,3.03025485,0,0,2.99995485,-0.00004515000000004932,0.016666666666666666,26.666666666667048,0
F01,1601,3.03025485,0,0,3.01765485,0.000019849999999710377,0.016764638888888888,26.68343130555594,0
F01,1602,3.03025485,0,0,3.02855485,0.000024849999999965178,0.016825166666666665,26.700256472222605,0
F01,1603,3.03025485,0,0,3.02855485,0.000024849999999965178,0.016825166666666665,26.717081638889272,0
F01,1604,3.03025485,0,0,3.01765485,0.000019849999999710377,0.016764638888888888,26.733846277778163,0
F01,1605,3.03025485,0,0,2.99995485,-0.00004515000000004932,0.016666666666666666,26.75051294444483,0
F01,1606,3.03025485,0,0,2.98235485,-0.00001015000000004207,0.016568694444444445,26.767081638889273,0
F01,1607,3.03025485,0,0,2.9714548499999998,-0.00001515000000029687,0.016508166666666668,26.78358980555594,0
F01,1608,3.03025485,0,0,2.9714548499999998,-0.00001515000000029687,0.016508166666666668,26.80009797222261,0
F01,1609,3.03025485,0,0,2.98235485,-0.00001015000000004207,0.016568694444444445,26.816666666667054,0
F01,1610,3.03025485,0,0,2.99995485,-0.00004515000000004932,0.016666666666666666,26.83333333333372,0
F01,1611,3.03025485,0,0,3.01765485,0.000019849999999710377,0.016764638888888888,26.85009797222261,0
F01,1612,3.03025485,0,0,3.02855485,0.000024849999999965178,0.016825166666666665,26.866923138889277,0
F01,1613,3.03025485,0,0,3.02855485,0.000024849999999965178,0.016825166666666665,26.883748305555944,0
F01,1614,3.03025485,0,0,3.0176548499999996,0.000019849999999266288,0.016764638888888888,26.900512944444834,0
F01,1615,3.03025485,0,0,2.99995485,-0.00004515000000004932,0.016666666666666666,26.9171796111115,0
F01,1616,3.03025485,0,0,2.98235485,-0.00001015000000004207,0.016568694444444445,26.933748305555945,0
F01,1617,3.03025485,0,0,2.97145485,-0.000015149999999852781,0.016508166666666668,26.950256472222613,0
F01,1618,3.03025485,0,0,2.9714548499999998,-0.00001515000000029687,0.016508166666666668,26.96676463888928,0
F01,1619,3.03025485,0,0,2.98235485,-0.00001015000000004207,0.016568694444444445,26.983333333333725,0
F01,1620,3.03025485,0,0,2.99995485,-0.00004515000000004932,0.016666666666666666,27.00000000000039,0
F01,1621,3.03025485,0,0,3.01765485,0.000019849999999710377,0.016764638888888888,27.01676463888928,0
F01,1622,3.03025485,0,0,3.02855485,0.000024849999999965178,0.016825166666666665,27.03358980555595,0
F01,1623,3.03025485,0,0,3.02855485,0.000024849999999965178,0.016825166666666665,27.050414972222615,0
F01,1624,3.03025485,0,0,3.01765485,0.000019849999999710377,0.016764638888888888,27.067179611111506,0
F01,1625,3.03025485,0,0,2.99995485,-0.00004515000000004932,0.016666666666666666,27.08384627777817,0
F01,1626,3.03025485,0,0,2.98235485,-0.00001015000000004207,0.016568694444444445,27.100414972222616,0
F01,1627,3.03025485,0,0,2.9714548499999998,-0.00001515000000029687,0.016508166666666668,27.116923138889284,0
F01,1628,3.03025485,0,0,2.9714548499999998,-0.00001515000000029687,0.016508166666666668,27.133431305555952,0
F01,1629,3.03025485,0,0,2.98235485,-0.00001015000000004207,0.016568694444444445,27.150000000000396,0
F01,1630,3.03025485,0,0,2.99995485,-0.00004515000000004932,0.016666666666666666,27.166666666667062,0
F01,1631,3.03025485,0,0,3.01765485,0.000019849999999710377,0.016764638888888888,27.183431305555953,0
F01,1632,3.03025485,0,0,3.02855485,0.000024849999999965178,0.016825166666666665,27.20025647222262,0
F01,1633,3.03025485,0,0,3.02855485,0.000024849999999965178,0.016825166666666665,27.217081638889287,0
F01,1634,3.03025485,0,0,3.01765485,0.000019849999999710377,0.016764638888888888,27.233846277778177,0
F01,1635,3.03025485,0,0,2.99995485,-0.00004515000000004932,0.016666666666666666,27.250512944444843,0
F01,1636,3.03025485,0,0,2.98235485,-0.00001015000000004207,0.016568694444444445,27.267081638889287,0
F01,1637,3.03025485,0,0,2.9714548499999998,-0.00001515000000029687,0.016508166666666668,27.283589805555955,0
F01,1638,3.03025485,0,0,2.9714548499999998,-0.00001515000000029687,0.016508166666666668,27.300097972222623,0
F01,1639,3.03025485,0,0,2.98235485,-0.00001015000000004207,0.016568694444444445,27.316666666667068,0
F01,1640,3.03025485,0,0,2.99995485,-0.00004515000000004932,0.016666666666666666,27.333333333333734,0
F01,1641,3.03025485,0,0,3.0176548499999996,0.000019849999999266288,0.016764638888888888,27.350097972222624,0
F01,1642,3.03025485,0,0,3.02855485,0.000024849999999965178,0.016825166666666665,27.36692313888929,0
F01,1643,3.03025485,0,0,3.02855485,0.000024849999999965178,0.016825166666666665,27.383748305555958,0
F01,1644,3.03025485,0,0,3.01765485,0.000019849999999710377,0.016764638888888888,27.40051294444485,0
F01,1645,3.03025485,0,0,2.99995485,-0.00004515000000004932,0.016666666666666666,27.417179611111514,0
F01,1646,3.03025485,0,0,2.98235485,-0.00001015000000004207,0.016568694444444445,27.43374830555596,0
F01,1647,3.03025485,0,0,2.9714548499999998,-0.00001515000000029687,0.016508166666666668,27.450256472222627,0
F01,1648,3.03025485,0,0,2.9714548499999998,-0.00001515000000029687,0.016508166666666668,27.466764638889295,0
F01,1649,3.03025485,0,0,2.98235485,-0.00001015000000004207,0.016568694444444445,27.48333333333374,0
F01,1650,3.03025485,0,0,2.99995485,-0.00004515000000004932,0.016666666666666666,27.500000000000405,0
F01,1651,3.03025485,0,0,3.01765485,0.000019849999999710377,0.016764638888888888,27.516764638889295,0
F01,1652,3.03025485,0,0,3.02855485,0.000024849999999965178,0.016825166666666665,27.533589805555962,0
F01,1653,3.03025485,0,0,3.02855485,0.000024849999999965178,0.016825166666666665,27.55041497222263,0
F01,1654,3.03025485,0,0,3.01765485,0.000019849999999710377,0.016764638888888888,27.56717961111152,0
F01,1655,3.03025485,0,0,2.99995485,-0.00004515000000004932,0.016666666666666666,27.583846277778186,0
F01,1656,3.03025485,0,0,2.98235485,-0.00001015000000004207,0.016568694444444445,27.60041497222263,0
F01,1657,3.03025485,0,0,2.9714548499999998,-0.00001515000000029687,0.016508166666666668,27.616923138889298,0
F01,1658,3.03025485,0,0,2.9714548499999998,-0.00001515000000029687,0.016508166666666668,27.633431305555966,0
F01,1659,3.03025485,0,0,2.98235485,-0.00001015000000004207,0.016568694444444445,27.65000000000041,0
F01,1660,3.03025485,0,0,2.99995485,-0.00004515000000004932,0.016666666666666666,27.666666666667076,0
F01,1661,3.03025485,0,0,3.01765485,0.000019849999999710377,0.016764638888888888,27.683431305555967,0
F01,1662,3.03025485,0,0,3.02855485,0.000024849999999965178,0.016825166666666665,27.700256472222634,0
F01,1663,3.03025485,0,0,3.02855485,0.000024849999999965178,0.016825166666666665,27.7170816388893,0
F01,1664,3.03025485,0,0,3.0176548499999996,0.000019849999999266288,0.016764638888888888,27.73384627777819,0
F01,1665,3.03025485,0,0,2.99995485,-0.00004515000000004932,0.016666666666666666,27.750512944444857,0
F01,1666,3.03025485,0,0,2.98235485,-0.00001015000000004207,0.016568694444444445,27.7670816388893,0
F01,1667,3.03025485,0,0,2.9714548499999998,-0.00001515000000029687,0.016508166666666668,27.78358980555597,0
F01,1668,3.03025485,0,0,2.9714548499999998,-0.00001515000000029687,0.016508166666666668,27.800097972222638,0
F01,1669,3.03025485,0,0,2.98235485,-0.00001015000000004207,0.016568694444444445,27.816666666667082,0
F01,1670,3.03025485,0,0,2.99995485,-0.00004515000000004932,0.016666666666666666,27.833333333333748,0
F01,1671,3.03025485,0,0,3.01765485,0.000019849999999710377,0.016764638888888888,27.85009797222264,0
F01,1672,3.03025485,0,0,3.02855485,0.000024849999999965178,0.016825166666666665,27.866923138889305,0
F01,1673,3.03025485,0,0,3.02855485,0.000024849999999965178,0.016825166666666665,27.883748305555972,0
F01,1674,3.03025485,0,0,3.01765485,0.000019849999999710377,0.016764638888888888,27.900512944444863,0
F01,1675,3.03025485,0,0,2.99995485,-0.00004515000000004932,0.016666666666666666,27.91717961111153,0
F01,1676,3.03025485,0,0,2.98235485,-0.00001015000000004207,0.016568694444444445,27.933748305555973,0
F01,1677,3.03025485,0,0,2.9714548499999998,-0.00001515000000029687,0.016508166666666668,27.95025647222264,0
F01,1678,3.03025485,0,0,2.9714548499999998,-0.00001515000000029687,0.016508166666666668,27.96676463888931,0
F01,1679,3.03025485,0,0,2.98235485,-0.00001015000000004207,0.016568694444444445,27.983333333333754,0
F01,1680,3.03025485,0,0,2.99995485,-0.00004515000000004932,0.016666666666666666,28.00000000000042,0
F01,1681,3.03025485,0,0,3.01765485,0.000019849999999710377,0.016764638888888888,28.01676463888931,0
F01,1682,3.03025485,0,0,3.02855485,0.000024849999999965178,0.016825166666666665,28.033589805555977,0
F01,1683,3.03025485,0,0,3.02855485,0.000024849999999965178,0.016825166666666665,28.050414972222644,0
F01,1684,3.03025485,0,0,3.01765485,0.000019849999999710377,0.016764638888888888,28.067179611111534,0
F01,1685,3.03025485,0,0,2.99995485,-0.00004515000000004932,0.016666666666666666,28.0838462777782,0
F01,1686,3.03025485,0,0,2.98235485,-0.00001015000000004207,0.016568694444444445,28.100414972222644,0
F01,1687,3.03025485,0,0,2.9714548499999998,-0.00001515000000029687,0.016508166666666668,28.116923138889312,0
F01,1688,3.03025485,0,0,2.97145485,-0.000015149999999852781,0.016508166666666668,28.13343130555598,0
F01,1689,3.03025485,0,0,2.98235485,-0.00001015000000004207,0.016568694444444445,28.150000000000425,0
F01,1690,3.03025485,0,0,2.99995485,-0.00004515000000004932,0.016666666666666666,28.16666666666709,0
F01,1691,3.03025485,0,0,3.0176548499999996,0.000019849999999266288,0.016764638888888888,28.18343130555598,0
F01,1692,3.03025485,0,0,3.02855485,0.000024849999999965178,0.016825166666666665,28.200256472222648,0
F01,1693,3.03025485,0,0,3.02855485,0.000024849999999965178,0.016825166666666665,28.217081638889315,0
F01,1694,3.03025485,0,0,3.01765485,0.000019849999999710377,0.016764638888888888,28.233846277778206,0
F01,1695,3.03025485,0,0,2.99995485,-0.00004515000000004932,0.016666666666666666,28.25051294444487,0
F01,1696,3.03025485,0,0,2.98235485,-0.00001015000000004207,0.016568694444444445,28.267081638889316,0
F01,1697,3.03025485,0,0,2.9714548499999998,-0.00001515000000029687,0.016508166666666668,28.283589805555984,0
F01,1698,3.03025485,0,0,2.9714548499999998,-0.00001515000000029687,0.016508166666666668,28.300097972222652,0
F01,1699,3.03025485,0,0,2.98235485,-0.00001015000000004207,0.016568694444444445,28.316666666667096,0
F01,1700,3.03025485,0,0,2.99995485,-0.00004515000000004932,0.016666666666666666,28.333333333333762,0
F01,1701,3.03025485,0,0,3.01765485,0.000019849999999710377,0.016764638888888888,28.350097972222652,0
F01,1702,3.03025485,0,0,3.02855485,0.000024849999999965178,0.016825166666666665,28.36692313888932,0
F01,1703,3.03025485,0,0,3.02855485,0.000024849999999965178,0.016825166666666665,28.383748305555986,0
F01,1704,3.03025485,0,0,3.01765485,0.000019849999999710377,0.016764638888888888,28.400512944444877,0
F01,1705,3.03025485,0,0,2.99995485,-0.00004515000000004932,0.016666666666666666,28.417179611111543,0
F01,1706,3.03025485,0,0,2.98235485,-0.00001015000000004207,0.016568694444444445,28.433748305555987,0
F01,1707,3.03025485,0,0,2.9714548499999998,-0.00001515000000029687,0.016508166666666668,28.450256472222655,0
F01,1708,3.03025485,0,0,2.9714548499999998,-0.00001515000000029687,0.016508166666666668,28.466764638889323,0
F01,1709,3.03025485,0,0,2.98235485,-0.00001015000000004207,0.016568694444444445,28.483333333333768,0
F01,1710,3.03025485,0,0,2.99995485,-0.00004515000000004932,0.016666666666666666,28.500000000000433,0
F01,1711,3.03025485,0,0,3.01765485,0.000019849999999710377,0.016764638888888888,28.516764638889324,0
F01,1712,3.03025485,0,0,3.02855485,0.000024849999999965178,0.016825166666666665,28.53358980555599,0
F01,1713,3.03025485,0,0,3.02855485,0.000024849999999965178,0.016825166666666665,28.550414972222658,0
F01,1714,3.03025485,0,0,3.01765485,0.000019849999999710377,0.016764638888888888,28.56717961111155,0
F01,1715,3.03025485,0,0,2.99995485,-0.00004515000000004932,0.016666666666666666,28.583846277778214,0
F01,1716,3.03025485,0,0,2.98235485,-0.00001015000000004207,0.016568694444444445,28.60041497222266,0
F01,1717,3.03025485,0,0,2.9714548499999998,-0.00001515000000029687,0.016508166666666668,28.616923138889327,0
F01,1718,3.03025485,0,0,2.9714548499999998,-0.00001515000000029687,0.016508166666666668,28.633431305555995,0
F01,1719,3.03025485,0,0,2.98235485,-0.00001015000000004207,0.016568694444444445,28.65000000000044,0
F01,1720,3.03025485,0,0,2.99995485,-0.00004515000000004932,0.016666666666666666,28.666666666667105,0
F01,1721,3.03025485,0,0,3.01765485,0.000019849999999710377,0.016764638888888888,28.683431305555995,0
F01,1722,3.03025485,0,0,3.02855485,0.000024849999999965178,0.016825166666666665,28.700256472222662,0
F01,1723,3.03025485,0,0,3.02855485,0.000024849999999965178,0.016825166666666665,28.71708163888933,0
F01,1724,3.03025485,0,0,3.01765485,0.000019849999999710377,0.016764638888888888,28.73384627777822,0
F01,1725,3.03025485,0,0,2.99995485,-0.00004515000000004932,0.016666666666666666,28.750512944444885,0
F01,1726,3.03025485,0,0,2.98235485,-0.00001015000000004207,0.016568694444444445,28.76708163888933,0
F01,1727,3.03025485,0,0,2.9714548499999998,-0.00001515000000029687,0.016508166666666668,28.783589805555998,0
F01,1728,3.03025485,0,0,2.9714548499999998,-0.00001515000000029687,0.016508166666666668,28.800097972222666,0
F01,1729,3.03025485,0,0,2.98235485,-0.00001015000000004207,0.016568694444444445,28.81666666666711,0
F01,1730,3.03025485,0,0,2.99995485,-0.00004515000000004932,0.016666666666666666,28.833333333333776,0
F01,1731,3.03025485,0,0,3.01765485,0.000019849999999710377,0.016764638888888888,28.850097972222667,0
F01,1732,3.03025485,0,0,3.02855485,0.000024849999999965178,0.016825166666666665,28.866923138889334,0
F01,1733,3.03025485,0,0,3.02855485,0.000024849999999965178,0.016825166666666665,28.883748305556,0
F01,1734,3.03025485,0,0,3.01765485,0.000019849999999710377,0.016764638888888888,28.90051294444489,0
F01,1735,3.03025485,0,0,2.99995485,-0.00004515000000004932,0.016666666666666666,28.917179611111557,0
F01,1736,3.03025485,0,0,2.98235485,-0.00001015000000004207,0.016568694444444445,28.933748305556,0
F01,1737,3.03025485,0,0,2.97145485,-0.000015149999999852781,0.016508166666666668,28.95025647222267,0
F01,1738,3.03025485,0,0,2.9714548499999998,-0.00001515000000029687,0.016508166666666668,28.966764638889337,0
F01,1739,3.03025485,0,0,2.98235485,-0.00001015000000004207,0.016568694444444445,28.983333333333782,0
F01,1740,3.03025485,0,0,2.99995485,-0.00004515000000004932,0.016666666666666666,29.000000000000448,0
F01,1741,3.03025485,0,0,3.01765485,0.000019849999999710377,0.016764638888888888,29.016764638889338,0
F01,1742,3.03025485,0,0,3.02855485,0.000024849999999965178,0.016825166666666665,29.033589805556005,0
F01,1743,3.03025485,0,0,3.02855485,0.000024849999999965178,0.016825166666666665,29.050414972222672,0
F01,1744,3.03025485,0,0,3.01765485,0.000019849999999710377,0.016764638888888888,29.067179611111563,0
F01,1745,3.03025485,0,0,2.99995485,-0.00004515000000004932,0.016666666666666666,29.08384627777823,0
F01,1746,3.03025485,0,0,2.98235485,-0.00001015000000004207,0.016568694444444445,29.100414972222673,0
F01,1747,3.03025485,0,0,2.9714548499999998,-0.00001515000000029687,0.016508166666666668,29.11692313888934,0
F01,1748,3.03025485,0,0,2.9714548499999998,-0.00001515000000029687,0.016508166666666668,29.13343130555601,0
F01,1749,3.03025485,0,0,2.98235485,-0.00001015000000004207,0.016568694444444445,29.150000000000453,0
F01,1750,3.03025485,0,0,2.99995485,-0.00004515000000004932,0.016666666666666666,29.16666666666712,0
F01,1751,3.03025485,0,0,3.01765485,0.000019849999999710377,0.016764638888888888,29.18343130555601,0
F01,1752,3.03025485,0,0,3.02855485,0.000024849999999965178,0.016825166666666665,29.200256472222677,0
F01,1753,3.03025485,0,0,3.02855485,0.000024849999999965178,0.016825166666666665,29.217081638889344,0
F01,1754,3.03025485,0,0,3.01765485,0.000019849999999710377,0.016764638888888888,29.233846277778234,0
F01,1755,3.03025485,0,0,2.99995485,-0.00004515000000004932,0.016666666666666666,29.2505129444449,0
F01,1756,3.03025485,0,0,2.98235485,-0.00001015000000004207,0.016568694444444445,29.267081638889344,0
F01,1757,3.03025485,0,0,2.9714548499999998,-0.00001515000000029687,0.016508166666666668,29.283589805556012,0
F01,1758,3.03025485,0,0,2.9714548499999998,-0.00001515000000029687,0.016508166666666668,29.30009797222268,0
F01,1759,3.03025485,0,0,2.98235485,-0.00001015000000004207,0.016568694444444445,29.316666666667125,0
F01,1760,3.03025485,0,0,2.99995485,-0.00004515000000004932,0.016666666666666666,29.33333333333379,0
F01,1761,3.03025485,0,0,3.01765485,0.000019849999999710377,0.016764638888888888,29.35009797222268,0
F01,1762,3.03025485,0,0,3.02855485,0.000024849999999965178,0.016825166666666665,29.366923138889348,0
F01,1763,3.03025485,0,0,3.02855485,0.000024849999999965178,0.016825166666666665,29.383748305556015,0
F01,1764,3.03025485,0,0,3.01765485,0.000019849999999710377,0.016764638888888888,29.400512944444905,0
F01,1765,3.03025485,0,0,2.99995485,-0.00004515000000004932,0.016666666666666666,29.41717961111157,0
F01,1766,3.03025485,0,0,2.98235485,-0.00001015000000004207,0.016568694444444445,29.433748305556016,0
F01,1767,3.03025485,0,0,2.9714548499999998,-0.00001515000000029687,0.016508166666666668,29.450256472222684,0
F01,1768,3.03025485,0,0,2.9714548499999998,-0.00001515000000029687,0.016508166666666668,29.46676463888935,0
F01,1769,3.03025485,0,0,2.98235485,-0.00001015000000004207,0.016568694444444445,29.483333333333796,0
F01,1770,3.03025485,0,0,2.99995485,-0.00004515000000004932,0.016666666666666666,29.500000000000462,0
F01,1771,3.03025485,0,0,3.01765485,0.000019849999999710377,0.016764638888888888,29.516764638889352,0
F01,1772,3.03025485,0,0,3.02855485,0.000024849999999965178,0.016825166666666665,29.53358980555602,0
F01,1773,3.03025485,0,0,3.02855485,0.000024849999999965178,0.016825166666666665,29.550414972222686,0
F01,1774,3.03025485,0,0,3.01765485,0.000019849999999710377,0.016764638888888888,29.567179611111577,0
F01,1775,3.03025485,0,0,2.99995485,-0.00004515000000004932,0.016666666666666666,29.583846277778242,0
F01,1776,3.03025485,0,0,2.98235485,-0.00001015000000004207,0.016568694444444445,29.600414972222687,0
F01,1777,3.03025485,0,0,2.9714548499999998,-0.00001515000000029687,0.016508166666666668,29.616923138889355,0
F01,1778,3.03025485,0,0,2.9714548499999998,-0.00001515000000029687,0.016508166666666668,29.633431305556023,0
F01,1779,3.03025485,0,0,2.98235485,-0.00001015000000004207,0.016568694444444445,29.650000000000468,0
F01,1780,3.03025485,0,0,2.99995485,-0.00004515000000004932,0.016666666666666666,29.666666666667133,0
F01,1781,3.03025485,0,0,3.01765485,0.000019849999999710377,0.016764638888888888,29.683431305556024,0
F01,1782,3.03025485,0,0,3.02855485,0.000024849999999965178,0.016825166666666665,29.70025647222269,0
F01,1783,3.03025485,0,0,3.02855485,0.000024849999999965178,0.016825166666666665,29.717081638889358,0
F01,1784,3.03025485,0,0,3.01765485,0.000019849999999710377,0.016764638888888888,29.733846277778248,0
F01,1785,3.03025485,0,0,2.99995485,-0.00004515000000004932,0.016666666666666666,29.750512944444914,0
F01,1786,3.03025485,0,0,2.98235485,-0.00001015000000004207,0.016568694444444445,29.76708163888936,0
F01,1787,3.03025485,0,0,2.9714548499999998,-0.00001515000000029687,0.016508166666666668,29.783589805556026,0
F01,1788,3.03025485,0,0,2.9714548499999998,-0.00001515000000029687,0.016508166666666668,29.800097972222694,0
F01,1789,3.03025485,0,0,2.98235485,-0.00001015000000004207,0.016568694444444445,29.81666666666714,0
F01,1790,3.03025485,0,0,2.99995485,-0.00004515000000004932,0.016666666666666666,29.833333333333805,0
F01,1791,3.03025485,0,0,3.01765485,0.000019849999999710377,0.016764638888888888,29.850097972222695,0
F01,1792,3.03025485,0,0,3.02855485,0.000024849999999965178,0.016825166666666665,29.866923138889362,0
F01,1793,3.03025485,0,0,3.02855485,0.000024849999999965178,0.016825166666666665,29.88374830555603,0
F01,1794,3.03025485,0,0,3.0176548499999996,0.000019849999999266288,0.016764638888888888,29.90051294444492,0
F01,1795,3.03025485,0,0,2.99995485,-0.00004515000000004932,0.016666666666666666,29.917179611111585,0
F01,1796,3.03025485,0,0,2.98235485,-0.00001015000000004207,0.016568694444444445,29.93374830555603,0
F01,1797,3.03025485,0,0,2.9714548499999998,-0.00001515000000029687,0.016508166666666668,29.950256472222698,0
F01,1798,3.03025485,0,0,2.9714548499999998,-0.00001515000000029687,0.016508166666666668,29.966764638889366,0
F01,1799,3.03025485,0,0,2.98235485,-0.00001015000000004207,0.016568694444444445,29.98333333333381,0
F01,1800,3.03025485,0,0,2.99995485,-0.00004515000000004932,0.016666666666666666,30.000000000000476,0
F02,1,3.03025485,0,0,3.01765485,0.000019849999999710377,0.016764638888888888,0.016764638888888888,0
F02,2,3.03025485,0,0,3.02855485,0.000024849999999965178,0.016825166666666665,0.03358980555555555,0
F02,3,3.03025485,0,0,3.02855485,0.000024849999999965178,0.016825166666666665,0.050414972222222215,0
F02,4,3.03025485,0,0,3.01765485,0.000019849999999710377,0.016764638888888888,0.0671796111111111,0
F02,5,3.03025485,0,0,2.99995485,-0.00004515000000004932,0.016666666666666666,0.08384627777777777,0
F02,6,3.03025485,0,0,2.98235485,-0.00001015000000004207,0.016568694444444445,0.10041497222222222,0
F02,7,3.03025485,0,0,2.9714548499999998,-0.00001515000000029687,0.016508166666666668,0.11692313888888889,0
F02,8,3.03025485,0,0,2.9714548499999998,-0.00001515000000029687,0.016508166666666668,0.13343130555555555,0
F02,9,3.03025485,0,0,2.98235485,-0.00001015000000004207,0.016568694444444445,0.15,0
F02,10,3.03025485,0,0,2.99995485,-0.00004515000000004932,0.016666666666666666,0.16666666666666666,0
F02,11,3.03025485,0,0,3.01765485,0.000019849999999710377,0.016764638888888888,0.18343130555555553,0
F02,12,3.03025485,0,0,3.02855485,0.000024849999999965178,0.016825166666666665,0.2002564722222222,0
F02,13,3.03025485,0,0,3.02855485,0.000024849999999965178,0.016825166666666665,0.21708163888888887,0
F02,14,3.03025485,0,0,3.01765485,0.000019849999999710377,0.016764638888888888,0.23384627777777775,0
F02,15,3.03025485,0,0,2.99995485,-0.00004515000000004932,0.016666666666666666,0.25051294444444444,0
F02,16,3.03025485,0,0,2.98235485,-0.00001015000000004207,0.016568694444444445,0.26708163888888886,0
F02,17,3.03025485,0,0,2.9714548499999998,-0.00001515000000029687,0.016508166666666668,0.2835898055555555,0
F02,18,3.03025485,0,0,2.9714548499999998,-0.00001515000000029687,0.016508166666666668,0.3000979722222222,0
F02,19,3.03025485,0,0,2.98235485,-0.00001015000000004207,0.016568694444444445,0.3166666666666666,0
F02,20,3.03025485,0,0,2.99995485,-0.00004515000000004932,0.016666666666666666,0.33333333333333326,0
F02,21,3.03025485,0,0,3.01765485,0.000019849999999710377,0.016764638888888888,0.35009797222222216,0
F02,22,3.03025485,0,0,3.02855485,0.000024849999999965178,0.016825166666666665,0.36692313888888883,0
F02,23,3.03025485,0,0,3.02855485,0.000024849999999965178,0.016825166666666665,0.3837483055555555,0
F02,24,3.03025485,0,0,3.01765485,0.000019849999999710377,0.016764638888888888,0.4005129444444444,0
F02,25,3.03025485,0,0,2.99995485,-0.00004515000000004932,0.016666666666666666,0.41717961111111107,0
F02,26,3.03025485,0,0,2.98235485,-0.00001015000000004207,0.016568694444444445,0.4337483055555555,0
F02,27,3.03025485,0,0,2.97145485,-0.000015149999999852781,0.016508166666666668,0.45025647222222215,0
F02,28,3.03025485,0,0,2.97145485,-0.000015149999999852781,0.016508166666666668,0.4667646388888888,0
F02,29,3.03025485,0,0,2.98235485,-0.00001015000000004207,0.016568694444444445,0.4833333333333332,0
F02,30,3.03025485,0,0,2.99995485,-0.00004515000000004932,0.016666666666666666,0.4999999999999999,0
F02,31,3.03025485,0,0,3.01765485,0.000019849999999710377,0.016764638888888888,0.5167646388888888,0
F02,32,3.03025485,0,0,3.02855485,0.000024849999999965178,0.016825166666666665,0.5335898055555555,0
F02,33,3.03025485,0,0,3.02855485,0.000024849999999965178,0.016825166666666665,0.5504149722222221,0
F02,34,3.03025485,0,0,3.01765485,0.000019849999999710377,0.016764638888888888,0.567179611111111,0
F02,35,3.03025485,0,0,2.99995485,-0.00004515000000004932,0.016666666666666666,0.5838462777777778,0
F02,36,3.03025485,0,0,2.98235485,-0.00001015000000004207,0.016568694444444445,0.6004149722222222,0
F02,37,3.03025485,0,0,2.9714548499999998,-0.00001515000000029687,0.016508166666666668,0.6169231388888888,0
F02,38,3.03025485,0,0,2.9714548499999998,-0.00001515000000029687,0.016508166666666668,0.6334313055555555,0
F02,39,3.03025485,0,0,2.98235485,-0.00001015000000004207,0.016568694444444445,0.6499999999999999,0
F02,40,3.03025485,0,0,2.99995485,-0.00004515000000004932,0.016666666666666666,0.6666666666666666,0
F02,41,3.03025485,0,0,3.01765485,0.000019849999999710377,0.016764638888888888,0.6834313055555555,0
F02,42,3.03025485,0,0,3.02855485,0.000024849999999965178,0.016825166666666665,0.7002564722222222,0
F02,43,3.03025485,0,0,3.02855485,0.000024849999999965178,0.016825166666666665,0.7170816388888889,0
F02,44,3.03025485,0,0,3.01765485,0.000019849999999710377,0.016764638888888888,0.7338462777777778,0
F02,45,3.03025485,0,0,2.99995485,-0.00004515000000004932,0.016666666666666666,0.7505129444444445,0
F02,46,3.03025485,0,0,2.98235485,-0.00001015000000004207,0.016568694444444445,0.7670816388888889,0
F02,47,3.03025485,0,0,2.9714548499999998,-0.00001515000000029687,0.016508166666666668,0.7835898055555556,0
F02,48,3.03025485,0,0,2.9714548499999998,-0.00001515000000029687,0.016508166666666668,0.8000979722222222,0
F02,49,3.03025485,0,0,2.98235485,-0.00001015000000004207,0.016568694444444445,0.8166666666666667,0
F02,50,3.03025485,0,0,2.99995485,-0.00004515000000004932,0.016666666666666666,0.8333333333333334,0
F02,51,3.03025485,0,0,3.01765485,0.000019849999999710377,0.016764638888888888,0.8500979722222223,0
F02,52,3.03025485,0,0,3.02855485,0.000024849999999965178,0.016825166666666665,0.8669231388888889,0
F02,53,3.03025485,0,0,3.02855485,0.000024849999999965178,0.016825166666666665,0.8837483055555556,0
F02,54,3.03025485,0,0,3.01765485,0.000019849999999710377,0.016764638888888888,0.9005129444444445,0
F02,55,3.03025485,0,0,2.99995485,-0.00004515000000004932,0.016666666666666666,0.9171796111111112,0
F02,56,3.03025485,0,0,2.98235485,-0.00001015000000004207,0.016568694444444445,0.9337483055555557,0
F02,57,3.03025485,0,0,2.9714548499999998,-0.00001515000000029687,0.016508166666666668,0.9502564722222223,0
F02,58,3.03025485,0,0,2.9714548499999998,-0.00001515000000029687,0.016508166666666668,0.966764638888889,0
F02,59,3.03025485,0,0,2.98235485,-0.00001015000000004207,0.016568694444444445,0.9833333333333334,0
F02,60,3.03025485,0,0,2.99995485,-0.00004515000000004932,0.016666666666666666,1,0
F02,61,3.1989390366499997,0,0,3.01763903665,0.0000040366499995947436,0.016764638888888888,1.016764638888889,0
F02,62,3.36661313835,0,0,3.02851313835,-0.00001686164999981088,0.016825166666666665,1.0335898055555555,0
F02,63,3.535297325,0,0,3.028497325,-0.00003267499999992651,0.016825166666666665,1.050414972222222,0
F02,64,3.7039815116500003,0,0,3.01768151165,0.000046511649999914084,0.016764638888888888,1.067179611111111,0
F02,65,3.8716556133499997,0,0,2.9999556133499996,-0.00004438665000039421,0.016666666666666666,1.0838462777777775,0
F02,66,4.0403398,0,0,2.9823398,-0.00002520000000005851,0.016568694444444445,1.100414972222222,0
F02,67,4.209023986650001,0,0,2.971423986650001,-0.000046013349999096675,0.016508166666666668,1.1169231388888887,0
F02,68,4.37669808835,0,0,2.9714980883500006,0.000028088350000565754,0.016508166666666668,1.1334313055555554,0
F02,69,4.545382275,0,0,2.982382275,0.000017274999999816743,0.016568694444444445,1.15,0
F02,70,4.71406646165,0,0,2.9999664616499997,-0.00003353835000030614,0.016666666666666666,1.1666666666666665,0
F02,71,4.88174056335,0,0,3.01764056335,0.000005563349999793132,0.016764638888888888,1.1834313055555554,0
F02,72,5.05042475,0,0,3.0285247500000003,-0.000005249999999623611,0.016825166666666665,1.200256472222222,0
F02,73,5.2191089366500005,0,0,3.0285089366500006,-0.000021063349999295156,0.016825166666666665,1.2170816388888885,0
F02,74,5.386783038350001,0,0,3.017683038350001,0.00004803835000055656,0.016764638888888888,1.2338462777777774,0
F02,75,5.555467225,0,0,2.999967225,-0.000032775000000206944,0.016666666666666666,1.250512944444444,0
F02,76,5.72415141165,0,0,2.9823514116500007,-0.000013588349999427152,0.016568694444444445,1.2670816388888886,0
F02,77,5.891825513350001,0,0,2.9714255133500007,-0.000044486649999342376,0.016508166666666668,1.2835898055555552,0
F02,78,6.0605097,0,0,2.9715096999999995,0.000039699999999420754,0.016508166666666668,1.300097972222222,0
F02,79,6.22919388665,0,0,2.9823938866499997,0.00002888664999955992,0.016568694444444445,1.3166666666666664,0
F02,80,6.3968679883499995,0,0,2.9999679883499994,-0.00003201165000055184,0.016666666666666666,1.333333333333333,0
F02,81,6.5655521750000005,0,0,3.0176521750000003,0.0000171749999999804,0.016764638888888888,1.350097972222222,0
F02,82,6.73423636165,0,0,3.0285363616499996,0.000006361649999675478,0.016825166666666665,1.3669231388888885,0
F02,83,6.90191046335,0,0,3.0285104633500004,-0.000019536649999540856,0.016825166666666665,1.383748305555555,0
F02,84,7.07059465,0,0,3.0175946500000004,-0.00004034999999991129,0.016764638888888888,1.400512944444444,0
F02,85,7.23927883665,0,0,2.9999788366499995,-0.000021163350000463765,0.016666666666666666,1.4171796111111106,0
F02,86,7.406952938349999,0,0,2.982352938349999,-0.00001206165000100512,0.016568694444444445,1.433748305555555,0
F02,87,7.575637125,0,0,2.9714371249999996,-0.000032875000000487375,0.016508166666666668,1.4502564722222218,0
F02,88,7.744321311650001,0,0,2.9714213116500012,-0.00004868834999882665,0.016508166666666668,1.4667646388888884,0
F02,89,7.911995413350001,0,0,2.982395413350001,0.00003041335000064649,0.016568694444444445,1.483333333333333,0
F02,90,8.0806796,0,0,2.9999795999999996,-0.00002040000000036457,0.016666666666666666,1.4999999999999996,0
F02,91,8.0806796,0,0,3.0176795999999992,0.000044599999998951034,0.016764638888888888,1.5167646388888885,0
F02,92,8.0806796,0,0,3.0285795999999996,0.000049599999999649924,0.016825166666666665,1.533589805555555,0
F02,93,8.0806796,0,0,3.0285795999999996,0.000049599999999649924,0.016825166666666665,1.5504149722222216,0
F02,94,8.0806796,0,0,3.0176795999999992,0.000044599999998951034,0.016764638888888888,1.5671796111111105,0
F02,95,8.0806796,0,0,2.9999795999999996,-0.00002040000000036457,0.016666666666666666,1.583846277777777,0
F02,96,8.0806796,0,0,2.9823796,0.000014599999999642677,0.016568694444444445,1.6004149722222216,0
F02,97,8.0806796,0,0,2.9714795999999994,0.000009599999999387876,0.016508166666666668,1.6169231388888883,0
F02,98,8.0806796,0,0,2.9714795999999994,0.000009599999999387876,0.016508166666666668,1.633431305555555,0
F02,99,8.0806796,0,0,2.9823796,0.000014599999999642677,0.016568694444444445,1.6499999999999995,0
F02,100,8.0806796,0,0,2.9999795999999996,-0.00002040000000036457,0.016666666666666666,1.666666666666666,0
F02,101,8.0806796,0,0,3.0176796,0.00004459999999983921,0.016764638888888888,1.683431305555555,0
F02,102,8.0806796,0,0,3.0285795999999996,0.000049599999999649924,0.016825166666666665,1.7002564722222215,0
F02,103,8.0806796,0,0,3.0285796000000005,0.0000496000000005381,0.016825166666666665,1.717081638888888,0
F02,104,8.0806796,0,0,3.0176796,0.00004459999999983921,0.016764638888888888,1.733846277777777,0
F02,105,8.0806796,0,0,2.9999795999999996,-0.00002040000000036457,0.016666666666666666,1.7505129444444436,0
F02,106,8.0806796,0,0,2.9823796,0.000014599999999642677,0.016568694444444445,1.7670816388888881,0
F02,107,8.0806796,0,0,2.9714796000000003,0.000009600000000276054,0.016508166666666668,1.7835898055555548,0
F02,108,8.0806796,0,0,2.9714796000000003,0.000009600000000276054,0.016508166666666668,1.8000979722222215,0
F02,109,8.0806796,0,0,2.9823796,0.000014599999999642677,0.016568694444444445,1.816666666666666,0
F02,110,8.0806796,0,0,2.9999795999999996,-0.00002040000000036457,0.016666666666666666,1.8333333333333326,0
F02,111,8.0806796,0,0,3.0176796,0.00004459999999983921,0.016764638888888888,1.8500979722222215,0
F02,112,8.0806796,0,0,3.0285795999999996,0.000049599999999649924,0.016825166666666665,1.866923138888888,0
F02,113,8.0806796,0,0,3.0285796000000005,0.0000496000000005381,0.016825166666666665,1.8837483055555546,0
F02,114,8.0806796,0,0,3.0176796,0.00004459999999983921,0.016764638888888888,1.9005129444444435,0
F02,115,8.0806796,0,0,2.9999795999999996,-0.00002040000000036457,0.016666666666666666,1.9171796111111101,0
F02,116,8.0806796,0,0,2.9823796,0.000014599999999642677,0.016568694444444445,1.9337483055555547,0
F02,117,8.0806796,0,0,2.9714796000000003,0.000009600000000276054,0.016508166666666668,1.9502564722222213,0
F02,118,8.0806796,0,0,2.9714795999999994,0.000009599999999387876,0.016508166666666668,1.966764638888888,0
F02,119,8.0806796,0,0,2.9823796,0.000014599999999642677,0.016568694444444445,1.9833333333333325,0
F02,120,8.0806796,0,0,2.9999795999999996,-0.00002040000000036457,0.016666666666666666,1.9999999999999991,0
F02,121,8.0806796,0,0,3.0176795999999992,0.000044599999998951034,0.016764638888888888,2.016764638888888,0
F02,122,8.0806796,0,0,3.0285796000000005,0.0000496000000005381,0.016825166666666665,2.0335898055555544,0
F02,123,8.0806796,0,0,3.0285796000000005,0.0000496000000005381,0.016825166666666665,2.050414972222221,0
F02,124,8.0806796,0,0,3.0176795999999992,0.000044599999998951034,0.016764638888888888,2.0671796111111096,0
F02,125,8.0806796,0,0,2.9999796000000005,-0.000020399999999476393,0.016666666666666666,2.083846277777776,0
F02,126,8.0806796,0,0,2.9823796,0.000014599999999642677,0.016568694444444445,2.1004149722222207,0
F02,127,8.0806796,0,0,2.9714796000000003,0.000009600000000276054,0.016508166666666668,2.1169231388888874,0
F02,128,8.0806796,0,0,2.9714795999999994,0.000009599999999387876,0.016508166666666668,2.133431305555554,0
F02,129,8.0806796,0,0,2.9823796,0.000014599999999642677,0.016568694444444445,2.1499999999999986,0
F02,130,8.0806796,0,0,2.9999795999999996,-0.00002040000000036457,0.016666666666666666,2.166666666666665,0
F02,131,8.0806796,0,0,3.0176796,0.00004459999999983921,0.016764638888888888,2.183431305555554,0
F02,132,8.0806796,0,0,3.0285796000000005,0.0000496000000005381,0.016825166666666665,2.2002564722222204,0
F02,133,8.0806796,0,0,3.0285795999999996,0.000049599999999649924,0.016825166666666665,2.217081638888887,0
F02,134,8.0806796,0,0,3.0176795999999992,0.000044599999998951034,0.016764638888888888,2.2338462777777757,0
F02,135,8.0806796,0,0,2.9999795999999996,-0.00002040000000036457,0.016666666666666666,2.2505129444444423,0
F02,136,8.0806796,0,0,2.9823796,0.000014599999999642677,0.016568694444444445,2.267081638888887,0
F02,137,8.0806796,0,0,2.9714795999999994,0.000009599999999387876,0.016508166666666668,2.2835898055555535,0
F02,138,8.0806796,0,0,2.9714795999999994,0.000009599999999387876,0.016508166666666668,2.30009797222222,0
F02,139,8.0806796,0,0,2.9823796,0.000014599999999642677,0.016568694444444445,2.3166666666666647,0
F02,140,8.0806796,0,0,2.9999796000000005,-0.000020399999999476393,0.016666666666666666,2.3333333333333313,0
F02,141,8.0806796,0,0,3.0176796,0.00004459999999983921,0.016764638888888888,2.35009797222222,0
F02,142,8.0806796,0,0,3.0285796000000005,0.0000496000000005381,0.016825166666666665,2.3669231388888865,0
F02,143,8.0806796,0,0,3.0285795999999996,0.000049599999999649924,0.016825166666666665,2.383748305555553,0
F02,144,8.0806796,0,0,3.0176796,0.00004459999999983921,0.016764638888888888,2.4005129444444417,0
F02,145,8.0806796,0,0,2.9999795999999996,-0.00002040000000036457,0.016666666666666666,2.4171796111111084,0
F02,146,8.0806796,0,0,2.9823796,0.000014599999999642677,0.016568694444444445,2.433748305555553,0
F02,147,8.0806796,0,0,2.9714796000000003,0.000009600000000276054,0.016508166666666668,2.4502564722222195,0
F02,148,8.0806796,0,0,2.9714796000000003,0.000009600000000276054,0.016508166666666668,2.466764638888886,0
F02,149,8.0806796,0,0,2.9823796,0.000014599999999642677,0.016568694444444445,2.4833333333333307,0
F02,150,8.0806796,0,0,2.9999795999999996,-0.00002040000000036457,0.016666666666666666,2.4999999999999973,0
F02,151,8.0806796,0,0,3.0176795999999992,0.000044599999998951034,0.016764638888888888,2.516764638888886,0
F02,152,8.0806796,0,0,3.0285796000000005,0.0000496000000005381,0.016825166666666665,2.5335898055555526,0
F02,153,8.0806796,0,0,3.0285796000000005,0.0000496000000005381,0.016825166666666665,2.550414972222219,0
F02,154,8.0806796,0,0,3.0176795999999992,0.000044599999998951034,0.016764638888888888,2.567179611111108,0
F02,155,8.0806796,0,0,2.9999795999999996,-0.00002040000000036457,0.016666666666666666,2.5838462777777744,0
F02,156,8.0806796,0,0,2.9823796,0.000014599999999642677,0.016568694444444445,2.600414972222219,0
F02,157,8.0806796,0,0,2.9714796000000003,0.000009600000000276054,0.016508166666666668,2.6169231388888856,0
F02,158,8.0806796,0,0,2.9714796000000003,0.000009600000000276054,0.016508166666666668,2.6334313055555523,0
F02,159,8.0806796,0,0,2.9823796,0.000014599999999642677,0.016568694444444445,2.649999999999997,0
F02,160,8.0806796,0,0,2.9999795999999996,-0.00002040000000036457,0.016666666666666666,2.6666666666666634,0
F02,161,8.0806796,0,0,3.0176796,0.00004459999999983921,0.016764638888888888,2.683431305555552,0
F02,162,8.0806796,0,0,3.0285796000000005,0.0000496000000005381,0.016825166666666665,2.7002564722222187,0
F02,163,8.0806796,0,0,3.0285795999999996,0.000049599999999649924,0.016825166666666665,2.717081638888885,0
F02,164,8.0806796,0,0,3.0176795999999992,0.000044599999998951034,0.016764638888888888,2.733846277777774,0
F02,165,8.0806796,0,0,2.9999795999999996,-0.00002040000000036457,0.016666666666666666,2.7505129444444405,0
F02,166,8.0806796,0,0,2.9823796,0.000014599999999642677,0.016568694444444445,2.767081638888885,0
F02,167,8.0806796,0,0,2.9714796000000003,0.000009600000000276054,0.016508166666666668,2.7835898055555517,0
F02,168,8.0806796,0,0,2.9714795999999994,0.000009599999999387876,0.016508166666666668,2.8000979722222183,0
F02,169,8.0806796,0,0,2.9823796,0.000014599999999642677,0.016568694444444445,2.816666666666663,0
F02,170,8.0806796,0,0,2.9999795999999996,-0.00002040000000036457,0.016666666666666666,2.8333333333333295,0
F02,171,8.0806796,0,0,3.0176796,0.00004459999999983921,0.016764638888888888,2.850097972222218,0
F02,172,8.0806796,0,0,3.0285796000000005,0.0000496000000005381,0.016825166666666665,2.8669231388888847,0
F02,173,8.0806796,0,0,3.0285795999999996,0.000049599999999649924,0.016825166666666665,2.8837483055555513,0
F02,174,8.0806796,0,0,3.0176795999999992,0.000044599999998951034,0.016764638888888888,2.90051294444444,0
F02,175,8.0806796,0,0,2.9999795999999996,-0.00002040000000036457,0.016666666666666666,2.9171796111111066,0
F02,176,8.0806796,0,0,2.9823796,0.000014599999999642677,0.016568694444444445,2.933748305555551,0
F02,177,8.0806796,0,0,2.9714795999999994,0.000009599999999387876,0.016508166666666668,2.9502564722222178,0
F02,178,8.0806796,0,0,2.9714795999999994,0.000009599999999387876,0.016508166666666668,2.9667646388888844,0
F02,179,8.0806796,0,0,2.9823796,0.000014599999999642677,0.016568694444444445,2.983333333333329,0
F02,180,8.0806796,0,0,2.9999795999999996,-0.00002040000000036457,0.016666666666666666,2.9999999999999956,0
F03,1,3.03025485,0,0,3.01765485,0.000019849999999710377,0.016764638888888888,0.016764638888888888,0
F03,2,3.03025485,0,0,3.02855485,0.000024849999999965178,0.016825166666666665,0.03358980555555555,0
F03,3,3.03025485,0,0,3.02855485,0.000024849999999965178,0.016825166666666665,0.050414972222222215,0
F03,4,3.03025485,0,0,3.01765485,0.000019849999999710377,0.016764638888888888,0.0671796111111111,0
F03,5,3.03025485,0,0,2.99995485,-0.00004515000000004932,0.016666666666666666,0.08384627777777777,0
F03,6,3.03025485,0,0,2.98235485,-0.00001015000000004207,0.016568694444444445,0.10041497222222222,0
F03,7,3.03025485,0,0,2.9714548499999998,-0.00001515000000029687,0.016508166666666668,0.11692313888888889,0
F03,8,3.03025485,0,0,2.9714548499999998,-0.00001515000000029687,0.016508166666666668,0.13343130555555555,0
F03,9,3.03025485,0,0,2.98235485,-0.00001015000000004207,0.016568694444444445,0.15,0
F03,10,3.03025485,0,0,2.99995485,-0.00004515000000004932,0.016666666666666666,0.16666666666666666,0
F03,11,3.03025485,0,0,3.01765485,0.000019849999999710377,0.016764638888888888,0.18343130555555553,0
F03,12,3.03025485,0,0,3.02855485,0.000024849999999965178,0.016825166666666665,0.2002564722222222,0
F03,13,3.03025485,0,0,3.02855485,0.000024849999999965178,0.016825166666666665,0.21708163888888887,0
F03,14,3.03025485,0,0,3.01765485,0.000019849999999710377,0.016764638888888888,0.23384627777777775,0
F03,15,3.03025485,0,0,2.99995485,-0.00004515000000004932,0.016666666666666666,0.25051294444444444,0
F03,16,3.03025485,0,0,2.98235485,-0.00001015000000004207,0.016568694444444445,0.26708163888888886,0
F03,17,3.03025485,0,0,2.9714548499999998,-0.00001515000000029687,0.016508166666666668,0.2835898055555555,0
F03,18,3.03025485,0,0,2.9714548499999998,-0.00001515000000029687,0.016508166666666668,0.3000979722222222,0
F03,19,3.03025485,0,0,2.98235485,-0.00001015000000004207,0.016568694444444445,0.3166666666666666,0
F03,20,3.03025485,0,0,2.99995485,-0.00004515000000004932,0.016666666666666666,0.33333333333333326,0
F03,21,3.03025485,0,0,3.01765485,0.000019849999999710377,0.016764638888888888,0.35009797222222216,0
F03,22,3.03025485,0,0,3.02855485,0.000024849999999965178,0.016825166666666665,0.36692313888888883,0
F03,23,3.03025485,0,0,3.02855485,0.000024849999999965178,0.016825166666666665,0.3837483055555555,0
F03,24,3.03025485,0,0,3.01765485,0.000019849999999710377,0.016764638888888888,0.4005129444444444,0
F03,25,3.03025485,0,0,2.99995485,-0.00004515000000004932,0.016666666666666666,0.41717961111111107,0
F03,26,3.03025485,0,0,2.98235485,-0.00001015000000004207,0.016568694444444445,0.4337483055555555,0
F03,27,3.03025485,0,0,2.97145485,-0.000015149999999852781,0.016508166666666668,0.45025647222222215,0
F03,28,3.03025485,0,0,2.97145485,-0.000015149999999852781,0.016508166666666668,0.4667646388888888,0
F03,29,3.03025485,0,0,2.98235485,-0.00001015000000004207,0.016568694444444445,0.4833333333333332,0
F03,30,3.03025485,0,0,2.99995485,-0.00004515000000004932,0.016666666666666666,0.4999999999999999,0
F03,31,3.03025485,0,0,3.01765485,0.000019849999999710377,0.016764638888888888,0.5167646388888888,0
F03,32,3.03025485,0,0,3.02855485,0.000024849999999965178,0.016825166666666665,0.5335898055555555,0
F03,33,3.03025485,0,0,3.02855485,0.000024849999999965178,0.016825166666666665,0.5504149722222221,0
F03,34,3.03025485,0,0,3.01765485,0.000019849999999710377,0.016764638888888888,0.567179611111111,0
F03,35,3.03025485,0,0,2.99995485,-0.00004515000000004932,0.016666666666666666,0.5838462777777778,0
F03,36,3.03025485,0,0,2.98235485,-0.00001015000000004207,0.016568694444444445,0.6004149722222222,0
F03,37,3.03025485,0,0,2.9714548499999998,-0.00001515000000029687,0.016508166666666668,0.6169231388888888,0
F03,38,3.03025485,0,0,2.9714548499999998,-0.00001515000000029687,0.016508166666666668,0.6334313055555555,0
F03,39,3.03025485,0,0,2.98235485,-0.00001015000000004207,0.016568694444444445,0.6499999999999999,0
F03,40,3.03025485,0,0,2.99995485,-0.00004515000000004932,0.016666666666666666,0.6666666666666666,0
F03,41,3.03025485,0,0,3.01765485,0.000019849999999710377,0.016764638888888888,0.6834313055555555,0
F03,42,3.03025485,0,0,3.02855485,0.000024849999999965178,0.016825166666666665,0.7002564722222222,0
F03,43,3.03025485,0,0,3.02855485,0.000024849999999965178,0.016825166666666665,0.7170816388888889,0
F03,44,3.03025485,0,0,3.01765485,0.000019849999999710377,0.016764638888888888,0.7338462777777778,0
F03,45,3.03025485,0,0,2.99995485,-0.00004515000000004932,0.016666666666666666,0.7505129444444445,0
F03,46,3.03025485,0,0,2.98235485,-0.00001015000000004207,0.016568694444444445,0.7670816388888889,0
F03,47,3.03025485,0,0,2.9714548499999998,-0.00001515000000029687,0.016508166666666668,0.7835898055555556,0
F03,48,3.03025485,0,0,2.9714548499999998,-0.00001515000000029687,0.016508166666666668,0.8000979722222222,0
F03,49,3.03025485,0,0,2.98235485,-0.00001015000000004207,0.016568694444444445,0.8166666666666667,0
F03,50,3.03025485,0,0,2.99995485,-0.00004515000000004932,0.016666666666666666,0.8333333333333334,0
F03,51,3.03025485,0,0,3.01765485,0.000019849999999710377,0.016764638888888888,0.8500979722222223,0
F03,52,3.03025485,0,0,3.02855485,0.000024849999999965178,0.016825166666666665,0.8669231388888889,0
F03,53,3.03025485,0,0,3.02855485,0.000024849999999965178,0.016825166666666665,0.8837483055555556,0
F03,54,3.03025485,0,0,3.01765485,0.000019849999999710377,0.016764638888888888,0.9005129444444445,0
F03,55,3.03025485,0,0,2.99995485,-0.00004515000000004932,0.016666666666666666,0.9171796111111112,0
F03,56,3.03025485,0,0,2.98235485,-0.00001015000000004207,0.016568694444444445,0.9337483055555557,0
F03,57,3.03025485,0,0,2.9714548499999998,-0.00001515000000029687,0.016508166666666668,0.9502564722222223,0
F03,58,3.03025485,0,0,2.9714548499999998,-0.00001515000000029687,0.016508166666666668,0.966764638888889,0
F03,59,3.03025485,0,0,2.98235485,-0.00001015000000004207,0.016568694444444445,0.9833333333333334,0
F03,60,3.03025485,0,0,2.99995485,-0.00004515000000004932,0.016666666666666666,1,0
F03,61,2.82823786,0,0,3.0176378600000002,0.000002859999999937912,0.016764638888888888,1.016764638888889,0
F03,62,2.62622087,0,0,3.0285208700000004,-0.000009129999999579752,0.016825166666666665,1.0335898055555555,0
F03,63,2.42420388,0,0,3.0285038799999997,-0.000026120000000240395,0.016825166666666665,1.050414972222222,0
F03,64,2.22218689,0,0,3.0175868900000005,-0.00004810999999982357,0.016764638888888888,1.067179611111111,0
F03,65,2.0201699,0,0,2.9999699,-0.000030100000000032878,0.016666666666666666,1.0838462777777775,0
F03,66,1.81815291,0,0,2.98235291,-0.000012090000000242185,0.016568694444444445,1.100414972222222,0
F03,67,1.61613592,0,0,2.9714359200000002,-0.00003407999999982536,0.016508166666666668,1.1169231388888887,0
F03,68,1.41411893,0,0,2.9714189300000005,-0.000051069999999597826,0.016508166666666668,1.1334313055555554,0
F03,69,1.21210194,0,0,2.98240194,0.00003693999999976327,0.016568694444444445,1.15,0
F03,70,1.01008495,0,0,2.99998495,-0.000015050000000016439,0.016666666666666666,1.1666666666666665,0
F03,71,0.80806796,0,0,3.01766796,0.0000329599999995267,0.016764638888888888,1.1834313055555554,0
F03,72,0.60605097,0,0,3.0285509700000004,0.000020970000000453126,0.016825166666666665,1.200256472222222,0
F03,73,0.40403398,0,0,3.0285339799999997,0.000003979999999792483,0.016825166666666665,1.2170816388888885,0
F03,74,0.20201699,0,0,3.0176169900000005,-0.000018009999999790693,0.016764638888888888,1.2338462777777774,0
F03,75,0,0,0,3,0,0.016666666666666666,1.250512944444444,0
F03,76,-0.20201699,0,0,2.98238301,0.000018009999999790693,0.016568694444444445,1.2670816388888886,0
F03,77,-0.40403398,0,0,2.9714660200000003,-0.000003979999999792483,0.016508166666666668,1.2835898055555552,0
F03,78,-0.60605097,0,0,2.9714490299999996,-0.000020970000000453126,0.016508166666666668,1.300097972222222,0
F03,79,-0.80806796,0,0,2.98233204,-0.00003295999999997079,0.016568694444444445,1.3166666666666664,0
F03,80,-1.01008495,0,0,3.0000150500000005,0.000015050000000460528,0.016666666666666666,1.333333333333333,0
F03,81,-1.21210194,0,0,3.017598059999999,-0.00003694000000109554,0.016764638888888888,1.350097972222222,0
F03,82,-1.41411893,0,0,3.0285810700000004,0.000051070000000486004,0.016825166666666665,1.3669231388888885,0
F03,83,-1.61613592,0,0,3.02856408,0.00003408000000026945,0.016825166666666665,1.383748305555555,0
F03,84,-1.81815291,0,0,3.0176470899999996,0.000012089999999354006,0.016764638888888888,1.400512944444444,0
F03,85,-2.0201699,0,0,3.000030099999999,0.0000300999999991447,0.016666666666666666,1.4171796111111106,0
F03,86,-2.22218689,0,0,2.98241311,0.00004810999999982357,0.016568694444444445,1.433748305555555,0
F03,87,-2.42420388,0,0,2.97149612,0.000026119999999796306,0.016508166666666668,1.4502564722222218,0
F03,88,-2.62622087,0,0,2.9714791299999996,0.000009129999999579752,0.016508166666666668,1.4667646388888884,0
F03,89,-2.82823786,0,0,2.9823621399999998,-0.0000028600000003820014,0.016568694444444445,1.483333333333333,0
F03,90,-3.03025485,0,0,3.0000451500000005,0.000045150000000493407,0.016666666666666666,1.4999999999999996,0
F03,91,-3.03025485,0,0,3.0176451499999994,0.000010149999999153891,0.016764638888888888,1.5167646388888885,0
F03,92,-3.03025485,0,0,3.02854515,0.000015149999999852781,0.016825166666666665,1.533589805555555,0
F03,93,-3.03025485,0,0,3.02854515,0.000015149999999852781,0.016825166666666665,1.5504149722222216,0
F03,94,-3.03025485,0,0,3.0176451500000003,0.00001015000000004207,0.016764638888888888,1.5671796111111105,0
F03,95,-3.03025485,0,0,3.0000451499999996,0.00004514999999960523,0.016666666666666666,1.583846277777777,0
F03,96,-3.03025485,0,0,2.982345150000001,-0.000019849999999266288,0.016568694444444445,1.6004149722222216,0
F03,97,-3.03025485,0,0,2.9714451499999996,-0.000024850000000409267,0.016508166666666668,1.6169231388888883,0
F03,98,-3.03025485,0,0,2.9714451499999996,-0.000024850000000409267,0.016508166666666668,1.633431305555555,0
F03,99,-3.03025485,0,0,2.98234515,-0.000019850000000154466,0.016568694444444445,1.6499999999999995,0
F03,100,-3.03025485,0,0,3.0000451500000005,0.000045150000000493407,0.016666666666666666,1.666666666666666,0
F03,101,-3.03025485,0,0,3.0176451500000003,0.00001015000000004207,0.016764638888888888,1.683431305555555,0
F03,102,-3.03025485,0,0,3.02854515,0.000015149999999852781,0.016825166666666665,1.7002564722222215,0
F03,103,-3.03025485,0,0,3.02854515,0.000015149999999852781,0.016825166666666665,1.717081638888888,0
F03,104,-3.03025485,0,0,3.0176451500000003,0.00001015000000004207,0.016764638888888888,1.733846277777777,0
F03,105,-3.03025485,0,0,3.0000451500000005,0.000045150000000493407,0.016666666666666666,1.7505129444444436,0
F03,106,-3.03025485,0,0,2.982345149999999,-0.000019850000001042645,0.016568694444444445,1.7670816388888881,0
F03,107,-3.03025485,0,0,2.9714451499999996,-0.000024850000000409267,0.016508166666666668,1.7835898055555548,0
F03,108,-3.03025485,0,0,2.9714451500000005,-0.00002484999999952109,0.016508166666666668,1.8000979722222215,0
F03,109,-3.03025485,0,0,2.98234515,-0.000019850000000154466,0.016568694444444445,1.816666666666666,0
F03,110,-3.03025485,0,0,3.0000451499999996,0.00004514999999960523,0.016666666666666666,1.8333333333333326,0
F03,111,-3.03025485,0,0,3.0176451500000003,0.00001015000000004207,0.016764638888888888,1.8500979722222215,0
F03,112,-3.03025485,0,0,3.02854515,0.000015149999999852781,0.016825166666666665,1.866923138888888,0
F03,113,-3.03025485,0,0,3.0285451500000007,0.00001515000000074096,0.016825166666666665,1.8837483055555546,0
F03,114,-3.03025485,0,0,3.0176451500000003,0.00001015000000004207,0.016764638888888888,1.9005129444444435,0
F03,115,-3.03025485,0,0,3.0000451499999996,0.00004514999999960523,0.016666666666666666,1.9171796111111101,0
F03,116,-3.03025485,0,0,2.98234515,-0.000019850000000154466,0.016568694444444445,1.9337483055555547,0
F03,117,-3.03025485,0,0,2.9714451499999996,-0.000024850000000409267,0.016508166666666668,1.9502564722222213,0
F03,118,-3.03025485,0,0,2.9714451499999996,-0.000024850000000409267,0.016508166666666668,1.966764638888888,0
F03,119,-3.03025485,0,0,2.98234515,-0.000019850000000154466,0.016568694444444445,1.9833333333333325,0
F03,120,-3.03025485,0,0,3.0000451500000005,0.000045150000000493407,0.016666666666666666,1.9999999999999991,0
F03,121,-3.03025485,0,0,3.0176451499999994,0.000010149999999153891,0.016764638888888888,2.016764638888888,0
F03,122,-3.03025485,0,0,3.0285451500000007,0.00001515000000074096,0.016825166666666665,2.0335898055555544,0
F03,123,-3.03025485,0,0,3.02854515,0.000015149999999852781,0.016825166666666665,2.050414972222221,0
F03,124,-3.03025485,0,0,3.0176451499999994,0.000010149999999153891,0.016764638888888888,2.0671796111111096,0
F03,125,-3.03025485,0,0,3.0000451500000005,0.000045150000000493407,0.016666666666666666,2.083846277777776,0
F03,126,-3.03025485,0,0,2.982345150000001,-0.000019849999999266288,0.016568694444444445,2.1004149722222207,0
F03,127,-3.03025485,0,0,2.9714451500000005,-0.00002484999999952109,0.016508166666666668,2.1169231388888874,0
F03,128,-3.03025485,0,0,2.9714451499999996,-0.000024850000000409267,0.016508166666666668,2.133431305555554,0
F03,129,-3.03025485,0,0,2.98234515,-0.000019850000000154466,0.016568694444444445,2.1499999999999986,0
F03,130,-3.03025485,0,0,3.0000451500000005,0.000045150000000493407,0.016666666666666666,2.166666666666665,0
F03,131,-3.03025485,0,0,3.0176451500000003,0.00001015000000004207,0.016764638888888888,2.183431305555554,0
F03,132,-3.03025485,0,0,3.02854515,0.000015149999999852781,0.016825166666666665,2.2002564722222204,0
F03,133,-3.03025485,0,0,3.02854515,0.000015149999999852781,0.016825166666666665,2.217081638888887,0
F03,134,-3.03025485,0,0,3.0176451499999994,0.000010149999999153891,0.016764638888888888,2.2338462777777757,0
F03,135,-3.03025485,0,0,3.0000451500000005,0.000045150000000493407,0.016666666666666666,2.2505129444444423,0
F03,136,-3.03025485,0,0,2.98234515,-0.000019850000000154466,0.016568694444444445,2.267081638888887,0
F03,137,-3.03025485,0,0,2.9714451499999996,-0.000024850000000409267,0.016508166666666668,2.2835898055555535,0
F03,138,-3.03025485,0,0,2.9714451499999996,-0.000024850000000409267,0.016508166666666668,2.30009797222222,0
F03,139,-3.03025485,0,0,2.98234515,-0.000019850000000154466,0.016568694444444445,2.3166666666666647,0
F03,140,-3.03025485,0,0,3.0000451500000005,0.000045150000000493407,0.016666666666666666,2.3333333333333313,0
F03,141,-3.03025485,0,0,3.0176451500000003,0.00001015000000004207,0.016764638888888888,2.35009797222222,0
F03,142,-3.03025485,0,0,3.02854515,0.000015149999999852781,0.016825166666666665,2.3669231388888865,0
F03,143,-3.03025485,0,0,3.02854515,0.000015149999999852781,0.016825166666666665,2.383748305555553,0
F03,144,-3.03025485,0,0,3.0176451500000003,0.00001015000000004207,0.016764638888888888,2.4005129444444417,0
F03,145,-3.03025485,0,0,3.0000451499999996,0.00004514999999960523,0.016666666666666666,2.4171796111111084,0
F03,146,-3.03025485,0,0,2.98234515,-0.000019850000000154466,0.016568694444444445,2.433748305555553,0
F03,147,-3.03025485,0,0,2.9714451500000005,-0.00002484999999952109,0.016508166666666668,2.4502564722222195,0
F03,148,-3.03025485,0,0,2.9714451500000005,-0.00002484999999952109,0.016508166666666668,2.466764638888886,0
F03,149,-3.03025485,0,0,2.98234515,-0.000019850000000154466,0.016568694444444445,2.4833333333333307,0
F03,150,-3.03025485,0,0,3.0000451500000005,0.000045150000000493407,0.016666666666666666,2.4999999999999973,0
F03,151,-3.03025485,0,0,3.0176451500000003,0.00001015000000004207,0.016764638888888888,2.516764638888886,0
F03,152,-3.03025485,0,0,3.02854515,0.000015149999999852781,0.016825166666666665,2.5335898055555526,0
F03,153,-3.03025485,0,0,3.02854515,0.000015149999999852781,0.016825166666666665,2.550414972222219,0
F03,154,-3.03025485,0,0,3.0176451499999994,0.000010149999999153891,0.016764638888888888,2.567179611111108,0
F03,155,-3.03025485,0,0,3.0000451499999996,0.00004514999999960523,0.016666666666666666,2.5838462777777744,0
F03,156,-3.03025485,0,0,2.98234515,-0.000019850000000154466,0.016568694444444445,2.600414972222219,0
F03,157,-3.03025485,0,0,2.9714451499999996,-0.000024850000000409267,0.016508166666666668,2.6169231388888856,0
F03,158,-3.03025485,0,0,2.9714451500000005,-0.00002484999999952109,0.016508166666666668,2.6334313055555523,0
F03,159,-3.03025485,0,0,2.982345150000001,-0.000019849999999266288,0.016568694444444445,2.649999999999997,0
F03,160,-3.03025485,0,0,3.0000451500000005,0.000045150000000493407,0.016666666666666666,2.6666666666666634,0
F03,161,-3.03025485,0,0,3.0176451500000003,0.00001015000000004207,0.016764638888888888,2.683431305555552,0
F03,162,-3.03025485,0,0,3.02854515,0.000015149999999852781,0.016825166666666665,2.7002564722222187,0
F03,163,-3.03025485,0,0,3.02854515,0.000015149999999852781,0.016825166666666665,2.717081638888885,0
F03,164,-3.03025485,0,0,3.0176451499999994,0.000010149999999153891,0.016764638888888888,2.733846277777774,0
F03,165,-3.03025485,0,0,3.0000451500000005,0.000045150000000493407,0.016666666666666666,2.7505129444444405,0
F03,166,-3.03025485,0,0,2.98234515,-0.000019850000000154466,0.016568694444444445,2.767081638888885,0
F03,167,-3.03025485,0,0,2.9714451499999996,-0.000024850000000409267,0.016508166666666668,2.7835898055555517,0
F03,168,-3.03025485,0,0,2.9714451499999996,-0.000024850000000409267,0.016508166666666668,2.8000979722222183,0
F03,169,-3.03025485,0,0,2.98234515,-0.000019850000000154466,0.016568694444444445,2.816666666666663,0
F03,170,-3.03025485,0,0,3.0000451499999996,0.00004514999999960523,0.016666666666666666,2.8333333333333295,0
F03,171,-3.03025485,0,0,3.0176451500000003,0.00001015000000004207,0.016764638888888888,2.850097972222218,0
F03,172,-3.03025485,0,0,3.02854515,0.000015149999999852781,0.016825166666666665,2.8669231388888847,0
F03,173,-3.03025485,0,0,3.02854515,0.000015149999999852781,0.016825166666666665,2.8837483055555513,0
F03,174,-3.03025485,0,0,3.0176451499999994,0.000010149999999153891,0.016764638888888888,2.90051294444444,0
F03,175,-3.03025485,0,0,3.0000451499999996,0.00004514999999960523,0.016666666666666666,2.9171796111111066,0
F03,176,-3.03025485,0,0,2.98234515,-0.000019850000000154466,0.016568694444444445,2.933748305555551,0
F03,177,-3.03025485,0,0,2.9714451499999996,-0.000024850000000409267,0.016508166666666668,2.9502564722222178,0
F03,178,-3.03025485,0,0,2.9714451499999996,-0.000024850000000409267,0.016508166666666668,2.9667646388888844,0
F03,179,-3.03025485,0,0,2.982345150000001,-0.000019849999999266288,0.016568694444444445,2.983333333333329,0
F03,180,-3.03025485,0,0,3.0000451500000005,0.000045150000000493407,0.016666666666666666,2.9999999999999956,0
F04,1,3.03025485,0,0,3.01765485,0.000019849999999710377,0.016764638888888888,0.016764638888888888,0
F04,2,3.03025485,0,0,3.02855485,0.000024849999999965178,0.016825166666666665,0.03358980555555555,0
F04,3,3.03025485,0,0,3.02855485,0.000024849999999965178,0.016825166666666665,0.050414972222222215,0
F04,4,3.03025485,0,0,3.01765485,0.000019849999999710377,0.016764638888888888,0.0671796111111111,0
F04,5,3.03025485,0,0,2.99995485,-0.00004515000000004932,0.016666666666666666,0.08384627777777777,0
F04,6,3.03025485,0,0,2.98235485,-0.00001015000000004207,0.016568694444444445,0.10041497222222222,0
F04,7,3.03025485,0,0,2.9714548499999998,-0.00001515000000029687,0.016508166666666668,0.11692313888888889,0
F04,8,3.03025485,0,0,2.9714548499999998,-0.00001515000000029687,0.016508166666666668,0.13343130555555555,0
F04,9,3.03025485,0,0,2.98235485,-0.00001015000000004207,0.016568694444444445,0.15,0
F04,10,3.03025485,0,0,2.99995485,-0.00004515000000004932,0.016666666666666666,0.16666666666666666,0
F04,11,3.03025485,0,0,3.01765485,0.000019849999999710377,0.016764638888888888,0.18343130555555553,0
F04,12,3.03025485,0,0,3.02855485,0.000024849999999965178,0.016825166666666665,0.2002564722222222,0
F04,13,3.03025485,0,0,3.02855485,0.000024849999999965178,0.016825166666666665,0.21708163888888887,0
F04,14,3.03025485,0,0,3.01765485,0.000019849999999710377,0.016764638888888888,0.23384627777777775,0
F04,15,3.03025485,0,0,2.99995485,-0.00004515000000004932,0.016666666666666666,0.25051294444444444,0
F04,16,3.03025485,0,0,2.98235485,-0.00001015000000004207,0.016568694444444445,0.26708163888888886,0
F04,17,3.03025485,0,0,2.9714548499999998,-0.00001515000000029687,0.016508166666666668,0.2835898055555555,0
F04,18,3.03025485,0,0,2.9714548499999998,-0.00001515000000029687,0.016508166666666668,0.3000979722222222,0
F04,19,3.03025485,0,0,2.98235485,-0.00001015000000004207,0.016568694444444445,0.3166666666666666,0
F04,20,3.03025485,0,0,2.99995485,-0.00004515000000004932,0.016666666666666666,0.33333333333333326,0
F04,21,3.03025485,0,0,3.01765485,0.000019849999999710377,0.016764638888888888,0.35009797222222216,0
F04,22,3.03025485,0,0,3.02855485,0.000024849999999965178,0.016825166666666665,0.36692313888888883,0
F04,23,3.03025485,0,0,3.02855485,0.000024849999999965178,0.016825166666666665,0.3837483055555555,0
F04,24,3.03025485,0,0,3.01765485,0.000019849999999710377,0.016764638888888888,0.4005129444444444,0
F04,25,3.03025485,0,0,2.99995485,-0.00004515000000004932,0.016666666666666666,0.41717961111111107,0
F04,26,3.03025485,0,0,2.98235485,-0.00001015000000004207,0.016568694444444445,0.4337483055555555,0
F04,27,3.03025485,0,0,2.97145485,-0.000015149999999852781,0.016508166666666668,0.45025647222222215,0
F04,28,3.03025485,0,0,2.97145485,-0.000015149999999852781,0.016508166666666668,0.4667646388888888,0
F04,29,3.03025485,0,0,2.98235485,-0.00001015000000004207,0.016568694444444445,0.4833333333333332,0
F04,30,3.03025485,0,0,2.99995485,-0.00004515000000004932,0.016666666666666666,0.4999999999999999,0
F04,31,3.03025485,0,0,3.01765485,0.000019849999999710377,0.016764638888888888,0.5167646388888888,0
F04,32,3.03025485,0,0,3.02855485,0.000024849999999965178,0.016825166666666665,0.5335898055555555,0
F04,33,3.03025485,0,0,3.02855485,0.000024849999999965178,0.016825166666666665,0.5504149722222221,0
F04,34,3.03025485,0,0,3.01765485,0.000019849999999710377,0.016764638888888888,0.567179611111111,0
F04,35,3.03025485,0,0,2.99995485,-0.00004515000000004932,0.016666666666666666,0.5838462777777778,0
F04,36,3.03025485,0,0,2.98235485,-0.00001015000000004207,0.016568694444444445,0.6004149722222222,0
F04,37,3.03025485,0,0,2.9714548499999998,-0.00001515000000029687,0.016508166666666668,0.6169231388888888,0
F04,38,3.03025485,0,0,2.9714548499999998,-0.00001515000000029687,0.016508166666666668,0.6334313055555555,0
F04,39,3.03025485,0,0,2.98235485,-0.00001015000000004207,0.016568694444444445,0.6499999999999999,0
F04,40,3.03025485,0,0,2.99995485,-0.00004515000000004932,0.016666666666666666,0.6666666666666666,0
F04,41,3.03025485,0,0,3.01765485,0.000019849999999710377,0.016764638888888888,0.6834313055555555,0
F04,42,3.03025485,0,0,3.02855485,0.000024849999999965178,0.016825166666666665,0.7002564722222222,0
F04,43,3.03025485,0,0,3.02855485,0.000024849999999965178,0.016825166666666665,0.7170816388888889,0
F04,44,3.03025485,0,0,3.01765485,0.000019849999999710377,0.016764638888888888,0.7338462777777778,0
F04,45,3.03025485,0,0,2.99995485,-0.00004515000000004932,0.016666666666666666,0.7505129444444445,0
F04,46,3.03025485,0,0,2.98235485,-0.00001015000000004207,0.016568694444444445,0.7670816388888889,0
F04,47,3.03025485,0,0,2.9714548499999998,-0.00001515000000029687,0.016508166666666668,0.7835898055555556,0
F04,48,3.03025485,0,0,2.9714548499999998,-0.00001515000000029687,0.016508166666666668,0.8000979722222222,0
F04,49,3.03025485,0,0,2.98235485,-0.00001015000000004207,0.016568694444444445,0.8166666666666667,0
F04,50,3.03025485,0,0,2.99995485,-0.00004515000000004932,0.016666666666666666,0.8333333333333334,0
F04,51,3.03025485,0,0,3.01765485,0.000019849999999710377,0.016764638888888888,0.8500979722222223,0
F04,52,3.03025485,0,0,3.02855485,0.000024849999999965178,0.016825166666666665,0.8669231388888889,0
F04,53,3.03025485,0,0,3.02855485,0.000024849999999965178,0.016825166666666665,0.8837483055555556,0
F04,54,3.03025485,0,0,3.01765485,0.000019849999999710377,0.016764638888888888,0.9005129444444445,0
F04,55,3.03025485,0,0,2.99995485,-0.00004515000000004932,0.016666666666666666,0.9171796111111112,0
F04,56,3.03025485,0,0,2.98235485,-0.00001015000000004207,0.016568694444444445,0.9337483055555557,0
F04,57,3.03025485,0,0,2.9714548499999998,-0.00001515000000029687,0.016508166666666668,0.9502564722222223,0
F04,58,3.03025485,0,0,2.9714548499999998,-0.00001515000000029687,0.016508166666666668,0.966764638888889,0
F04,59,3.03025485,0,0,2.98235485,-0.00001015000000004207,0.016568694444444445,0.9833333333333334,0
F04,60,3.03025485,0,0,2.99995485,-0.00004515000000004932,0.016666666666666666,1,0
F04,61,3.03025485,0,0,4.04395485,1.08494985,0.016438916666666668,1.0164389166666667,0
F04,62,3.03025485,0,0,5.04555485,2.13463985,0.01617175,1.0326106666666668,0
F04,63,3.03025485,0,0,5.9894548499999996,3.1373498499999997,0.015845027777777777,1.0484556944444445,0
F04,64,3.03025485,0,0,6.86505485,4.08192985,0.015461805555555557,1.0639175,0
F04,65,3.03025485,0,0,7.67365485,4.96531985,0.015046305555555556,1.0789638055555557,0
F04,66,3.03025485,0,0,8.42925485,5.795124849999999,0.014634055555555556,1.0935978611111112,0
F04,67,3.03025485,0,0,9.15375485,6.5872898499999994,0.01425813888888889,1.1078560000000002,0
F04,68,3.03025485,0,0,9.86715485,7.35854985,0.013936694444444444,1.1217926944444445,0
F04,69,3.03025485,0,0,10.57805485,8.118044849999999,0.013666722222222222,1.1354594166666667,0
F04,70,3.03025485,0,0,11.27775485,8.86108985,0.013425916666666668,1.1488853333333333,0
F04,71,3.03025485,0,0,11.94275485,9.57001985,0.013181861111111111,1.1620671944444445,0
F04,72,3.03025485,0,0,12.54325485,10.22042985,0.012904583333333332,1.174971777777778,0
F04,73,3.03025485,0,0,13.055854850000001,10.79183985,0.01257786111111111,1.187549638888889,0
F04,74,3.03025485,0,0,13.47405485,11.27720485,0.012204722222222221,1.1997543611111112,0
F04,75,3.03025485,0,0,13.812454850000002,11.687454850000002,0.011805555555555555,1.2115599166666668,0
F04,76,3.03025485,0,0,14.102354850000001,12.048619850000001,0.01140963888888889,1.2229695555555558,0
F04,77,3.03025485,0,0,14.379054850000001,12.39116985,0.011043805555555555,1.2340133611111113,0
F04,78,3.03025485,0,0,14.66825485,12.73822485,0.010722388888888889,1.2447357500000003,0
F04,79,3.03025485,0,0,14.97425485,13.09463985,0.010442305555555555,1.2551780555555558,0
F04,80,3.03025485,0,0,15.27775485,13.444419850000001,0.010185194444444445,1.2653632500000003,0
F04,81,3.03025485,0,0,15.54225485,13.755794850000001,0.009924777777777777,1.275288027777778,0
F04,82,3.03025485,0,0,15.72825485,13.99351985,0.009637416666666666,1.2849254444444447,0
F04,83,3.03025485,0,0,15.80955485,14.13362485,0.009310722222222222,1.2942361666666669,0
F04,84,3.03025485,0,0,15.78365485,14.173074849999999,0.008947666666666666,1.3031838333333334,0
F04,85,3.03025485,0,0,15.67365485,14.13198985,0.008564805555555556,1.311748638888889,0
F04,86,3.03025485,0,0,15.519154850000001,14.045814850000001,0.008185222222222222,1.3199338611111113,0
F04,87,3.03025485,0,0,15.361454850000001,13.952144850000002,0.0078295,1.3277633611111113,0
F04,88,3.03025485,0,0,15.22635485,13.87490485,0.007508055555555555,1.3352714166666668,0
F04,89,3.03025485,0,0,15.114254850000002,13.815029850000002,0.007217916666666667,1.3424893333333334,0
F04,90,3.03025485,0,0,14.999954850000002,13.749954850000002,0.006944444444444444,1.3494337777777778,0
F04,91,3.03025485,0,0,15.10575485,13.84693985,0.006993416666666667,1.3564271944444446,0
F04,92,3.03025485,0,0,15.17115485,13.90688985,0.007023694444444444,1.363450888888889,0
F04,93,3.03025485,0,0,15.17115485,13.90688985,0.007023694444444444,1.3704745833333334,0
F04,94,3.03025485,0,0,15.10575485,13.84693985,0.006993416666666667,1.3774680000000001,0
F04,95,3.03025485,0,0,14.999954850000002,13.749954850000002,0.006944444444444444,1.3844124444444446,0
F04,96,3.03025485,0,0,14.894154850000001,13.652969850000002,0.006895472222222222,1.3913079166666669,0
F04,97,3.03025485,0,0,14.82885485,13.59311985,0.006865194444444445,1.3981731111111113,0
F04,98,3.03025485,0,0,14.82885485,13.59311985,0.006865194444444445,1.4050383055555558,0
F04,99,3.03025485,0,0,14.894154850000001,13.652969850000002,0.006895472222222222,1.411933777777778,0
F04,100,3.03025485,0,0,14.99995485,13.74995485,0.006944444444444444,1.4188782222222225,0
F04,101,3.03025485,0,0,15.10575485,13.84693985,0.006993416666666667,1.4258716388888892,0
F04,102,3.03025485,0,0,15.171154849999999,13.906889849999999,0.007023694444444444,1.4328953333333336,0
F04,103,3.03025485,0,0,15.17115485,13.90688985,0.007023694444444444,1.439919027777778,0
F04,104,3.03025485,0,0,15.10575485,13.84693985,0.006993416666666667,1.4469124444444448,0
F04,105,3.03025485,0,0,14.99995485,13.74995485,0.006944444444444444,1.4538568888888892,0
F04,106,3.03025485,0,0,14.89415485,13.65296985,0.006895472222222222,1.4607523611111115,0
F04,107,3.03025485,0,0,14.82885485,13.59311985,0.006865194444444445,1.467617555555556,0
F04,108,3.03025485,0,0,14.82885485,13.59311985,0.006865194444444445,1.4744827500000004,0
F04,109,3.03025485,0,0,14.894154850000001,13.652969850000002,0.006895472222222222,1.4813782222222227,0
F04,110,3.03025485,0,0,14.999954850000002,13.749954850000002,0.006944444444444444,1.4883226666666671,0
F04,111,3.03025485,0,0,15.10575485,13.84693985,0.006993416666666667,1.4953160833333339,0
F04,112,3.03025485,0,0,15.17115485,13.90688985,0.007023694444444444,1.5023397777777783,0
F04,113,3.03025485,0,0,15.17115485,13.90688985,0.007023694444444444,1.5093634722222227,0
F04,114,3.03025485,0,0,15.10575485,13.84693985,0.006993416666666667,1.5163568888888894,0
F04,115,3.03025485,0,0,14.99995485,13.74995485,0.006944444444444444,1.5233013333333338,0
F04,116,3.03025485,0,0,14.89415485,13.65296985,0.006895472222222222,1.5301968055555561,0
F04,117,3.03025485,0,0,14.82885485,13.59311985,0.006865194444444445,1.5370620000000006,0
F04,118,3.03025485,0,0,14.82885485,13.59311985,0.006865194444444445,1.543927194444445,0
F04,119,3.03025485,0,0,14.89415485,13.65296985,0.006895472222222222,1.5508226666666673,0
F04,120,3.03025485,0,0,14.99995485,13.74995485,0.006944444444444444,1.5577671111111118,0
F04,121,3.03025485,0,0,15.10575485,13.84693985,0.006993416666666667,1.5647605277777785,0
F04,122,3.03025485,0,0,15.17115485,13.90688985,0.007023694444444444,1.571784222222223,0
F04,123,3.03025485,0,0,15.17115485,13.90688985,0.007023694444444444,1.5788079166666673,0
F04,124,3.03025485,0,0,15.10575485,13.84693985,0.006993416666666667,1.585801333333334,0
F04,125,3.03025485,0,0,14.99995485,13.74995485,0.006944444444444444,1.5927457777777785,0
F04,126,3.03025485,0,0,14.894154850000001,13.652969850000002,0.006895472222222222,1.5996412500000008,0
F04,127,3.03025485,0,0,14.828854849999999,13.593119849999999,0.006865194444444445,1.6065064444444452,0
F04,128,3.03025485,0,0,14.82885485,13.59311985,0.006865194444444445,1.6133716388888897,0
F04,129,3.03025485,0,0,14.894154850000001,13.652969850000002,0.006895472222222222,1.620267111111112,0
F04,130,3.03025485,0,0,14.99995485,13.74995485,0.006944444444444444,1.6272115555555564,0
F04,131,3.03025485,0,0,15.105754850000002,13.846939850000002,0.006993416666666667,1.6342049722222232,0
F04,132,3.03025485,0,0,15.17115485,13.90688985,0.007023694444444444,1.6412286666666676,0
F04,133,3.03025485,0,0,15.17115485,13.90688985,0.007023694444444444,1.648252361111112,0
F04,134,3.03025485,0,0,15.10575485,13.84693985,0.006993416666666667,1.6552457777777787,0
F04,135,3.03025485,0,0,14.99995485,13.74995485,0.006944444444444444,1.6621902222222231,0
F04,136,3.03025485,0,0,14.89415485,13.65296985,0.006895472222222222,1.6690856944444454,0
F04,137,3.03025485,0,0,14.82885485,13.59311985,0.006865194444444445,1.6759508888888899,0
F04,138,3.03025485,0,0,14.82885485,13.59311985,0.006865194444444445,1.6828160833333343,0
F04,139,3.03025485,0,0,14.89415485,13.65296985,0.006895472222222222,1.6897115555555566,0
F04,140,3.03025485,0,0,14.99995485,13.74995485,0.006944444444444444,1.696656000000001,0
F04,141,3.03025485,0,0,15.10575485,13.84693985,0.006993416666666667,1.7036494166666678,0
F04,142,3.03025485,0,0,15.17115485,13.90688985,0.007023694444444444,1.7106731111111122,0
F04,143,3.03025485,0,0,15.171154849999999,13.906889849999999,0.007023694444444444,1.7176968055555566,0
F04,144,3.03025485,0,0,15.10575485,13.84693985,0.006993416666666667,1.7246902222222233,0
F04,145,3.03025485,0,0,14.99995485,13.74995485,0.006944444444444444,1.7316346666666678,0
F04,146,3.03025485,0,0,14.89415485,13.65296985,0.006895472222222222,1.73853013888889,0
F04,147,3.03025485,0,0,14.828854849999999,13.593119849999999,0.006865194444444445,1.7453953333333345,0
F04,148,3.03025485,0,0,14.82885485,13.59311985,0.006865194444444445,1.752260527777779,0
F04,149,3.03025485,0,0,14.89415485,13.65296985,0.006895472222222222,1.7591560000000013,0
F04,150,3.03025485,0,0,14.99995485,13.74995485,0.006944444444444444,1.7661004444444457,0
F04,151,3.03025485,0,0,15.10575485,13.84693985,0.006993416666666667,1.7730938611111124,0
F04,152,3.03025485,0,0,15.17115485,13.90688985,0.007023694444444444,1.7801175555555568,0
F04,153,3.03025485,0,0,15.17115485,13.90688985,0.007023694444444444,1.7871412500000012,0
F04,154,3.03025485,0,0,15.10575485,13.84693985,0.006993416666666667,1.794134666666668,0
F04,155,3.03025485,0,0,14.99995485,13.74995485,0.006944444444444444,1.8010791111111124,0
F04,156,3.03025485,0,0,14.894154850000001,13.652969850000002,0.006895472222222222,1.8079745833333347,0
F04,157,3.03025485,0,0,14.82885485,13.59311985,0.006865194444444445,1.8148397777777792,0
F04,158,3.03025485,0,0,14.828854849999999,13.593119849999999,0.006865194444444445,1.8217049722222236,0
F04,159,3.03025485,0,0,14.894154850000001,13.652969850000002,0.006895472222222222,1.828600444444446,0
F04,160,3.03025485,0,0,14.99995485,13.74995485,0.006944444444444444,1.8355448888888903,0
F04,161,3.03025485,0,0,15.10575485,13.84693985,0.006993416666666667,1.842538305555557,0
F04,162,3.03025485,0,0,15.17115485,13.90688985,0.007023694444444444,1.8495620000000015,0
F04,163,3.03025485,0,0,15.17115485,13.90688985,0.007023694444444444,1.8565856944444459,0
F04,164,3.03025485,0,0,15.10575485,13.84693985,0.006993416666666667,1.8635791111111126,0
F04,165,3.03025485,0,0,14.99995485,13.74995485,0.006944444444444444,1.870523555555557,0
F04,166,3.03025485,0,0,14.89415485,13.65296985,0.006895472222222222,1.8774190277777794,0
F04,167,3.03025485,0,0,14.82885485,13.59311985,0.006865194444444445,1.8842842222222238,0
F04,168,3.03025485,0,0,14.82885485,13.59311985,0.006865194444444445,1.8911494166666682,0
F04,169,3.03025485,0,0,14.894154850000001,13.652969850000002,0.006895472222222222,1.8980448888888906,0
F04,170,3.03025485,0,0,14.99995485,13.74995485,0.006944444444444444,1.904989333333335,0
F04,171,3.03025485,0,0,15.10575485,13.84693985,0.006993416666666667,1.9119827500000017,0
F04,172,3.03025485,0,0,15.17115485,13.90688985,0.007023694444444444,1.9190064444444461,0
F04,173,3.03025485,0,0,15.17115485,13.90688985,0.007023694444444444,1.9260301388888905,0
F04,174,3.03025485,0,0,15.10575485,13.84693985,0.006993416666666667,1.9330235555555573,0
F04,175,3.03025485,0,0,14.99995485,13.74995485,0.006944444444444444,1.9399680000000017,0
F04,176,3.03025485,0,0,14.894154850000001,13.652969850000002,0.006895472222222222,1.946863472222224,0
F04,177,3.03025485,0,0,14.82885485,13.59311985,0.006865194444444445,1.9537286666666684,0
F04,178,3.03025485,0,0,14.82885485,13.59311985,0.006865194444444445,1.960593861111113,0
F04,179,3.03025485,0,0,14.894154850000001,13.652969850000002,0.006895472222222222,1.9674893333333352,0
F04,180,3.03025485,0,0,14.999954850000002,13.749954850000002,0.006944444444444444,1.9744337777777796,0
F05,1,3.03025485,0,0,2.99995485,-0.01768015000000034,0.016764638888888888,0.016764638888888888,0
F05,2,3.03025485,0,0,2.99995485,-0.028575149999999994,0.016825166666666665,0.03358980555555555,0
F05,3,3.03025485,0,0,2.99995485,-0.028575149999999994,0.016825166666666665,0.050414972222222215,0
F05,4,3.03025485,0,0,2.99995485,-0.01768015000000034,0.016764638888888888,0.0671796111111111,0
F05,5,3.03025485,0,0,2.99995485,-0.00004515000000004932,0.016666666666666666,0.08384627777777777,0
F05,6,3.03025485,0,0,2.99995485,0.017589849999999796,0.016568694444444445,0.10041497222222222,0
F05,7,3.03025485,0,0,2.99995485,0.028484849999999895,0.016508166666666668,0.11692313888888889,0
F05,8,3.03025485,0,0,2.99995485,0.028484849999999895,0.016508166666666668,0.13343130555555555,0
F05,9,3.03025485,0,0,2.99995485,0.017589849999999796,0.016568694444444445,0.15,0
F05,10,3.03025485,0,0,2.99995485,-0.00004515000000004932,0.016666666666666666,0.16666666666666666,0
F05,11,3.03025485,0,0,2.99995485,-0.01768015000000034,0.016764638888888888,0.18343130555555553,0
F05,12,3.03025485,0,0,2.99995485,-0.028575149999999994,0.016825166666666665,0.2002564722222222,0
F05,13,3.03025485,0,0,2.99995485,-0.028575149999999994,0.016825166666666665,0.21708163888888887,0
F05,14,3.03025485,0,0,2.99995485,-0.01768015000000034,0.016764638888888888,0.23384627777777775,0
F05,15,3.03025485,0,0,2.99995485,-0.00004515000000004932,0.016666666666666666,0.25051294444444444,0
F05,16,3.03025485,0,0,2.99995485,0.017589849999999796,0.016568694444444445,0.26708163888888886,0
F05,17,3.03025485,0,0,2.99995485,0.028484849999999895,0.016508166666666668,0.2835898055555555,0
F05,18,3.03025485,0,0,2.99995485,0.028484849999999895,0.016508166666666668,0.3000979722222222,0
F05,19,3.03025485,0,0,2.99995485,0.017589849999999796,0.016568694444444445,0.3166666666666666,0
F05,20,3.03025485,0,0,2.99995485,-0.00004515000000004932,0.016666666666666666,0.33333333333333326,0
F05,21,3.03025485,0,0,2.99995485,-0.01768015000000034,0.016764638888888888,0.35009797222222216,0
F05,22,3.03025485,0,0,2.99995485,-0.028575149999999994,0.016825166666666665,0.36692313888888883,0
F05,23,3.03025485,0,0,2.99995485,-0.028575149999999994,0.016825166666666665,0.3837483055555555,0
F05,24,3.03025485,0,0,2.99995485,-0.01768015000000034,0.016764638888888888,0.4005129444444444,0
F05,25,3.03025485,0,0,2.99995485,-0.00004515000000004932,0.016666666666666666,0.41717961111111107,0
F05,26,3.03025485,0,0,2.99995485,0.017589849999999796,0.016568694444444445,0.4337483055555555,0
F05,27,3.03025485,0,0,2.99995485,0.028484849999999895,0.016508166666666668,0.45025647222222215,0
F05,28,3.03025485,0,0,2.99995485,0.028484849999999895,0.016508166666666668,0.4667646388888888,0
F05,29,3.03025485,0,0,2.99995485,0.017589849999999796,0.016568694444444445,0.4833333333333332,0
F05,30,3.03025485,0,0,2.99995485,-0.00004515000000004932,0.016666666666666666,0.4999999999999999,0
F05,31,3.03025485,0,0,2.99995485,-0.01768015000000034,0.016764638888888888,0.5167646388888888,0
F05,32,3.03025485,0,0,2.99995485,-0.028575149999999994,0.016825166666666665,0.5335898055555555,0
F05,33,3.03025485,0,0,2.99995485,-0.028575149999999994,0.016825166666666665,0.5504149722222221,0
F05,34,3.03025485,0,0,2.99995485,-0.01768015000000034,0.016764638888888888,0.567179611111111,0
F05,35,3.03025485,0,0,2.99995485,-0.00004515000000004932,0.016666666666666666,0.5838462777777778,0
F05,36,3.03025485,0,0,2.99995485,0.017589849999999796,0.016568694444444445,0.6004149722222222,0
F05,37,3.03025485,0,0,2.99995485,0.028484849999999895,0.016508166666666668,0.6169231388888888,0
F05,38,3.03025485,0,0,2.99995485,0.028484849999999895,0.016508166666666668,0.6334313055555555,0
F05,39,3.03025485,0,0,2.99995485,0.017589849999999796,0.016568694444444445,0.6499999999999999,0
F05,40,3.03025485,0,0,2.99995485,-0.00004515000000004932,0.016666666666666666,0.6666666666666666,0
F05,41,3.03025485,0,0,2.99995485,-0.01768015000000034,0.016764638888888888,0.6834313055555555,0
F05,42,3.03025485,0,0,2.99995485,-0.028575149999999994,0.016825166666666665,0.7002564722222222,0
F05,43,3.03025485,0,0,2.99995485,-0.028575149999999994,0.016825166666666665,0.7170816388888889,0
F05,44,3.03025485,0,0,2.99995485,-0.01768015000000034,0.016764638888888888,0.7338462777777778,0
F05,45,3.03025485,0,0,2.99995485,-0.00004515000000004932,0.016666666666666666,0.7505129444444445,0
F05,46,3.03025485,0,0,2.99995485,0.017589849999999796,0.016568694444444445,0.7670816388888889,0
F05,47,3.03025485,0,0,2.99995485,0.028484849999999895,0.016508166666666668,0.7835898055555556,0
F05,48,3.03025485,0,0,2.99995485,0.028484849999999895,0.016508166666666668,0.8000979722222222,0
F05,49,3.03025485,0,0,2.99995485,0.017589849999999796,0.016568694444444445,0.8166666666666667,0
F05,50,3.03025485,0,0,2.99995485,-0.00004515000000004932,0.016666666666666666,0.8333333333333334,0
F05,51,3.03025485,0,0,2.99995485,-0.01768015000000034,0.016764638888888888,0.8500979722222223,0
F05,52,3.03025485,0,0,2.99995485,-0.028575149999999994,0.016825166666666665,0.8669231388888889,0
F05,53,3.03025485,0,0,2.99995485,-0.028575149999999994,0.016825166666666665,0.8837483055555556,0
F05,54,3.03025485,0,0,2.99995485,-0.01768015000000034,0.016764638888888888,0.9005129444444445,0
F05,55,3.03025485,0,0,2.99995485,-0.00004515000000004932,0.016666666666666666,0.9171796111111112,0
F05,56,3.03025485,0,0,2.99995485,0.017589849999999796,0.016568694444444445,0.9337483055555557,0
F05,57,3.03025485,0,0,2.99995485,0.028484849999999895,0.016508166666666668,0.9502564722222223,0
F05,58,3.03025485,0,0,2.99995485,0.028484849999999895,0.016508166666666668,0.966764638888889,0
F05,59,3.03025485,0,0,2.99995485,0.017589849999999796,0.016568694444444445,0.9833333333333334,0
F05,60,3.03025485,0,0,2.99995485,-0.00004515000000004932,0.016666666666666666,1,0
F05,61,3.03025485,0.12539999999999907,0.0021448253096227926,4.23335485,1.3100398499999995,0.016205805555555557,1.0162058055555556,0
F05,62,3.03025485,0.2494999999999976,0.004393990359637942,5.466654849999999,2.6275498499999994,0.015703500000000002,1.0319093055555557,0
F05,63,3.03025485,0.3708000000000027,0.00675601810350487,6.699954849999999,3.955734849999999,0.015142666666666665,1.0470519722222225,0
F05,64,3.03025485,0.48810000000000286,0.009245421328681317,7.933354850000001,5.293669850000001,0.014529333333333333,1.0615813055555559,0
F05,65,3.03025485,0.6000000000000014,0.01185770750988145,9.16665485,6.63665485,0.013888888888888888,1.0754701944444447,0
F05,66,3.03025485,0.7053000000000011,0.014565332320044961,10.399954849999999,7.978794849999998,0.013254972222222222,1.0887251666666669,0
F05,67,3.03025485,0.8029999999999973,0.017318911690804527,11.633354850000002,9.315079850000002,0.01265625,1.101381416666667,0
F05,68,3.03025485,0.8918000000000035,0.02005248092675838,12.86665485,10.64298985,0.012105972222222221,1.1134873888888892,0
F05,69,3.03025485,0.9708999999999932,0.022724932122460288,14.09995485,11.963754849999999,0.011598083333333334,1.1250854722222225,0
F05,70,3.03025485,1.039200000000001,0.025322131035692728,15.333354850000001,13.281394850000002,0.011111111111111112,1.1361965833333336,0
F05,71,3.03025485,1.0962000000000032,0.027879225627931187,16.56665485,14.600674849999999,0.01061761111111111,1.1468141944444448,0
F05,72,3.03025485,1.1412000000000049,0.030445314750984557,17.79995485,15.925774849999998,0.01009511111111111,1.156909305555556,0
F05,73,3.03025485,1.1737000000000037,0.033064672888771296,19.03335485,17.25849985,0.009534277777777777,1.1664435833333338,0
F05,74,3.03025485,1.193400000000004,0.03575034075760538,20.26665485,18.59757985,0.008941138888888889,1.1753847222222227,0
F05,75,3.03025485,1.1999999999999993,0.03846153846153844,21.499954849999998,19.93995485,0.008333333333333333,1.183718055555556,0
F05,76,3.03025485,1.1934000000000005,0.04111089676459242,22.733354849999998,21.281914849999996,0.007732055555555555,1.1914501111111115,0
F05,77,3.03025485,1.1738,0.0435927432083635,23.966654849999998,22.620329849999997,0.007153527777777778,1.1986036388888892,0
F05,78,3.03025485,1.141300000000001,0.045811423754666285,25.199954849999997,23.954304849999996,0.00660325,1.2052068888888892,0
F05,79,3.03025485,1.0961999999999996,0.04772955862567432,26.43335485,25.28500985,0.006075194444444445,1.2112820833333335,0
F05,80,3.03025485,1.039200000000001,0.049393513061333175,27.666654849999997,26.614694849999996,0.005555555555555556,1.216837638888889,0
F05,81,3.03025485,0.9708000000000006,0.05088957151693701,28.899954849999997,27.946124849999997,0.005029388888888889,1.221867027777778,0
F05,82,3.03025485,0.8917000000000002,0.05231783805349715,30.13335485,29.28115985,0.004486722222222223,1.2263537500000001,0
F05,83,3.03025485,0.802999999999999,0.0537623609911556,31.36665485,30.61984985,0.003925861111111111,1.2302796111111112,0
F05,84,3.03025485,0.7054000000000009,0.05521333135043331,32.59995485,31.96115985,0.0033529166666666664,1.2336325277777778,0
F05,85,3.03025485,0.5999999999999996,0.05660377358490563,33.83335485,33.30335485,0.002777777777777778,1.2364103055555555,0
F05,86,3.03025485,0.4881000000000002,0.057824217222873814,35.06665485,34.64459985,0.0022091666666666666,1.2386194722222221,0
F05,87,3.03025485,0.3708999999999998,0.05874433779974022,36.29995485,35.98426485,0.0016508055555555555,1.2402702777777777,0
F05,88,3.03025485,0.24949999999999983,0.059242550160275395,37.533354849999995,37.322779849999996,0.0011005555555555556,1.2413708333333333,0
F05,89,3.03025485,0.12550000000000017,0.05937455646496672,38.766654849999995,38.660969849999994,0.0005522777777777777,1.241923111111111,0
F05,90,3.03025485,0,,39.99995485,39.99995485,0,1.241923111111111,0
F05,91,3.03025485,0,,39.99995485,39.99995485,0,1.241923111111111,0
F05,92,3.03025485,0,,39.99995485,39.99995485,0,1.241923111111111,0
F05,93,3.03025485,0,,39.999954849999995,39.999954849999995,0,1.241923111111111,0
F05,94,3.03025485,0,,39.99995485,39.99995485,0,1.241923111111111,0
F05,95,3.03025485,0,,39.999954849999995,39.999954849999995,0,1.241923111111111,0
F05,96,3.03025485,0,,39.999954849999995,39.999954849999995,0,1.241923111111111,0
F05,97,3.03025485,0,,39.99995485,39.99995485,0,1.241923111111111,0
F05,98,3.03025485,0,,39.99995485,39.99995485,0,1.241923111111111,0
F05,99,3.03025485,0,,39.99995485,39.99995485,0,1.241923111111111,0
F05,100,3.03025485,0,,39.99995485,39.99995485,0,1.241923111111111,0
F05,101,3.03025485,0,,39.99995485,39.99995485,0,1.241923111111111,0
F05,102,3.03025485,0,,39.99995485,39.99995485,0,1.241923111111111,0
F05,103,3.03025485,0,,39.999954849999995,39.999954849999995,0,1.241923111111111,0
F05,104,3.03025485,0,,39.999954849999995,39.999954849999995,0,1.241923111111111,0
F05,105,3.03025485,0,,39.999954849999995,39.999954849999995,0,1.241923111111111,0
F05,106,3.03025485,0,,39.99995485,39.99995485,0,1.241923111111111,0
F05,107,3.03025485,0,,39.999954849999995,39.999954849999995,0,1.241923111111111,0
F05,108,3.03025485,0,,39.999954849999995,39.999954849999995,0,1.241923111111111,0
F05,109,3.03025485,0,,39.99995485,39.99995485,0,1.241923111111111,0
F05,110,3.03025485,0,,39.999954849999995,39.999954849999995,0,1.241923111111111,0
F05,111,3.03025485,0,,39.99995485,39.99995485,0,1.241923111111111,0
F05,112,3.03025485,0,,39.999954849999995,39.999954849999995,0,1.241923111111111,0
F05,113,3.03025485,0,,39.999954849999995,39.999954849999995,0,1.241923111111111,0
F05,114,3.03025485,0,,39.99995485,39.99995485,0,1.241923111111111,0
F05,115,3.03025485,0,,39.99995485,39.99995485,0,1.241923111111111,0
F05,116,3.03025485,0,,39.99995485,39.99995485,0,1.241923111111111,0
F05,117,3.03025485,0,,39.999954849999995,39.999954849999995,0,1.241923111111111,0
F05,118,3.03025485,0,,39.999954849999995,39.999954849999995,0,1.241923111111111,0
F05,119,3.03025485,0,,39.99995485,39.99995485,0,1.241923111111111,0
F05,120,3.03025485,0,,39.99995485,39.99995485,0,1.241923111111111,0
F05,121,3.03025485,0,,39.99995485,39.99995485,0,1.241923111111111,0
F05,122,3.03025485,0,,39.99995485,39.99995485,0,1.241923111111111,0
F05,123,3.03025485,0,,39.999954849999995,39.999954849999995,0,1.241923111111111,0
F05,124,3.03025485,0,,39.999954849999995,39.999954849999995,0,1.241923111111111,0
F05,125,3.03025485,0,,39.99995485,39.99995485,0,1.241923111111111,0
F05,126,3.03025485,0,,39.99995485,39.99995485,0,1.241923111111111,0
F05,127,3.03025485,0,,39.99995485,39.99995485,0,1.241923111111111,0
F05,128,3.03025485,0,,39.999954849999995,39.999954849999995,0,1.241923111111111,0
F05,129,3.03025485,0,,39.999954849999995,39.999954849999995,0,1.241923111111111,0
F05,130,3.03025485,0,,39.99995485,39.99995485,0,1.241923111111111,0
F05,131,3.03025485,0,,39.99995485,39.99995485,0,1.241923111111111,0
F05,132,3.03025485,0,,39.999954849999995,39.999954849999995,0,1.241923111111111,0
F05,133,3.03025485,0,,39.999954849999995,39.999954849999995,0,1.241923111111111,0
F05,134,3.03025485,0,,39.999954849999995,39.999954849999995,0,1.241923111111111,0
F05,135,3.03025485,0,,39.99995485,39.99995485,0,1.241923111111111,0
F05,136,3.03025485,0,,39.99995485,39.99995485,0,1.241923111111111,0
F05,137,3.03025485,0,,39.99995485,39.99995485,0,1.241923111111111,0
F05,138,3.03025485,0,,39.999954849999995,39.999954849999995,0,1.241923111111111,0
F05,139,3.03025485,0,,39.999954849999995,39.999954849999995,0,1.241923111111111,0
F05,140,3.03025485,0,,39.99995485,39.99995485,0,1.241923111111111,0
F05,141,3.03025485,0,,39.999954849999995,39.999954849999995,0,1.241923111111111,0
F05,142,3.03025485,0,,39.999954849999995,39.999954849999995,0,1.241923111111111,0
F05,143,3.03025485,0,,39.999954849999995,39.999954849999995,0,1.241923111111111,0
F05,144,3.03025485,0,,39.99995485,39.99995485,0,1.241923111111111,0
F05,145,3.03025485,0,,39.99995485,39.99995485,0,1.241923111111111,0
F05,146,3.03025485,0,,39.999954849999995,39.999954849999995,0,1.241923111111111,0
F05,147,3.03025485,0,,39.99995485,39.99995485,0,1.241923111111111,0
F05,148,3.03025485,0,,39.99995485,39.99995485,0,1.241923111111111,0
F05,149,3.03025485,0,,39.999954849999995,39.999954849999995,0,1.241923111111111,0
F05,150,3.03025485,0,,39.999954849999995,39.999954849999995,0,1.241923111111111,0
F05,151,3.03025485,0,,39.99995485,39.99995485,0,1.241923111111111,0
F05,152,3.03025485,0,,39.99995485,39.99995485,0,1.241923111111111,0
F05,153,3.03025485,0,,39.99995485,39.99995485,0,1.241923111111111,0
F05,154,3.03025485,0,,39.999954849999995,39.999954849999995,0,1.241923111111111,0
F05,155,3.03025485,0,,39.999954849999995,39.999954849999995,0,1.241923111111111,0
F05,156,3.03025485,0,,39.999954849999995,39.999954849999995,0,1.241923111111111,0
F05,157,3.03025485,0,,39.999954849999995,39.999954849999995,0,1.241923111111111,0
F05,158,3.03025485,0,,39.999954849999995,39.999954849999995,0,1.241923111111111,0
F05,159,3.03025485,0,,39.99995485,39.99995485,0,1.241923111111111,0
F05,160,3.03025485,0,,39.99995485,39.99995485,0,1.241923111111111,0
F05,161,3.03025485,0,,39.99995485,39.99995485,0,1.241923111111111,0
F05,162,3.03025485,0,,39.999954849999995,39.999954849999995,0,1.241923111111111,0
F05,163,3.03025485,0,,39.999954849999995,39.999954849999995,0,1.241923111111111,0
F05,164,3.03025485,0,,39.99995485,39.99995485,0,1.241923111111111,0
F05,165,3.03025485,0,,39.99995485,39.99995485,0,1.241923111111111,0
F05,166,3.03025485,0,,39.99995485,39.99995485,0,1.241923111111111,0
F05,167,3.03025485,0,,39.999954849999995,39.999954849999995,0,1.241923111111111,0
F05,168,3.03025485,0,,39.99995485,39.99995485,0,1.241923111111111,0
F05,169,3.03025485,0,,39.99995485,39.99995485,0,1.241923111111111,0
F05,170,3.03025485,0,,39.99995485,39.99995485,0,1.241923111111111,0
F05,171,3.03025485,0,,39.99995485,39.99995485,0,1.241923111111111,0
F05,172,3.03025485,0,,39.999954849999995,39.999954849999995,0,1.241923111111111,0
F05,173,3.03025485,0,,39.999954849999995,39.999954849999995,0,1.241923111111111,0
F05,174,3.03025485,0,,39.99995485,39.99995485,0,1.241923111111111,0
F05,175,3.03025485,0,,39.99995485,39.99995485,0,1.241923111111111,0
F05,176,3.03025485,0,,39.99995485,39.99995485,0,1.241923111111111,0
F05,177,3.03025485,0,,39.99995485,39.99995485,0,1.241923111111111,0
F05,178,3.03025485,0,,39.999954849999995,39.999954849999995,0,1.241923111111111,0
F05,179,3.03025485,0,,39.99995485,39.99995485,0,1.241923111111111,0
F05,180,3.03025485,0,,39.999954849999995,39.999954849999995,0,1.241923111111111,0
F06,1,3.03025485,0,0,3.01765485,0.000019849999999710377,0.016764638888888888,0.016764638888888888,0
F06,2,3.03025485,0,0,3.02855485,0.000024849999999965178,0.016825166666666665,0.03358980555555555,0
F06,3,3.03025485,0,0,3.02855485,0.000024849999999965178,0.016825166666666665,0.050414972222222215,0
F06,4,3.03025485,0,0,3.01765485,0.000019849999999710377,0.016764638888888888,0.0671796111111111,0
F06,5,3.03025485,0,0,2.99995485,-0.00004515000000004932,0.016666666666666666,0.08384627777777777,0
F06,6,3.03025485,0,0,2.98235485,-0.00001015000000004207,0.016568694444444445,0.10041497222222222,0
F06,7,3.03025485,0,0,2.9714548499999998,-0.00001515000000029687,0.016508166666666668,0.11692313888888889,0
F06,8,3.03025485,0,0,2.9714548499999998,-0.00001515000000029687,0.016508166666666668,0.13343130555555555,0
F06,9,3.03025485,0,0,2.98235485,-0.00001015000000004207,0.016568694444444445,0.15,0
F06,10,3.03025485,0,0,2.99995485,-0.00004515000000004932,0.016666666666666666,0.16666666666666666,0
F06,11,3.03025485,0,0,3.01765485,0.000019849999999710377,0.016764638888888888,0.18343130555555553,0
F06,12,3.03025485,0,0,3.02855485,0.000024849999999965178,0.016825166666666665,0.2002564722222222,0
F06,13,3.03025485,0,0,3.02855485,0.000024849999999965178,0.016825166666666665,0.21708163888888887,0
F06,14,3.03025485,0,0,3.01765485,0.000019849999999710377,0.016764638888888888,0.23384627777777775,0
F06,15,3.03025485,0,0,2.99995485,-0.00004515000000004932,0.016666666666666666,0.25051294444444444,0
F06,16,3.03025485,0,0,2.98235485,-0.00001015000000004207,0.016568694444444445,0.26708163888888886,0
F06,17,3.03025485,0,0,2.9714548499999998,-0.00001515000000029687,0.016508166666666668,0.2835898055555555,0
F06,18,3.03025485,0,0,2.9714548499999998,-0.00001515000000029687,0.016508166666666668,0.3000979722222222,0
F06,19,3.03025485,0,0,2.98235485,-0.00001015000000004207,0.016568694444444445,0.3166666666666666,0
F06,20,3.03025485,0,0,2.99995485,-0.00004515000000004932,0.016666666666666666,0.33333333333333326,0
F06,21,3.03025485,0,0,3.01765485,0.000019849999999710377,0.016764638888888888,0.35009797222222216,0
F06,22,3.03025485,0,0,3.02855485,0.000024849999999965178,0.016825166666666665,0.36692313888888883,0
F06,23,3.03025485,0,0,3.02855485,0.000024849999999965178,0.016825166666666665,0.3837483055555555,0
F06,24,3.03025485,0,0,3.01765485,0.000019849999999710377,0.016764638888888888,0.4005129444444444,0
F06,25,3.03025485,0,0,2.99995485,-0.00004515000000004932,0.016666666666666666,0.41717961111111107,0
F06,26,3.03025485,0,0,2.98235485,-0.00001015000000004207,0.016568694444444445,0.4337483055555555,0
F06,27,3.03025485,0,0,2.97145485,-0.000015149999999852781,0.016508166666666668,0.45025647222222215,0
F06,28,3.03025485,0,0,2.97145485,-0.000015149999999852781,0.016508166666666668,0.4667646388888888,0
F06,29,3.03025485,0,0,2.98235485,-0.00001015000000004207,0.016568694444444445,0.4833333333333332,0
F06,30,3.03025485,0,0,2.99995485,-0.00004515000000004932,0.016666666666666666,0.4999999999999999,0
F06,31,3.03025485,0,0,3.01765485,0.000019849999999710377,0.016764638888888888,0.5167646388888888,0
F06,32,3.03025485,0,0,3.02855485,0.000024849999999965178,0.016825166666666665,0.5335898055555555,0
F06,33,3.03025485,0,0,3.02855485,0.000024849999999965178,0.016825166666666665,0.5504149722222221,0
F06,34,3.03025485,0,0,3.01765485,0.000019849999999710377,0.016764638888888888,0.567179611111111,0
F06,35,3.03025485,0,0,2.99995485,-0.00004515000000004932,0.016666666666666666,0.5838462777777778,0
F06,36,3.03025485,0,0,2.98235485,-0.00001015000000004207,0.016568694444444445,0.6004149722222222,0
F06,37,3.03025485,0,0,2.9714548499999998,-0.00001515000000029687,0.016508166666666668,0.6169231388888888,0
F06,38,3.03025485,0,0,2.9714548499999998,-0.00001515000000029687,0.016508166666666668,0.6334313055555555,0
F06,39,3.03025485,0,0,2.98235485,-0.00001015000000004207,0.016568694444444445,0.6499999999999999,0
F06,40,3.03025485,0,0,2.99995485,-0.00004515000000004932,0.016666666666666666,0.6666666666666666,0
F06,41,3.03025485,0,0,3.01765485,0.000019849999999710377,0.016764638888888888,0.6834313055555555,0
F06,42,3.03025485,0,0,3.02855485,0.000024849999999965178,0.016825166666666665,0.7002564722222222,0
F06,43,3.03025485,0,0,3.02855485,0.000024849999999965178,0.016825166666666665,0.7170816388888889,0
F06,44,3.03025485,0,0,3.01765485,0.000019849999999710377,0.016764638888888888,0.7338462777777778,0
F06,45,3.03025485,0,0,2.99995485,-0.00004515000000004932,0.016666666666666666,0.7505129444444445,0
F06,46,3.03025485,0,0,2.98235485,-0.00001015000000004207,0.016568694444444445,0.7670816388888889,0
F06,47,3.03025485,0,0,2.9714548499999998,-0.00001515000000029687,0.016508166666666668,0.7835898055555556,0
F06,48,3.03025485,0,0,2.9714548499999998,-0.00001515000000029687,0.016508166666666668,0.8000979722222222,0
F06,49,3.03025485,0,0,2.98235485,-0.00001015000000004207,0.016568694444444445,0.8166666666666667,0
F06,50,3.03025485,0,0,2.99995485,-0.00004515000000004932,0.016666666666666666,0.8333333333333334,0
F06,51,3.03025485,0,0,3.01765485,0.000019849999999710377,0.016764638888888888,0.8500979722222223,0
F06,52,3.03025485,0,0,3.02855485,0.000024849999999965178,0.016825166666666665,0.8669231388888889,0
F06,53,3.03025485,0,0,3.02855485,0.000024849999999965178,0.016825166666666665,0.8837483055555556,0
F06,54,3.03025485,0,0,3.01765485,0.000019849999999710377,0.016764638888888888,0.9005129444444445,0
F06,55,3.03025485,0,0,2.99995485,-0.00004515000000004932,0.016666666666666666,0.9171796111111112,0
F06,56,3.03025485,0,0,2.98235485,-0.00001015000000004207,0.016568694444444445,0.9337483055555557,0
F06,57,3.03025485,0,0,2.9714548499999998,-0.00001515000000029687,0.016508166666666668,0.9502564722222223,0
F06,58,3.03025485,0,0,2.9714548499999998,-0.00001515000000029687,0.016508166666666668,0.966764638888889,0
F06,59,3.03025485,0,0,2.98235485,-0.00001015000000004207,0.016568694444444445,0.9833333333333334,0
F06,60,3.03025485,0,0,2.99995485,-0.00004515000000004932,0.016666666666666666,1,0
F06,61,3.03025485,1,0.01656926699219753,3.01765485,0.000019849999999710377,0.016486861111111112,1.016486861111111,0
F06,62,3.03025485,2,0.03301931960390024,3.02855485,0.000024849999999965178,0.01626961111111111,1.0327564722222222,0
F06,63,3.03025485,3,0.04952897940585036,3.02855485,0.000024849999999965178,0.015991833333333334,1.0487483055555555,0
F06,64,3.03025485,4,0.06627706796879013,3.01765485,0.000019849999999710377,0.015653527777777777,1.0644018333333334,0
F06,65,3.03025485,5,0.08333333333333333,2.99995485,-0.00004515000000004932,0.015277777777777777,1.079679611111111,0
F06,66,3.03025485,6,0.10059130924618549,2.98235485,-0.00001015000000004207,0.014902027777777778,1.094581638888889,0
F06,67,3.03025485,7,0.1177868193183845,2.9714548499999998,-0.00001515000000029687,0.014563722222222223,1.109145361111111,0
F06,68,3.03025485,8,0.13461350779243944,2.9714548499999998,-0.00001515000000029687,0.014285944444444445,1.1234313055555556,0
F06,69,3.03025485,9,0.15088696386927825,2.98235485,-0.00001015000000004207,0.014068694444444444,1.1375,0
F06,70,3.03025485,10,0.16666666666666666,2.99995485,-0.00004515000000004932,0.013888888888888888,1.1513888888888888,0
F06,71,3.03025485,11,0.18226193691417286,3.01765485,0.000019849999999710377,0.013709083333333334,1.1650979722222221,0
F06,72,3.03025485,12,0.19811591762340144,3.02855485,0.000024849999999965178,0.013491833333333333,1.1785898055555555,0
F06,73,3.03025485,13,0.21462557742535157,3.02855485,0.000024849999999965178,0.013214055555555555,1.191803861111111,0
F06,74,3.03025485,14,0.23196973789076544,3.01765485,0.000019849999999710377,0.01287575,1.204679611111111,0
F06,75,3.03025485,15,0.25,2.99995485,-0.00004515000000004932,0.0125,1.217179611111111,0
F06,76,3.03025485,16,0.26824349132316133,2.98235485,-0.00001015000000004207,0.01212425,1.2293038611111111,0
F06,77,3.03025485,17,0.28605370405893377,2.9714548499999998,-0.00001515000000029687,0.011785944444444444,1.2410898055555555,0
F06,78,3.03025485,18,0.3028803925329887,2.9714548499999998,-0.00001515000000029687,0.011508166666666667,1.2525979722222222,0
F06,79,3.03025485,19,0.31853914594625404,2.98235485,-0.00001015000000004207,0.011290916666666668,1.2638888888888888,0
F06,80,3.03025485,20,0.3333333333333333,2.99995485,-0.00004515000000004932,0.011111111111111112,1.275,0
F06,81,3.03025485,21,0.3479546068361482,3.01765485,0.000019849999999710377,0.010931305555555555,1.2859313055555555,0
F06,82,3.03025485,22,0.3632125156429027,3.02855485,0.000024849999999965178,0.010714055555555555,1.296645361111111,0
F06,83,3.03025485,23,0.3797221754448528,3.02855485,0.000024849999999965178,0.010436277777777777,1.3070816388888888,0
F06,84,3.03025485,24,0.39766240781274076,3.01765485,0.000019849999999710377,0.010097972222222222,1.3171796111111111,0
F06,85,3.03025485,25,0.4166666666666667,2.99995485,-0.00004515000000004932,0.009722222222222222,1.3269018333333333,0
F06,86,3.03025485,26,0.43589567340013713,2.98235485,-0.00001015000000004207,0.009346472222222223,1.3362483055555556,0
F06,87,3.03025485,27,0.45432058879948306,2.9714548499999998,-0.00001515000000029687,0.009008166666666668,1.3452564722222222,0
F06,88,3.03025485,28,0.471147277273538,2.9714548499999998,-0.00001515000000029687,0.00873038888888889,1.3539868611111112,0
F06,89,3.03025485,29,0.4861913280232299,2.98235485,-0.00001015000000004207,0.00851313888888889,1.3625,0
F06,90,3.03025485,30,0.5,2.99995485,-0.00004515000000004932,0.008333333333333333,1.3708333333333333,0
F06,91,3.03025485,30,0.497078009765926,3.01765485,0.000019849999999710377,0.008431305555555555,1.379264638888889,0
F06,92,3.03025485,30,0.49528979405850365,3.02855485,0.000024849999999965178,0.008491833333333334,1.3877564722222222,0
F06,93,3.03025485,30,0.49528979405850365,3.02855485,0.000024849999999965178,0.008491833333333334,1.3962483055555555,0
F06,94,3.03025485,30,0.497078009765926,3.01765485,0.000019849999999710377,0.008431305555555555,1.404679611111111,0
F06,95,3.03025485,30,0.5,2.99995485,-0.00004515000000004932,0.008333333333333333,1.4130129444444444,0
F06,96,3.03025485,30,0.5029565462309274,2.98235485,-0.00001015000000004207,0.008235361111111112,1.4212483055555554,0
F06,97,3.03025485,30,0.5048006542216479,2.9714548499999998,-0.00001515000000029687,0.008174833333333334,1.4294231388888887,0
F06,98,3.03025485,30,0.5048006542216479,2.9714548499999998,-0.00001515000000029687,0.008174833333333334,1.437597972222222,0
F06,99,3.03025485,30,0.5029565462309274,2.98235485,-0.00001015000000004207,0.008235361111111112,1.445833333333333,0
F06,100,3.03025485,30,0.5,2.99995485,-0.00004515000000004932,0.008333333333333333,1.4541666666666664,0
F06,101,3.03025485,30,0.497078009765926,3.01765485,0.000019849999999710377,0.008431305555555555,1.462597972222222,0
F06,102,3.03025485,30,0.49528979405850365,3.02855485,0.000024849999999965178,0.008491833333333334,1.4710898055555552,0
F06,103,3.03025485,30,0.49528979405850365,3.02855485,0.000024849999999965178,0.008491833333333334,1.4795816388888885,0
F06,104,3.03025485,30,0.497078009765926,3.0176548499999996,0.000019849999999266288,0.008431305555555555,1.488012944444444,0
F06,105,3.03025485,30,0.5,2.99995485,-0.00004515000000004932,0.008333333333333333,1.4963462777777774,0
F06,106,3.03025485,30,0.5029565462309274,2.98235485,-0.00001015000000004207,0.008235361111111112,1.5045816388888884,0
F06,107,3.03025485,30,0.5048006542216479,2.9714548499999998,-0.00001515000000029687,0.008174833333333334,1.5127564722222218,0
F06,108,3.03025485,30,0.5048006542216479,2.97145485,-0.000015149999999852781,0.008174833333333334,1.5209313055555551,0
F06,109,3.03025485,30,0.5029565462309274,2.98235485,-0.00001015000000004207,0.008235361111111112,1.5291666666666661,0
F06,110,3.03025485,30,0.5,2.99995485,-0.00004515000000004932,0.008333333333333333,1.5374999999999994,0
F06,111,3.03025485,30,0.497078009765926,3.01765485,0.000019849999999710377,0.008431305555555555,1.545931305555555,0
F06,112,3.03025485,30,0.49528979405850365,3.02855485,0.000024849999999965178,0.008491833333333334,1.5544231388888883,0
F06,113,3.03025485,30,0.49528979405850365,3.02855485,0.000024849999999965178,0.008491833333333334,1.5629149722222215,0
F06,114,3.03025485,30,0.497078009765926,3.01765485,0.000019849999999710377,0.008431305555555555,1.5713462777777771,0
F06,115,3.03025485,30,0.5,2.99995485,-0.00004515000000004932,0.008333333333333333,1.5796796111111104,0
F06,116,3.03025485,30,0.5029565462309274,2.98235485,-0.00001015000000004207,0.008235361111111112,1.5879149722222214,0
F06,117,3.03025485,30,0.5048006542216479,2.9714548499999998,-0.00001515000000029687,0.008174833333333334,1.5960898055555548,0
F06,118,3.03025485,30,0.5048006542216479,2.9714548499999998,-0.00001515000000029687,0.008174833333333334,1.6042646388888882,0
F06,119,3.03025485,30,0.5029565462309274,2.98235485,-0.00001015000000004207,0.008235361111111112,1.6124999999999992,0
F06,120,3.03025485,30,0.5,2.99995485,-0.00004515000000004932,0.008333333333333333,1.6208333333333325,0
F06,121,3.03025485,30,0.497078009765926,3.01765485,0.000019849999999710377,0.008431305555555555,1.629264638888888,0
F06,122,3.03025485,30,0.49528979405850365,3.02855485,0.000024849999999965178,0.008491833333333334,1.6377564722222213,0
F06,123,3.03025485,30,0.49528979405850365,3.02855485,0.000024849999999965178,0.008491833333333334,1.6462483055555546,0
F06,124,3.03025485,30,0.497078009765926,3.01765485,0.000019849999999710377,0.008431305555555555,1.6546796111111102,0
F06,125,3.03025485,30,0.5,2.99995485,-0.00004515000000004932,0.008333333333333333,1.6630129444444435,0
F06,126,3.03025485,30,0.5029565462309274,2.98235485,-0.00001015000000004207,0.008235361111111112,1.6712483055555545,0
F06,127,3.03025485,30,0.5048006542216479,2.9714548499999998,-0.00001515000000029687,0.008174833333333334,1.6794231388888878,0
F06,128,3.03025485,30,0.5048006542216479,2.97145485,-0.000015149999999852781,0.008174833333333334,1.6875979722222212,0
F06,129,3.03025485,30,0.5029565462309274,2.98235485,-0.00001015000000004207,0.008235361111111112,1.6958333333333322,0
F06,130,3.03025485,30,0.5,2.99995485,-0.00004515000000004932,0.008333333333333333,1.7041666666666655,0
F06,131,3.03025485,30,0.497078009765926,3.0176548499999996,0.000019849999999266288,0.008431305555555555,1.712597972222221,0
F06,132,3.03025485,30,0.49528979405850365,3.02855485,0.000024849999999965178,0.008491833333333334,1.7210898055555544,0
F06,133,3.03025485,30,0.49528979405850365,3.02855485,0.000024849999999965178,0.008491833333333334,1.7295816388888876,0
F06,134,3.03025485,30,0.497078009765926,3.0176548499999996,0.000019849999999266288,0.008431305555555555,1.7380129444444432,0
F06,135,3.03025485,30,0.5,2.99995485,-0.00004515000000004932,0.008333333333333333,1.7463462777777765,0
F06,136,3.03025485,30,0.5029565462309274,2.98235485,-0.00001015000000004207,0.008235361111111112,1.7545816388888875,0
F06,137,3.03025485,30,0.5048006542216479,2.9714548499999998,-0.00001515000000029687,0.008174833333333334,1.7627564722222209,0
F06,138,3.03025485,30,0.5048006542216479,2.9714548499999998,-0.00001515000000029687,0.008174833333333334,1.7709313055555542,0
F06,139,3.03025485,30,0.5029565462309274,2.98235485,-0.00001015000000004207,0.008235361111111112,1.7791666666666652,0
F06,140,3.03025485,30,0.5,2.99995485,-0.00004515000000004932,0.008333333333333333,1.7874999999999985,0
F06,141,3.03025485,30,0.497078009765926,3.01765485,0.000019849999999710377,0.008431305555555555,1.7959313055555541,0
F06,142,3.03025485,30,0.49528979405850365,3.02855485,0.000024849999999965178,0.008491833333333334,1.8044231388888874,0
F06,143,3.03025485,30,0.49528979405850365,3.02855485,0.000024849999999965178,0.008491833333333334,1.8129149722222206,0
F06,144,3.03025485,30,0.497078009765926,3.01765485,0.000019849999999710377,0.008431305555555555,1.8213462777777762,0
F06,145,3.03025485,30,0.5,2.99995485,-0.00004515000000004932,0.008333333333333333,1.8296796111111095,0
F06,146,3.03025485,30,0.5029565462309274,2.98235485,-0.00001015000000004207,0.008235361111111112,1.8379149722222206,0
F06,147,3.03025485,30,0.5048006542216479,2.9714548499999998,-0.00001515000000029687,0.008174833333333334,1.846089805555554,0
F06,148,3.03025485,30,0.5048006542216479,2.9714548499999998,-0.00001515000000029687,0.008174833333333334,1.8542646388888873,0
F06,149,3.03025485,30,0.5029565462309274,2.98235485,-0.00001015000000004207,0.008235361111111112,1.8624999999999983,0
F06,150,3.03025485,30,0.5,2.99995485,-0.00004515000000004932,0.008333333333333333,1.8708333333333316,0
F06,151,3.03025485,30,0.497078009765926,3.01765485,0.000019849999999710377,0.008431305555555555,1.8792646388888872,0
F06,152,3.03025485,30,0.49528979405850365,3.02855485,0.000024849999999965178,0.008491833333333334,1.8877564722222204,0
F06,153,3.03025485,30,0.49528979405850365,3.02855485,0.000024849999999965178,0.008491833333333334,1.8962483055555537,0
F06,154,3.03025485,30,0.497078009765926,3.01765485,0.000019849999999710377,0.008431305555555555,1.9046796111111093,0
F06,155,3.03025485,30,0.5,2.99995485,-0.00004515000000004932,0.008333333333333333,1.9130129444444426,0
F06,156,3.03025485,30,0.5029565462309274,2.98235485,-0.00001015000000004207,0.008235361111111112,1.9212483055555536,0
F06,157,3.03025485,30,0.5048006542216479,2.9714548499999998,-0.00001515000000029687,0.008174833333333334,1.929423138888887,0
F06,158,3.03025485,30,0.5048006542216479,2.9714548499999998,-0.00001515000000029687,0.008174833333333334,1.9375979722222203,0
F06,159,3.03025485,30,0.5029565462309274,2.98235485,-0.00001015000000004207,0.008235361111111112,1.9458333333333313,0
F06,160,3.03025485,30,0.5,2.99995485,-0.00004515000000004932,0.008333333333333333,1.9541666666666646,0
F06,161,3.03025485,30,0.497078009765926,3.01765485,0.000019849999999710377,0.008431305555555555,1.9625979722222202,0
F06,162,3.03025485,30,0.49528979405850365,3.02855485,0.000024849999999965178,0.008491833333333334,1.9710898055555535,0
F06,163,3.03025485,30,0.49528979405850365,3.02855485,0.000024849999999965178,0.008491833333333334,1.9795816388888867,0
F06,164,3.03025485,30,0.497078009765926,3.01765485,0.000019849999999710377,0.008431305555555555,1.9880129444444423,0
F06,165,3.03025485,30,0.5,2.99995485,-0.00004515000000004932,0.008333333333333333,1.9963462777777756,0
F06,166,3.03025485,30,0.5029565462309274,2.98235485,-0.00001015000000004207,0.008235361111111112,2.0045816388888866,0
F06,167,3.03025485,30,0.5048006542216479,2.9714548499999998,-0.00001515000000029687,0.008174833333333334,2.01275647222222,0
F06,168,3.03025485,30,0.5048006542216479,2.9714548499999998,-0.00001515000000029687,0.008174833333333334,2.0209313055555533,0
F06,169,3.03025485,30,0.5029565462309274,2.98235485,-0.00001015000000004207,0.008235361111111112,2.0291666666666646,0
F06,170,3.03025485,30,0.5,2.99995485,-0.00004515000000004932,0.008333333333333333,2.037499999999998,0
F06,171,3.03025485,30,0.497078009765926,3.01765485,0.000019849999999710377,0.008431305555555555,2.0459313055555532,0
F06,172,3.03025485,30,0.49528979405850365,3.02855485,0.000024849999999965178,0.008491833333333334,2.0544231388888865,0
F06,173,3.03025485,30,0.49528979405850365,3.02855485,0.000024849999999965178,0.008491833333333334,2.0629149722222198,0
F06,174,3.03025485,30,0.497078009765926,3.01765485,0.000019849999999710377,0.008431305555555555,2.071346277777775,0
F06,175,3.03025485,30,0.5,2.99995485,-0.00004515000000004932,0.008333333333333333,2.0796796111111084,0
F06,176,3.03025485,30,0.5029565462309274,2.98235485,-0.00001015000000004207,0.008235361111111112,2.0879149722222197,0
F06,177,3.03025485,30,0.5048006542216479,2.9714548499999998,-0.00001515000000029687,0.008174833333333334,2.096089805555553,0
F06,178,3.03025485,30,0.5048006542216479,2.9714548499999998,-0.00001515000000029687,0.008174833333333334,2.1042646388888864,0
F06,179,3.03025485,30,0.5029565462309274,2.98235485,-0.00001015000000004207,0.008235361111111112,2.1124999999999976,0
F06,180,3.03025485,30,0.5,2.99995485,-0.00004515000000004932,0.008333333333333333,2.120833333333331,0
F07,1,3.03025485,0,0,3.01765485,0.000019849999999710377,0.016764638888888888,0.016764638888888888,0
F07,2,3.03025485,0,0,3.02855485,0.000024849999999965178,0.016825166666666665,0.03358980555555555,0
F07,3,3.03025485,0,0,3.02855485,0.000024849999999965178,0.016825166666666665,0.050414972222222215,0
F07,4,3.03025485,0,0,3.01765485,0.000019849999999710377,0.016764638888888888,0.0671796111111111,0
F07,5,3.03025485,0,0,2.99995485,-0.00004515000000004932,0.016666666666666666,0.08384627777777777,0
F07,6,3.03025485,0,0,2.98235485,-0.00001015000000004207,0.016568694444444445,0.10041497222222222,0
F07,7,3.03025485,0,0,2.9714548499999998,-0.00001515000000029687,0.016508166666666668,0.11692313888888889,0
F07,8,3.03025485,0,0,2.9714548499999998,-0.00001515000000029687,0.016508166666666668,0.13343130555555555,0
F07,9,3.03025485,0,0,2.98235485,-0.00001015000000004207,0.016568694444444445,0.15,0
F07,10,3.03025485,0,0,2.99995485,-0.00004515000000004932,0.016666666666666666,0.16666666666666666,0
F07,11,3.03025485,0,0,3.01765485,0.000019849999999710377,0.016764638888888888,0.18343130555555553,0
F07,12,3.03025485,0,0,3.02855485,0.000024849999999965178,0.016825166666666665,0.2002564722222222,0
F07,13,3.03025485,0,0,3.02855485,0.000024849999999965178,0.016825166666666665,0.21708163888888887,0
F07,14,3.03025485,0,0,3.01765485,0.000019849999999710377,0.016764638888888888,0.23384627777777775,0
F07,15,3.03025485,0,0,2.99995485,-0.00004515000000004932,0.016666666666666666,0.25051294444444444,0
F07,16,3.03025485,0,0,2.98235485,-0.00001015000000004207,0.016568694444444445,0.26708163888888886,0
F07,17,3.03025485,0,0,2.9714548499999998,-0.00001515000000029687,0.016508166666666668,0.2835898055555555,0
F07,18,3.03025485,0,0,2.9714548499999998,-0.00001515000000029687,0.016508166666666668,0.3000979722222222,0
F07,19,3.03025485,0,0,2.98235485,-0.00001015000000004207,0.016568694444444445,0.3166666666666666,0
F07,20,3.03025485,0,0,2.99995485,-0.00004515000000004932,0.016666666666666666,0.33333333333333326,0
F07,21,3.03025485,0,0,3.01765485,0.000019849999999710377,0.016764638888888888,0.35009797222222216,0
F07,22,3.03025485,0,0,3.02855485,0.000024849999999965178,0.016825166666666665,0.36692313888888883,0
F07,23,3.03025485,0,0,3.02855485,0.000024849999999965178,0.016825166666666665,0.3837483055555555,0
F07,24,3.03025485,0,0,3.01765485,0.000019849999999710377,0.016764638888888888,0.4005129444444444,0
F07,25,3.03025485,0,0,2.99995485,-0.00004515000000004932,0.016666666666666666,0.41717961111111107,0
F07,26,3.03025485,0,0,2.98235485,-0.00001015000000004207,0.016568694444444445,0.4337483055555555,0
F07,27,3.03025485,0,0,2.97145485,-0.000015149999999852781,0.016508166666666668,0.45025647222222215,0
F07,28,3.03025485,0,0,2.97145485,-0.000015149999999852781,0.016508166666666668,0.4667646388888888,0
F07,29,3.03025485,0,0,2.98235485,-0.00001015000000004207,0.016568694444444445,0.4833333333333332,0
F07,30,3.03025485,0,0,2.99995485,-0.00004515000000004932,0.016666666666666666,0.4999999999999999,0
F07,31,3.03025485,0,0,3.01765485,0.000019849999999710377,0.016764638888888888,0.5167646388888888,0
F07,32,3.03025485,0,0,3.02855485,0.000024849999999965178,0.016825166666666665,0.5335898055555555,0
F07,33,3.03025485,0,0,3.02855485,0.000024849999999965178,0.016825166666666665,0.5504149722222221,0
F07,34,3.03025485,0,0,3.01765485,0.000019849999999710377,0.016764638888888888,0.567179611111111,0
F07,35,3.03025485,0,0,2.99995485,-0.00004515000000004932,0.016666666666666666,0.5838462777777778,0
F07,36,3.03025485,0,0,2.98235485,-0.00001015000000004207,0.016568694444444445,0.6004149722222222,0
F07,37,3.03025485,0,0,2.9714548499999998,-0.00001515000000029687,0.016508166666666668,0.6169231388888888,0
F07,38,3.03025485,0,0,2.9714548499999998,-0.00001515000000029687,0.016508166666666668,0.6334313055555555,0
F07,39,3.03025485,0,0,2.98235485,-0.00001015000000004207,0.016568694444444445,0.6499999999999999,0
F07,40,3.03025485,0,0,2.99995485,-0.00004515000000004932,0.016666666666666666,0.6666666666666666,0
F07,41,3.03025485,0,0,3.01765485,0.000019849999999710377,0.016764638888888888,0.6834313055555555,0
F07,42,3.03025485,0,0,3.02855485,0.000024849999999965178,0.016825166666666665,0.7002564722222222,0
F07,43,3.03025485,0,0,3.02855485,0.000024849999999965178,0.016825166666666665,0.7170816388888889,0
F07,44,3.03025485,0,0,3.01765485,0.000019849999999710377,0.016764638888888888,0.7338462777777778,0
F07,45,3.03025485,0,0,2.99995485,-0.00004515000000004932,0.016666666666666666,0.7505129444444445,0
F07,46,3.03025485,0,0,2.98235485,-0.00001015000000004207,0.016568694444444445,0.7670816388888889,0
F07,47,3.03025485,0,0,2.9714548499999998,-0.00001515000000029687,0.016508166666666668,0.7835898055555556,0
F07,48,3.03025485,0,0,2.9714548499999998,-0.00001515000000029687,0.016508166666666668,0.8000979722222222,0
F07,49,3.03025485,0,0,2.98235485,-0.00001015000000004207,0.016568694444444445,0.8166666666666667,0
F07,50,3.03025485,0,0,2.99995485,-0.00004515000000004932,0.016666666666666666,0.8333333333333334,0
F07,51,3.03025485,0,0,3.01765485,0.000019849999999710377,0.016764638888888888,0.8500979722222223,0
F07,52,3.03025485,0,0,3.02855485,0.000024849999999965178,0.016825166666666665,0.8669231388888889,0
F07,53,3.03025485,0,0,3.02855485,0.000024849999999965178,0.016825166666666665,0.8837483055555556,0
F07,54,3.03025485,0,0,3.01765485,0.000019849999999710377,0.016764638888888888,0.9005129444444445,0
F07,55,3.03025485,0,0,2.99995485,-0.00004515000000004932,0.016666666666666666,0.9171796111111112,0
F07,56,3.03025485,0,0,2.98235485,-0.00001015000000004207,0.016568694444444445,0.9337483055555557,0
F07,57,3.03025485,0,0,2.9714548499999998,-0.00001515000000029687,0.016508166666666668,0.9502564722222223,0
F07,58,3.03025485,0,0,2.9714548499999998,-0.00001515000000029687,0.016508166666666668,0.966764638888889,0
F07,59,3.03025485,0,0,2.98235485,-0.00001015000000004207,0.016568694444444445,0.9833333333333334,0
F07,60,3.03025485,0,0,2.99995485,-0.00004515000000004932,0.016666666666666666,1,0
F07,61,3.03025485,0,0,3.01765485,0.000019849999999710377,0.016764638888888888,1.016764638888889,0
F07,62,3.03025485,0,0,3.02855485,0.000024849999999965178,0.016825166666666665,1.0335898055555555,0
F07,63,3.03025485,0,0,3.02855485,0.000024849999999965178,0.016825166666666665,1.050414972222222,0
F07,64,3.03025485,0,0,3.01765485,0.000019849999999710377,0.016764638888888888,1.067179611111111,0
F07,65,3.03025485,0,0,2.99995485,-0.00004515000000004932,0.016666666666666666,1.0838462777777775,0
F07,66,3.03025485,0,0,2.98235485,-0.00001015000000004207,0.016568694444444445,1.100414972222222,0
F07,67,3.03025485,0,0,2.9714548499999998,-0.00001515000000029687,0.016508166666666668,1.1169231388888887,0
F07,68,3.03025485,0,0,2.9714548499999998,-0.00001515000000029687,0.016508166666666668,1.1334313055555554,0
F07,69,3.03025485,0,0,2.98235485,-0.00001015000000004207,0.016568694444444445,1.15,0
F07,70,3.03025485,0,0,2.99995485,-0.00004515000000004932,0.016666666666666666,1.1666666666666665,0
F07,71,3.03025485,0,0,3.01765485,0.000019849999999710377,0.016764638888888888,1.1834313055555554,0
F07,72,3.03025485,0,0,3.02855485,0.000024849999999965178,0.016825166666666665,1.200256472222222,0
F07,73,3.03025485,0,0,3.02855485,0.000024849999999965178,0.016825166666666665,1.2170816388888885,0
F07,74,3.03025485,0,0,3.01765485,0.000019849999999710377,0.016764638888888888,1.2338462777777774,0
F07,75,3.03025485,0,0,2.99995485,-0.00004515000000004932,0.016666666666666666,1.250512944444444,0
F07,76,3.03025485,0,0,2.98235485,-0.00001015000000004207,0.016568694444444445,1.2670816388888886,0
F07,77,3.03025485,0,0,2.9714548499999998,-0.00001515000000029687,0.016508166666666668,1.2835898055555552,0
F07,78,3.03025485,0,0,2.9714548499999998,-0.00001515000000029687,0.016508166666666668,1.300097972222222,0
F07,79,3.03025485,0,0,2.98235485,-0.00001015000000004207,0.016568694444444445,1.3166666666666664,0
F07,80,,,,,,,1.3166666666666664,1
F07,81,,,,,,,1.3166666666666664,2
F07,82,,,,,,,1.3166666666666664,3
F07,83,,,,,,,1.3166666666666664,4
F07,84,,,,,,,1.3166666666666664,5
F07,85,,,,,,,1.3166666666666664,6
F07,86,,,,,,,1.3166666666666664,7
F07,87,,,,,,,1.3166666666666664,8
F07,88,,,,,,,1.3166666666666664,9
F07,89,,,,,,,1.3166666666666664,10
F07,90,,,,,,,1.3166666666666664,11
F07,91,,,,,,,1.3166666666666664,12
F07,92,,,,,,,1.3166666666666664,13
F07,93,,,,,,,1.3166666666666664,14
F07,94,,,,,,,1.3166666666666664,15
F07,95,,,,,,,1.3166666666666664,16
F07,96,,,,,,,1.3166666666666664,17
F07,97,,,,,,,1.3166666666666664,18
F07,98,,,,,,,1.3166666666666664,19
F07,99,,,,,,,1.3166666666666664,20
F07,100,3.03025485,0,0,2.99995485,-0.00004515000000004932,0.016666666666666666,1.333333333333333,20
F07,101,3.03025485,0,0,3.01765485,0.000019849999999710377,0.016764638888888888,1.350097972222222,20
F07,102,3.03025485,0,0,3.02855485,0.000024849999999965178,0.016825166666666665,1.3669231388888885,20
F07,103,3.03025485,0,0,3.02855485,0.000024849999999965178,0.016825166666666665,1.383748305555555,20
F07,104,3.03025485,0,0,3.0176548499999996,0.000019849999999266288,0.016764638888888888,1.400512944444444,20
F07,105,3.03025485,0,0,2.99995485,-0.00004515000000004932,0.016666666666666666,1.4171796111111106,20
F07,106,3.03025485,0,0,2.98235485,-0.00001015000000004207,0.016568694444444445,1.433748305555555,20
F07,107,3.03025485,0,0,2.9714548499999998,-0.00001515000000029687,0.016508166666666668,1.4502564722222218,20
F07,108,3.03025485,0,0,2.97145485,-0.000015149999999852781,0.016508166666666668,1.4667646388888884,20
F07,109,3.03025485,0,0,2.98235485,-0.00001015000000004207,0.016568694444444445,1.483333333333333,20
F07,110,3.03025485,0,0,2.99995485,-0.00004515000000004932,0.016666666666666666,1.4999999999999996,20
F07,111,3.03025485,0,0,3.01765485,0.000019849999999710377,0.016764638888888888,1.5167646388888885,20
F07,112,3.03025485,0,0,3.02855485,0.000024849999999965178,0.016825166666666665,1.533589805555555,20
F07,113,3.03025485,0,0,3.02855485,0.000024849999999965178,0.016825166666666665,1.5504149722222216,20
F07,114,3.03025485,0,0,3.01765485,0.000019849999999710377,0.016764638888888888,1.5671796111111105,20
F07,115,3.03025485,0,0,2.99995485,-0.00004515000000004932,0.016666666666666666,1.583846277777777,20
F07,116,3.03025485,0,0,2.98235485,-0.00001015000000004207,0.016568694444444445,1.6004149722222216,20
F07,117,3.03025485,0,0,2.9714548499999998,-0.00001515000000029687,0.016508166666666668,1.6169231388888883,20
F07,118,3.03025485,0,0,2.9714548499999998,-0.00001515000000029687,0.016508166666666668,1.633431305555555,20
F07,119,3.03025485,0,0,2.98235485,-0.00001015000000004207,0.016568694444444445,1.6499999999999995,20
F07,120,3.03025485,0,0,2.99995485,-0.00004515000000004932,0.016666666666666666,1.666666666666666,20
F07,121,3.03025485,0,0,3.01765485,0.000019849999999710377,0.016764638888888888,1.683431305555555,20
F07,122,3.03025485,0,0,3.02855485,0.000024849999999965178,0.016825166666666665,1.7002564722222215,20
F07,123,3.03025485,0,0,3.02855485,0.000024849999999965178,0.016825166666666665,1.717081638888888,20
F07,124,3.03025485,0,0,3.01765485,0.000019849999999710377,0.016764638888888888,1.733846277777777,20
F07,125,3.03025485,0,0,2.99995485,-0.00004515000000004932,0.016666666666666666,1.7505129444444436,20
F07,126,3.03025485,0,0,2.98235485,-0.00001015000000004207,0.016568694444444445,1.7670816388888881,20
F07,127,3.03025485,0,0,2.9714548499999998,-0.00001515000000029687,0.016508166666666668,1.7835898055555548,20
F07,128,3.03025485,0,0,2.97145485,-0.000015149999999852781,0.016508166666666668,1.8000979722222215,20
F07,129,3.03025485,0,0,2.98235485,-0.00001015000000004207,0.016568694444444445,1.816666666666666,20
F07,130,3.03025485,0,0,2.99995485,-0.00004515000000004932,0.016666666666666666,1.8333333333333326,20
F07,131,3.03025485,0,0,3.0176548499999996,0.000019849999999266288,0.016764638888888888,1.8500979722222215,20
F07,132,3.03025485,0,0,3.02855485,0.000024849999999965178,0.016825166666666665,1.866923138888888,20
F07,133,3.03025485,0,0,3.02855485,0.000024849999999965178,0.016825166666666665,1.8837483055555546,20
F07,134,3.03025485,0,0,3.0176548499999996,0.000019849999999266288,0.016764638888888888,1.9005129444444435,20
F07,135,3.03025485,0,0,2.99995485,-0.00004515000000004932,0.016666666666666666,1.9171796111111101,20
F07,136,3.03025485,0,0,2.98235485,-0.00001015000000004207,0.016568694444444445,1.9337483055555547,20
F07,137,3.03025485,0,0,2.9714548499999998,-0.00001515000000029687,0.016508166666666668,1.9502564722222213,20
F07,138,3.03025485,0,0,2.9714548499999998,-0.00001515000000029687,0.016508166666666668,1.966764638888888,20
F07,139,3.03025485,0,0,2.98235485,-0.00001015000000004207,0.016568694444444445,1.9833333333333325,20
F07,140,3.03025485,0,0,2.99995485,-0.00004515000000004932,0.016666666666666666,1.9999999999999991,20
F07,141,3.03025485,0,0,3.01765485,0.000019849999999710377,0.016764638888888888,2.016764638888888,20
F07,142,3.03025485,0,0,3.02855485,0.000024849999999965178,0.016825166666666665,2.0335898055555544,20
F07,143,3.03025485,0,0,3.02855485,0.000024849999999965178,0.016825166666666665,2.050414972222221,20
F07,144,3.03025485,0,0,3.01765485,0.000019849999999710377,0.016764638888888888,2.0671796111111096,20
F07,145,3.03025485,0,0,2.99995485,-0.00004515000000004932,0.016666666666666666,2.083846277777776,20
F07,146,3.03025485,0,0,2.98235485,-0.00001015000000004207,0.016568694444444445,2.1004149722222207,20
F07,147,3.03025485,0,0,2.9714548499999998,-0.00001515000000029687,0.016508166666666668,2.1169231388888874,20
F07,148,3.03025485,0,0,2.9714548499999998,-0.00001515000000029687,0.016508166666666668,2.133431305555554,20
F07,149,3.03025485,0,0,2.98235485,-0.00001015000000004207,0.016568694444444445,2.1499999999999986,20
F07,150,3.03025485,0,0,2.99995485,-0.00004515000000004932,0.016666666666666666,2.166666666666665,20
F07,151,3.03025485,0,0,3.01765485,0.000019849999999710377,0.016764638888888888,2.183431305555554,20
F07,152,3.03025485,0,0,3.02855485,0.000024849999999965178,0.016825166666666665,2.2002564722222204,20
F07,153,3.03025485,0,0,3.02855485,0.000024849999999965178,0.016825166666666665,2.217081638888887,20
F07,154,3.03025485,0,0,3.01765485,0.000019849999999710377,0.016764638888888888,2.2338462777777757,20
F07,155,3.03025485,0,0,2.99995485,-0.00004515000000004932,0.016666666666666666,2.2505129444444423,20
F07,156,3.03025485,0,0,2.98235485,-0.00001015000000004207,0.016568694444444445,2.267081638888887,20
F07,157,3.03025485,0,0,2.9714548499999998,-0.00001515000000029687,0.016508166666666668,2.2835898055555535,20
F07,158,3.03025485,0,0,2.9714548499999998,-0.00001515000000029687,0.016508166666666668,2.30009797222222,20
F07,159,3.03025485,0,0,2.98235485,-0.00001015000000004207,0.016568694444444445,2.3166666666666647,20
F07,160,3.03025485,0,0,2.99995485,-0.00004515000000004932,0.016666666666666666,2.3333333333333313,20
F07,161,3.03025485,0,0,3.01765485,0.000019849999999710377,0.016764638888888888,2.35009797222222,20
F07,162,3.03025485,0,0,3.02855485,0.000024849999999965178,0.016825166666666665,2.3669231388888865,20
F07,163,3.03025485,0,0,3.02855485,0.000024849999999965178,0.016825166666666665,2.383748305555553,20
F07,164,3.03025485,0,0,3.01765485,0.000019849999999710377,0.016764638888888888,2.4005129444444417,20
F07,165,3.03025485,0,0,2.99995485,-0.00004515000000004932,0.016666666666666666,2.4171796111111084,20
F07,166,3.03025485,0,0,2.98235485,-0.00001015000000004207,0.016568694444444445,2.433748305555553,20
F07,167,3.03025485,0,0,2.9714548499999998,-0.00001515000000029687,0.016508166666666668,2.4502564722222195,20
F07,168,3.03025485,0,0,2.9714548499999998,-0.00001515000000029687,0.016508166666666668,2.466764638888886,20
F07,169,3.03025485,0,0,2.98235485,-0.00001015000000004207,0.016568694444444445,2.4833333333333307,20
F07,170,3.03025485,0,0,2.99995485,-0.00004515000000004932,0.016666666666666666,2.4999999999999973,20
F07,171,3.03025485,0,0,3.01765485,0.000019849999999710377,0.016764638888888888,2.516764638888886,20
F07,172,3.03025485,0,0,3.02855485,0.000024849999999965178,0.016825166666666665,2.5335898055555526,20
F07,173,3.03025485,0,0,3.02855485,0.000024849999999965178,0.016825166666666665,2.550414972222219,20
F07,174,3.03025485,0,0,3.01765485,0.000019849999999710377,0.016764638888888888,2.567179611111108,20
F07,175,3.03025485,0,0,2.99995485,-0.00004515000000004932,0.016666666666666666,2.5838462777777744,20
F07,176,3.03025485,0,0,2.98235485,-0.00001015000000004207,0.016568694444444445,2.600414972222219,20
F07,177,3.03025485,0,0,2.9714548499999998,-0.00001515000000029687,0.016508166666666668,2.6169231388888856,20
F07,178,3.03025485,0,0,2.9714548499999998,-0.00001515000000029687,0.016508166666666668,2.6334313055555523,20
F07,179,3.03025485,0,0,2.98235485,-0.00001015000000004207,0.016568694444444445,2.649999999999997,20
F07,180,3.03025485,0,0,2.99995485,-0.00004515000000004932,0.016666666666666666,2.6666666666666634,20
F08,1,3.03025485,0,0,3.01765485,0.000019849999999710377,0.016764638888888888,0.016764638888888888,0
F08,2,3.03025485,0,0,3.02855485,0.000024849999999965178,0.016825166666666665,0.03358980555555555,0
F08,3,3.03025485,0,0,3.02855485,0.000024849999999965178,0.016825166666666665,0.050414972222222215,0
F08,4,3.03025485,0,0,3.01765485,0.000019849999999710377,0.016764638888888888,0.0671796111111111,0
F08,5,3.03025485,0,0,2.99995485,-0.00004515000000004932,0.016666666666666666,0.08384627777777777,0
F08,6,3.03025485,0,0,2.98235485,-0.00001015000000004207,0.016568694444444445,0.10041497222222222,0
F08,7,3.03025485,0,0,2.9714548499999998,-0.00001515000000029687,0.016508166666666668,0.11692313888888889,0
F08,8,3.03025485,0,0,2.9714548499999998,-0.00001515000000029687,0.016508166666666668,0.13343130555555555,0
F08,9,3.03025485,0,0,2.98235485,-0.00001015000000004207,0.016568694444444445,0.15,0
F08,10,3.03025485,0,0,2.99995485,-0.00004515000000004932,0.016666666666666666,0.16666666666666666,0
F08,11,3.03025485,0,0,3.01765485,0.000019849999999710377,0.016764638888888888,0.18343130555555553,0
F08,12,3.03025485,0,0,3.02855485,0.000024849999999965178,0.016825166666666665,0.2002564722222222,0
F08,13,3.03025485,0,0,3.02855485,0.000024849999999965178,0.016825166666666665,0.21708163888888887,0
F08,14,3.03025485,0,0,3.01765485,0.000019849999999710377,0.016764638888888888,0.23384627777777775,0
F08,15,3.03025485,0,0,2.99995485,-0.00004515000000004932,0.016666666666666666,0.25051294444444444,0
F08,16,3.03025485,0,0,2.98235485,-0.00001015000000004207,0.016568694444444445,0.26708163888888886,0
F08,17,3.03025485,0,0,2.9714548499999998,-0.00001515000000029687,0.016508166666666668,0.2835898055555555,0
F08,18,3.03025485,0,0,2.9714548499999998,-0.00001515000000029687,0.016508166666666668,0.3000979722222222,0
F08,19,3.03025485,0,0,2.98235485,-0.00001015000000004207,0.016568694444444445,0.3166666666666666,0
F08,20,3.03025485,0,0,2.99995485,-0.00004515000000004932,0.016666666666666666,0.33333333333333326,0
F08,21,3.03025485,0,0,3.01765485,0.000019849999999710377,0.016764638888888888,0.35009797222222216,0
F08,22,3.03025485,0,0,3.02855485,0.000024849999999965178,0.016825166666666665,0.36692313888888883,0
F08,23,3.03025485,0,0,3.02855485,0.000024849999999965178,0.016825166666666665,0.3837483055555555,0
F08,24,3.03025485,0,0,3.01765485,0.000019849999999710377,0.016764638888888888,0.4005129444444444,0
F08,25,3.03025485,0,0,2.99995485,-0.00004515000000004932,0.016666666666666666,0.41717961111111107,0
F08,26,3.03025485,0,0,2.98235485,-0.00001015000000004207,0.016568694444444445,0.4337483055555555,0
F08,27,3.03025485,0,0,2.97145485,-0.000015149999999852781,0.016508166666666668,0.45025647222222215,0
F08,28,3.03025485,0,0,2.97145485,-0.000015149999999852781,0.016508166666666668,0.4667646388888888,0
F08,29,3.03025485,0,0,2.98235485,-0.00001015000000004207,0.016568694444444445,0.4833333333333332,0
F08,30,3.03025485,0,0,2.99995485,-0.00004515000000004932,0.016666666666666666,0.4999999999999999,0
F08,31,3.03025485,0,0,3.01765485,0.000019849999999710377,0.016764638888888888,0.5167646388888888,0
F08,32,3.03025485,0,0,3.02855485,0.000024849999999965178,0.016825166666666665,0.5335898055555555,0
F08,33,3.03025485,0,0,3.02855485,0.000024849999999965178,0.016825166666666665,0.5504149722222221,0
F08,34,3.03025485,0,0,3.01765485,0.000019849999999710377,0.016764638888888888,0.567179611111111,0
F08,35,3.03025485,0,0,2.99995485,-0.00004515000000004932,0.016666666666666666,0.5838462777777778,0
F08,36,3.03025485,0,0,2.98235485,-0.00001015000000004207,0.016568694444444445,0.6004149722222222,0
F08,37,3.03025485,0,0,2.9714548499999998,-0.00001515000000029687,0.016508166666666668,0.6169231388888888,0
F08,38,3.03025485,0,0,2.9714548499999998,-0.00001515000000029687,0.016508166666666668,0.6334313055555555,0
F08,39,3.03025485,0,0,2.98235485,-0.00001015000000004207,0.016568694444444445,0.6499999999999999,0
F08,40,3.03025485,0,0,2.99995485,-0.00004515000000004932,0.016666666666666666,0.6666666666666666,0
F08,41,3.03025485,0,0,3.01765485,0.000019849999999710377,0.016764638888888888,0.6834313055555555,0
F08,42,3.03025485,0,0,3.02855485,0.000024849999999965178,0.016825166666666665,0.7002564722222222,0
F08,43,3.03025485,0,0,3.02855485,0.000024849999999965178,0.016825166666666665,0.7170816388888889,0
F08,44,3.03025485,0,0,3.01765485,0.000019849999999710377,0.016764638888888888,0.7338462777777778,0
F08,45,3.03025485,0,0,2.99995485,-0.00004515000000004932,0.016666666666666666,0.7505129444444445,0
F08,46,3.03025485,0,0,2.98235485,-0.00001015000000004207,0.016568694444444445,0.7670816388888889,0
F08,47,3.03025485,0,0,2.9714548499999998,-0.00001515000000029687,0.016508166666666668,0.7835898055555556,0
F08,48,3.03025485,0,0,2.9714548499999998,-0.00001515000000029687,0.016508166666666668,0.8000979722222222,0
F08,49,3.03025485,0,0,2.98235485,-0.00001015000000004207,0.016568694444444445,0.8166666666666667,0
F08,50,3.03025485,0,0,2.99995485,-0.00004515000000004932,0.016666666666666666,0.8333333333333334,0
F08,51,3.03025485,0,0,3.01765485,0.000019849999999710377,0.016764638888888888,0.8500979722222223,0
F08,52,3.03025485,0,0,3.02855485,0.000024849999999965178,0.016825166666666665,0.8669231388888889,0
F08,53,3.03025485,0,0,3.02855485,0.000024849999999965178,0.016825166666666665,0.8837483055555556,0
F08,54,3.03025485,0,0,3.01765485,0.000019849999999710377,0.016764638888888888,0.9005129444444445,0
F08,55,3.03025485,0,0,2.99995485,-0.00004515000000004932,0.016666666666666666,0.9171796111111112,0
F08,56,3.03025485,0,0,2.98235485,-0.00001015000000004207,0.016568694444444445,0.9337483055555557,0
F08,57,3.03025485,0,0,2.9714548499999998,-0.00001515000000029687,0.016508166666666668,0.9502564722222223,0
F08,58,3.03025485,0,0,2.9714548499999998,-0.00001515000000029687,0.016508166666666668,0.966764638888889,0
F08,59,3.03025485,0,0,2.98235485,-0.00001015000000004207,0.016568694444444445,0.9833333333333334,0
F08,60,3.03025485,0,0,2.99995485,-0.00004515000000004932,0.016666666666666666,1,0
F08,61,3.03025485,0,0,3.62115485,0.6035198499999996,0.016764638888888888,1.016764638888889,0
F08,62,3.03025485,0,0,4.23995485,1.2114248500000002,0.016825166666666665,1.0335898055555555,0
F08,63,3.03025485,0,0,4.84565485,1.81712485,0.016825166666666665,1.050414972222222,0
F08,64,3.03025485,0,0,5.431754850000001,2.4141198500000005,0.016764638888888888,1.067179611111111,0
F08,65,3.03025485,0,0,5.99995485,2.99995485,0.016666666666666666,1.0838462777777775,0
F08,66,3.03025485,0,0,6.561254849999999,3.578889849999999,0.016568694444444445,1.100414972222222,0
F08,67,3.03025485,0,0,7.131554849999999,4.160084849999999,0.016508166666666668,1.1169231388888887,0
F08,68,3.03025485,0,0,7.725854849999999,4.754384849999999,0.016508166666666668,1.1334313055555554,0
F08,69,3.03025485,0,0,8.35065485,5.36828985,0.016568694444444445,1.15,0
F08,70,3.03025485,0,0,8.99995485,5.99995485,0.016666666666666666,1.1666666666666665,0
F08,71,3.03025485,0,0,9.65645485,6.638819849999999,0.016764638888888888,1.1834313055555554,0
F08,72,3.03025485,0,0,10.297054849999999,7.268524849999999,0.016825166666666665,1.200256472222222,0
F08,73,3.03025485,0,0,10.90275485,7.874224850000001,0.016825166666666665,1.2170816388888885,0
F08,74,3.03025485,0,0,11.46705485,8.44941985,0.016764638888888888,1.2338462777777774,0
F08,75,3.03025485,0,0,11.999954850000002,8.999954850000002,0.016666666666666666,1.250512944444444,0
F08,76,3.03025485,0,0,12.52595485,9.54358985,0.016568694444444445,1.2670816388888886,0
F08,77,3.03025485,0,0,13.07445485,10.10298485,0.016508166666666668,1.2835898055555552,0
F08,78,3.03025485,0,0,13.668754850000001,10.69728485,0.016508166666666668,1.300097972222222,0
F08,79,3.03025485,0,0,14.31535485,11.33298985,0.016568694444444445,1.3166666666666664,0
F08,80,3.03025485,0,0,14.99995485,11.99995485,0.016666666666666666,1.333333333333333,0
F08,81,3.03025485,0,0,15.69165485,12.67401985,0.016764638888888888,1.350097972222222,0
F08,82,3.03025485,0,0,16.35405485,13.32552485,0.016825166666666665,1.3669231388888885,0
F08,83,3.03025485,0,0,16.95975485,13.93122485,0.016825166666666665,1.383748305555555,0
F08,84,3.03025485,0,0,17.50225485,14.48461985,0.016764638888888888,1.400512944444444,0
F08,85,3.03025485,0,0,17.999954849999998,14.999954849999998,0.016666666666666666,1.4171796111111106,0
F08,86,3.03025485,0,0,18.49065485,15.508289849999999,0.016568694444444445,1.433748305555555,0
F08,87,3.03025485,0,0,19.01735485,16.04588485,0.016508166666666668,1.4502564722222218,0
F08,88,3.03025485,0,0,19.611654849999997,16.640184849999997,0.016508166666666668,1.4667646388888884,0
F08,89,3.03025485,0,0,20.28005485,17.297689849999998,0.016568694444444445,1.483333333333333,0
F08,90,3.03025485,0,0,20.999954849999998,17.999954849999998,0.016666666666666666,1.4999999999999996,0
F08,91,3.03025485,0,0,21.123454849999998,18.105819849999996,0.016764638888888888,1.5167646388888885,0
F08,92,3.03025485,0,0,21.199754849999998,18.171224849999998,0.016825166666666665,1.533589805555555,0
F08,93,3.03025485,0,0,21.199754849999998,18.171224849999998,0.016825166666666665,1.5504149722222216,0
F08,94,3.03025485,0,0,21.123454849999998,18.105819849999996,0.016764638888888888,1.5671796111111105,0
F08,95,3.03025485,0,0,20.999954849999998,17.999954849999998,0.016666666666666666,1.583846277777777,0
F08,96,3.03025485,0,0,20.876554849999998,17.894189849999997,0.016568694444444445,1.6004149722222216,0
F08,97,3.03025485,0,0,20.800254849999998,17.828784849999998,0.016508166666666668,1.6169231388888883,0
F08,98,3.03025485,0,0,20.800254849999998,17.828784849999998,0.016508166666666668,1.633431305555555,0
F08,99,3.03025485,0,0,20.876554849999998,17.894189849999997,0.016568694444444445,1.6499999999999995,0
F08,100,3.03025485,0,0,20.999954849999998,17.999954849999998,0.016666666666666666,1.666666666666666,0
F08,101,3.03025485,0,0,21.12345485,18.105819850000003,0.016764638888888888,1.683431305555555,0
F08,102,3.03025485,0,0,21.199754849999998,18.171224849999998,0.016825166666666665,1.7002564722222215,0
F08,103,3.03025485,0,0,21.199754849999998,18.171224849999998,0.016825166666666665,1.717081638888888,0
F08,104,3.03025485,0,0,21.123454849999998,18.105819849999996,0.016764638888888888,1.733846277777777,0
F08,105,3.03025485,0,0,20.999954849999998,17.999954849999998,0.016666666666666666,1.7505129444444436,0
F08,106,3.03025485,0,0,20.876554849999998,17.894189849999997,0.016568694444444445,1.7670816388888881,0
F08,107,3.03025485,0,0,20.800254849999998,17.828784849999998,0.016508166666666668,1.7835898055555548,0
F08,108,3.03025485,0,0,20.80025485,17.82878485,0.016508166666666668,1.8000979722222215,0
F08,109,3.03025485,0,0,20.876554849999998,17.894189849999997,0.016568694444444445,1.816666666666666,0
F08,110,3.03025485,0,0,20.999954849999998,17.999954849999998,0.016666666666666666,1.8333333333333326,0
F08,111,3.03025485,0,0,21.123454849999998,18.105819849999996,0.016764638888888888,1.8500979722222215,0
F08,112,3.03025485,0,0,21.199754849999998,18.171224849999998,0.016825166666666665,1.866923138888888,0
F08,113,3.03025485,0,0,21.19975485,18.17122485,0.016825166666666665,1.8837483055555546,0
F08,114,3.03025485,0,0,21.123454849999998,18.105819849999996,0.016764638888888888,1.9005129444444435,0
F08,115,3.03025485,0,0,20.999954849999998,17.999954849999998,0.016666666666666666,1.9171796111111101,0
F08,116,3.03025485,0,0,20.876554849999998,17.894189849999997,0.016568694444444445,1.9337483055555547,0
F08,117,3.03025485,0,0,20.800254849999998,17.828784849999998,0.016508166666666668,1.9502564722222213,0
F08,118,3.03025485,0,0,20.800254849999998,17.828784849999998,0.016508166666666668,1.966764638888888,0
F08,119,3.03025485,0,0,20.876554849999998,17.894189849999997,0.016568694444444445,1.9833333333333325,0
F08,120,3.03025485,0,0,20.999954849999998,17.999954849999998,0.016666666666666666,1.9999999999999991,0
F08,121,3.03025485,0,0,21.123454849999998,18.105819849999996,0.016764638888888888,2.016764638888888,0
F08,122,3.03025485,0,0,21.199754849999998,18.171224849999998,0.016825166666666665,2.0335898055555544,0
F08,123,3.03025485,0,0,21.199754849999998,18.171224849999998,0.016825166666666665,2.050414972222221,0
F08,124,3.03025485,0,0,21.123454849999998,18.105819849999996,0.016764638888888888,2.0671796111111096,0
F08,125,3.03025485,0,0,20.999954849999998,17.999954849999998,0.016666666666666666,2.083846277777776,0
F08,126,3.03025485,0,0,20.876554849999998,17.894189849999997,0.016568694444444445,2.1004149722222207,0
F08,127,3.03025485,0,0,20.800254849999998,17.828784849999998,0.016508166666666668,2.1169231388888874,0
F08,128,3.03025485,0,0,20.800254849999998,17.828784849999998,0.016508166666666668,2.133431305555554,0
F08,129,3.03025485,0,0,20.876554849999998,17.894189849999997,0.016568694444444445,2.1499999999999986,0
F08,130,3.03025485,0,0,20.999954849999998,17.999954849999998,0.016666666666666666,2.166666666666665,0
F08,131,3.03025485,0,0,21.123454849999998,18.105819849999996,0.016764638888888888,2.183431305555554,0
F08,132,3.03025485,0,0,21.199754849999998,18.171224849999998,0.016825166666666665,2.2002564722222204,0
F08,133,3.03025485,0,0,21.199754849999998,18.171224849999998,0.016825166666666665,2.217081638888887,0
F08,134,3.03025485,0,0,21.12345485,18.105819850000003,0.016764638888888888,2.2338462777777757,0
F08,135,3.03025485,0,0,20.99995485,17.99995485,0.016666666666666666,2.2505129444444423,0
F08,136,3.03025485,0,0,20.876554849999998,17.894189849999997,0.016568694444444445,2.267081638888887,0
F08,137,3.03025485,0,0,20.800254849999998,17.828784849999998,0.016508166666666668,2.2835898055555535,0
F08,138,3.03025485,0,0,20.800254849999998,17.828784849999998,0.016508166666666668,2.30009797222222,0
F08,139,3.03025485,0,0,20.876554849999998,17.894189849999997,0.016568694444444445,2.3166666666666647,0
F08,140,3.03025485,0,0,20.999954849999998,17.999954849999998,0.016666666666666666,2.3333333333333313,0
F08,141,3.03025485,0,0,21.123454849999998,18.105819849999996,0.016764638888888888,2.35009797222222,0
F08,142,3.03025485,0,0,21.19975485,18.17122485,0.016825166666666665,2.3669231388888865,0
F08,143,3.03025485,0,0,21.199754849999998,18.171224849999998,0.016825166666666665,2.383748305555553,0
F08,144,3.03025485,0,0,21.123454849999998,18.105819849999996,0.016764638888888888,2.4005129444444417,0
F08,145,3.03025485,0,0,20.999954849999998,17.999954849999998,0.016666666666666666,2.4171796111111084,0
F08,146,3.03025485,0,0,20.876554849999998,17.894189849999997,0.016568694444444445,2.433748305555553,0
F08,147,3.03025485,0,0,20.800254849999998,17.828784849999998,0.016508166666666668,2.4502564722222195,0
F08,148,3.03025485,0,0,20.800254849999998,17.828784849999998,0.016508166666666668,2.466764638888886,0
F08,149,3.03025485,0,0,20.876554849999998,17.894189849999997,0.016568694444444445,2.4833333333333307,0
F08,150,3.03025485,0,0,20.999954849999998,17.999954849999998,0.016666666666666666,2.4999999999999973,0
F08,151,3.03025485,0,0,21.123454849999998,18.105819849999996,0.016764638888888888,2.516764638888886,0
F08,152,3.03025485,0,0,21.199754849999998,18.171224849999998,0.016825166666666665,2.5335898055555526,0
F08,153,3.03025485,0,0,21.199754849999998,18.171224849999998,0.016825166666666665,2.550414972222219,0
F08,154,3.03025485,0,0,21.12345485,18.105819850000003,0.016764638888888888,2.567179611111108,0
F08,155,3.03025485,0,0,20.99995485,17.99995485,0.016666666666666666,2.5838462777777744,0
F08,156,3.03025485,0,0,20.876554849999998,17.894189849999997,0.016568694444444445,2.600414972222219,0
F08,157,3.03025485,0,0,20.800254849999998,17.828784849999998,0.016508166666666668,2.6169231388888856,0
F08,158,3.03025485,0,0,20.800254849999998,17.828784849999998,0.016508166666666668,2.6334313055555523,0
F08,159,3.03025485,0,0,20.876554849999998,17.894189849999997,0.016568694444444445,2.649999999999997,0
F08,160,3.03025485,0,0,20.999954849999998,17.999954849999998,0.016666666666666666,2.6666666666666634,0
F08,161,3.03025485,0,0,21.123454849999998,18.105819849999996,0.016764638888888888,2.683431305555552,0
F08,162,3.03025485,0,0,21.19975485,18.17122485,0.016825166666666665,2.7002564722222187,0
F08,163,3.03025485,0,0,21.199754849999998,18.171224849999998,0.016825166666666665,2.717081638888885,0
F08,164,3.03025485,0,0,21.123454849999998,18.105819849999996,0.016764638888888888,2.733846277777774,0
F08,165,3.03025485,0,0,20.999954849999998,17.999954849999998,0.016666666666666666,2.7505129444444405,0
F08,166,3.03025485,0,0,20.876554849999998,17.894189849999997,0.016568694444444445,2.767081638888885,0
F08,167,3.03025485,0,0,20.800254849999998,17.828784849999998,0.016508166666666668,2.7835898055555517,0
F08,168,3.03025485,0,0,20.800254849999998,17.828784849999998,0.016508166666666668,2.8000979722222183,0
F08,169,3.03025485,0,0,20.876554849999998,17.894189849999997,0.016568694444444445,2.816666666666663,0
F08,170,3.03025485,0,0,20.999954849999998,17.999954849999998,0.016666666666666666,2.8333333333333295,0
F08,171,3.03025485,0,0,21.123454849999998,18.105819849999996,0.016764638888888888,2.850097972222218,0
F08,172,3.03025485,0,0,21.199754849999998,18.171224849999998,0.016825166666666665,2.8669231388888847,0
F08,173,3.03025485,0,0,21.199754849999998,18.171224849999998,0.016825166666666665,2.8837483055555513,0
F08,174,3.03025485,0,0,21.123454849999998,18.105819849999996,0.016764638888888888,2.90051294444444,0
F08,175,3.03025485,0,0,20.999954849999998,17.999954849999998,0.016666666666666666,2.9171796111111066,0
F08,176,3.03025485,0,0,20.876554849999998,17.894189849999997,0.016568694444444445,2.933748305555551,0
F08,177,3.03025485,0,0,20.80025485,17.82878485,0.016508166666666668,2.9502564722222178,0
F08,178,3.03025485,0,0,20.80025485,17.82878485,0.016508166666666668,2.9667646388888844,0
F08,179,3.03025485,0,0,20.876554849999998,17.894189849999997,0.016568694444444445,2.983333333333329,0
F08,180,3.03025485,0,0,20.999954849999998,17.999954849999998,0.016666666666666666,2.9999999999999956,0
F09,1,3.03025485,0,0,3.01765485,0.000019849999999710377,0.016764638888888888,0.016764638888888888,0
F09,2,3.03025485,0,0,3.02855485,0.000024849999999965178,0.016825166666666665,0.03358980555555555,0
F09,3,3.03025485,0,0,3.02855485,0.000024849999999965178,0.016825166666666665,0.050414972222222215,0
F09,4,3.03025485,0,0,3.01765485,0.000019849999999710377,0.016764638888888888,0.0671796111111111,0
F09,5,3.03025485,0,0,2.99995485,-0.00004515000000004932,0.016666666666666666,0.08384627777777777,0
F09,6,3.03025485,0,0,2.98235485,-0.00001015000000004207,0.016568694444444445,0.10041497222222222,0
F09,7,3.03025485,0,0,2.9714548499999998,-0.00001515000000029687,0.016508166666666668,0.11692313888888889,0
F09,8,3.03025485,0,0,2.9714548499999998,-0.00001515000000029687,0.016508166666666668,0.13343130555555555,0
F09,9,3.03025485,0,0,2.98235485,-0.00001015000000004207,0.016568694444444445,0.15,0
F09,10,3.03025485,0,0,2.99995485,-0.00004515000000004932,0.016666666666666666,0.16666666666666666,0
F09,11,3.03025485,0,0,3.01765485,0.000019849999999710377,0.016764638888888888,0.18343130555555553,0
F09,12,3.03025485,0,0,3.02855485,0.000024849999999965178,0.016825166666666665,0.2002564722222222,0
F09,13,3.03025485,0,0,3.02855485,0.000024849999999965178,0.016825166666666665,0.21708163888888887,0
F09,14,3.03025485,0,0,3.01765485,0.000019849999999710377,0.016764638888888888,0.23384627777777775,0
F09,15,3.03025485,0,0,2.99995485,-0.00004515000000004932,0.016666666666666666,0.25051294444444444,0
F09,16,3.03025485,0,0,2.98235485,-0.00001015000000004207,0.016568694444444445,0.26708163888888886,0
F09,17,3.03025485,0,0,2.9714548499999998,-0.00001515000000029687,0.016508166666666668,0.2835898055555555,0
F09,18,3.03025485,0,0,2.9714548499999998,-0.00001515000000029687,0.016508166666666668,0.3000979722222222,0
F09,19,3.03025485,0,0,2.98235485,-0.00001015000000004207,0.016568694444444445,0.3166666666666666,0
F09,20,3.03025485,0,0,2.99995485,-0.00004515000000004932,0.016666666666666666,0.33333333333333326,0
F09,21,3.03025485,0,0,3.01765485,0.000019849999999710377,0.016764638888888888,0.35009797222222216,0
F09,22,3.03025485,0,0,3.02855485,0.000024849999999965178,0.016825166666666665,0.36692313888888883,0
F09,23,3.03025485,0,0,3.02855485,0.000024849999999965178,0.016825166666666665,0.3837483055555555,0
F09,24,3.03025485,0,0,3.01765485,0.000019849999999710377,0.016764638888888888,0.4005129444444444,0
F09,25,3.03025485,0,0,2.99995485,-0.00004515000000004932,0.016666666666666666,0.41717961111111107,0
F09,26,3.03025485,0,0,2.98235485,-0.00001015000000004207,0.016568694444444445,0.4337483055555555,0
F09,27,3.03025485,0,0,2.97145485,-0.000015149999999852781,0.016508166666666668,0.45025647222222215,0
F09,28,3.03025485,0,0,2.97145485,-0.000015149999999852781,0.016508166666666668,0.4667646388888888,0
F09,29,3.03025485,0,0,2.98235485,-0.00001015000000004207,0.016568694444444445,0.4833333333333332,0
F09,30,3.03025485,0,0,2.99995485,-0.00004515000000004932,0.016666666666666666,0.4999999999999999,0
F09,31,3.03025485,0,0,3.01765485,0.000019849999999710377,0.016764638888888888,0.5167646388888888,0
F09,32,3.03025485,0,0,3.02855485,0.000024849999999965178,0.016825166666666665,0.5335898055555555,0
F09,33,3.03025485,0,0,3.02855485,0.000024849999999965178,0.016825166666666665,0.5504149722222221,0
F09,34,3.03025485,0,0,3.01765485,0.000019849999999710377,0.016764638888888888,0.567179611111111,0
F09,35,3.03025485,0,0,2.99995485,-0.00004515000000004932,0.016666666666666666,0.5838462777777778,0
F09,36,3.03025485,0,0,2.98235485,-0.00001015000000004207,0.016568694444444445,0.6004149722222222,0
F09,37,3.03025485,0,0,2.9714548499999998,-0.00001515000000029687,0.016508166666666668,0.6169231388888888,0
F09,38,3.03025485,0,0,2.9714548499999998,-0.00001515000000029687,0.016508166666666668,0.6334313055555555,0
F09,39,3.03025485,0,0,2.98235485,-0.00001015000000004207,0.016568694444444445,0.6499999999999999,0
F09,40,3.03025485,0,0,2.99995485,-0.00004515000000004932,0.016666666666666666,0.6666666666666666,0
F09,41,3.03025485,0,0,3.01765485,0.000019849999999710377,0.016764638888888888,0.6834313055555555,0
F09,42,3.03025485,0,0,3.02855485,0.000024849999999965178,0.016825166666666665,0.7002564722222222,0
F09,43,3.03025485,0,0,3.02855485,0.000024849999999965178,0.016825166666666665,0.7170816388888889,0
F09,44,3.03025485,0,0,3.01765485,0.000019849999999710377,0.016764638888888888,0.7338462777777778,0
F09,45,3.03025485,0,0,2.99995485,-0.00004515000000004932,0.016666666666666666,0.7505129444444445,0
F09,46,3.03025485,0,0,2.98235485,-0.00001015000000004207,0.016568694444444445,0.7670816388888889,0
F09,47,3.03025485,0,0,2.9714548499999998,-0.00001515000000029687,0.016508166666666668,0.7835898055555556,0
F09,48,3.03025485,0,0,2.9714548499999998,-0.00001515000000029687,0.016508166666666668,0.8000979722222222,0
F09,49,3.03025485,0,0,2.98235485,-0.00001015000000004207,0.016568694444444445,0.8166666666666667,0
F09,50,3.03025485,0,0,2.99995485,-0.00004515000000004932,0.016666666666666666,0.8333333333333334,0
F09,51,3.03025485,0,0,3.01765485,0.000019849999999710377,0.016764638888888888,0.8500979722222223,0
F09,52,3.03025485,0,0,3.02855485,0.000024849999999965178,0.016825166666666665,0.8669231388888889,0
F09,53,3.03025485,0,0,3.02855485,0.000024849999999965178,0.016825166666666665,0.8837483055555556,0
F09,54,3.03025485,0,0,3.01765485,0.000019849999999710377,0.016764638888888888,0.9005129444444445,0
F09,55,3.03025485,0,0,2.99995485,-0.00004515000000004932,0.016666666666666666,0.9171796111111112,0
F09,56,3.03025485,0,0,2.98235485,-0.00001015000000004207,0.016568694444444445,0.9337483055555557,0
F09,57,3.03025485,0,0,2.9714548499999998,-0.00001515000000029687,0.016508166666666668,0.9502564722222223,0
F09,58,3.03025485,0,0,2.9714548499999998,-0.00001515000000029687,0.016508166666666668,0.966764638888889,0
F09,59,3.03025485,0,0,2.98235485,-0.00001015000000004207,0.016568694444444445,0.9833333333333334,0
F09,60,3.03025485,0,,-0.00004515000000004932,-0.00004515000000004932,0,0.9833333333333334,0
F09,61,3.03025485,0,,-0.00004515000000004932,-0.00004515000000004932,0,0.9833333333333334,0
F09,62,3.03025485,0,,-0.00004514999999960523,-0.00004514999999960523,0,0.9833333333333334,0
F09,63,3.03025485,0,,-0.00004515000000004932,-0.00004515000000004932,0,0.9833333333333334,0
F09,64,3.03025485,0,,-0.00004514999999960523,-0.00004514999999960523,0,0.9833333333333334,0
F09,65,3.03025485,0,,-0.00004515000000004932,-0.00004515000000004932,0,0.9833333333333334,0
F09,66,3.03025485,0,,-0.000045150000000493407,-0.000045150000000493407,0,0.9833333333333334,0
F09,67,3.03025485,0,,-0.00004515000000004932,-0.00004515000000004932,0,0.9833333333333334,0
F09,68,3.03025485,0,,-0.00004515000000004932,-0.00004515000000004932,0,0.9833333333333334,0
F09,69,3.03025485,0,,-0.00004515000000004932,-0.00004515000000004932,0,0.9833333333333334,0
F09,70,3.03025485,0,,-0.00004515000000004932,-0.00004515000000004932,0,0.9833333333333334,0
F09,71,3.03025485,0,,-0.00004514999999960523,-0.00004514999999960523,0,0.9833333333333334,0
F09,72,3.03025485,0,,-0.00004515000000004932,-0.00004515000000004932,0,0.9833333333333334,0
F09,73,3.03025485,0,,-0.00004515000000004932,-0.00004515000000004932,0,0.9833333333333334,0
F09,74,3.03025485,0,,-0.00004515000000004932,-0.00004515000000004932,0,0.9833333333333334,0
F09,75,3.03025485,0,,-0.000045150000000493407,-0.000045150000000493407,0,0.9833333333333334,0
F09,76,3.03025485,0,,-0.00004514999999960523,-0.00004514999999960523,0,0.9833333333333334,0
F09,77,3.03025485,0,,-0.00004515000000004932,-0.00004515000000004932,0,0.9833333333333334,0
F09,78,3.03025485,0,,-0.000045150000000493407,-0.000045150000000493407,0,0.9833333333333334,0
F09,79,3.03025485,0,,-0.000045150000000493407,-0.000045150000000493407,0,0.9833333333333334,0
F09,80,3.03025485,0,,-0.00004515000000004932,-0.00004515000000004932,0,0.9833333333333334,0
F09,81,3.03025485,0,,-0.000045150000000493407,-0.000045150000000493407,0,0.9833333333333334,0
F09,82,3.03025485,0,,-0.000045150000000493407,-0.000045150000000493407,0,0.9833333333333334,0
F09,83,3.03025485,0,,-0.00004515000000004932,-0.00004515000000004932,0,0.9833333333333334,0
F09,84,3.03025485,0,,-0.00004514999999960523,-0.00004514999999960523,0,0.9833333333333334,0
F09,85,3.03025485,0,,-0.00004515000000004932,-0.00004515000000004932,0,0.9833333333333334,0
F09,86,3.03025485,0,,-0.000045150000000493407,-0.000045150000000493407,0,0.9833333333333334,0
F09,87,3.03025485,0,,-0.00004515000000004932,-0.00004515000000004932,0,0.9833333333333334,0
F09,88,3.03025485,0,,-0.00004515000000004932,-0.00004515000000004932,0,0.9833333333333334,0
F09,89,3.03025485,0,,-0.00004515000000004932,-0.00004515000000004932,0,0.9833333333333334,0
F09,90,3.03025485,0,,-0.00004515000000004932,-0.00004515000000004932,0,0.9833333333333334,0
F09,91,3.03025485,0,,-0.00004514999999960523,-0.00004514999999960523,0,0.9833333333333334,0
F09,92,3.03025485,0,,-0.00004515000000004932,-0.00004515000000004932,0,0.9833333333333334,0
F09,93,3.03025485,0,,-0.00004515000000004932,-0.00004515000000004932,0,0.9833333333333334,0
F09,94,3.03025485,0,,-0.00004515000000004932,-0.00004515000000004932,0,0.9833333333333334,0
F09,95,3.03025485,0,,-0.00004515000000004932,-0.00004515000000004932,0,0.9833333333333334,0
F09,96,3.03025485,0,,-0.00004515000000004932,-0.00004515000000004932,0,0.9833333333333334,0
F09,97,3.03025485,0,,-0.00004515000000004932,-0.00004515000000004932,0,0.9833333333333334,0
F09,98,3.03025485,0,,-0.00004515000000004932,-0.00004515000000004932,0,0.9833333333333334,0
F09,99,3.03025485,0,,-0.00004515000000004932,-0.00004515000000004932,0,0.9833333333333334,0
F09,100,3.03025485,0,0,2.99995485,-0.00004515000000004932,0.016666666666666666,1,0
F09,101,3.03025485,0,0,3.01765485,0.000019849999999710377,0.016764638888888888,1.016764638888889,0
F09,102,3.03025485,0,0,3.02855485,0.000024849999999965178,0.016825166666666665,1.0335898055555555,0
F09,103,3.03025485,0,0,3.02855485,0.000024849999999965178,0.016825166666666665,1.050414972222222,0
F09,104,3.03025485,0,0,3.0176548499999996,0.000019849999999266288,0.016764638888888888,1.067179611111111,0
F09,105,3.03025485,0,0,2.99995485,-0.00004515000000004932,0.016666666666666666,1.0838462777777775,0
F09,106,3.03025485,0,0,2.98235485,-0.00001015000000004207,0.016568694444444445,1.100414972222222,0
F09,107,3.03025485,0,0,2.9714548499999998,-0.00001515000000029687,0.016508166666666668,1.1169231388888887,0
F09,108,3.03025485,0,0,2.97145485,-0.000015149999999852781,0.016508166666666668,1.1334313055555554,0
F09,109,3.03025485,0,0,2.98235485,-0.00001015000000004207,0.016568694444444445,1.15,0
F09,110,3.03025485,0,0,2.99995485,-0.00004515000000004932,0.016666666666666666,1.1666666666666665,0
F09,111,3.03025485,0,0,3.01765485,0.000019849999999710377,0.016764638888888888,1.1834313055555554,0
F09,112,3.03025485,0,0,3.02855485,0.000024849999999965178,0.016825166666666665,1.200256472222222,0
F09,113,3.03025485,0,0,3.02855485,0.000024849999999965178,0.016825166666666665,1.2170816388888885,0
F09,114,3.03025485,0,0,3.01765485,0.000019849999999710377,0.016764638888888888,1.2338462777777774,0
F09,115,3.03025485,0,0,2.99995485,-0.00004515000000004932,0.016666666666666666,1.250512944444444,0
F09,116,3.03025485,0,0,2.98235485,-0.00001015000000004207,0.016568694444444445,1.2670816388888886,0
F09,117,3.03025485,0,0,2.9714548499999998,-0.00001515000000029687,0.016508166666666668,1.2835898055555552,0
F09,118,3.03025485,0,0,2.9714548499999998,-0.00001515000000029687,0.016508166666666668,1.300097972222222,0
F09,119,3.03025485,0,0,2.98235485,-0.00001015000000004207,0.016568694444444445,1.3166666666666664,0
F09,120,3.03025485,0,0,2.99995485,-0.00004515000000004932,0.016666666666666666,1.333333333333333,0
F09,121,3.03025485,0,0,3.01765485,0.000019849999999710377,0.016764638888888888,1.350097972222222,0
F09,122,3.03025485,0,0,3.02855485,0.000024849999999965178,0.016825166666666665,1.3669231388888885,0
F09,123,3.03025485,0,0,3.02855485,0.000024849999999965178,0.016825166666666665,1.383748305555555,0
F09,124,3.03025485,0,0,3.01765485,0.000019849999999710377,0.016764638888888888,1.400512944444444,0
F09,125,3.03025485,0,0,2.99995485,-0.00004515000000004932,0.016666666666666666,1.4171796111111106,0
F09,126,3.03025485,0,0,2.98235485,-0.00001015000000004207,0.016568694444444445,1.433748305555555,0
F09,127,3.03025485,0,0,2.9714548499999998,-0.00001515000000029687,0.016508166666666668,1.4502564722222218,0
F09,128,3.03025485,0,0,2.97145485,-0.000015149999999852781,0.016508166666666668,1.4667646388888884,0
F09,129,3.03025485,0,0,2.98235485,-0.00001015000000004207,0.016568694444444445,1.483333333333333,0
F09,130,3.03025485,0,0,2.99995485,-0.00004515000000004932,0.016666666666666666,1.4999999999999996,0
F09,131,3.03025485,0,0,3.0176548499999996,0.000019849999999266288,0.016764638888888888,1.5167646388888885,0
F09,132,3.03025485,0,0,3.02855485,0.000024849999999965178,0.016825166666666665,1.533589805555555,0
F09,133,3.03025485,0,0,3.02855485,0.000024849999999965178,0.016825166666666665,1.5504149722222216,0
F09,134,3.03025485,0,0,3.0176548499999996,0.000019849999999266288,0.016764638888888888,1.5671796111111105,0
F09,135,3.03025485,0,0,2.99995485,-0.00004515000000004932,0.016666666666666666,1.583846277777777,0
F09,136,3.03025485,0,0,2.98235485,-0.00001015000000004207,0.016568694444444445,1.6004149722222216,0
F09,137,3.03025485,0,0,2.9714548499999998,-0.00001515000000029687,0.016508166666666668,1.6169231388888883,0
F09,138,3.03025485,0,0,2.9714548499999998,-0.00001515000000029687,0.016508166666666668,1.633431305555555,0
F09,139,3.03025485,0,0,2.98235485,-0.00001015000000004207,0.016568694444444445,1.6499999999999995,0
F09,140,3.03025485,0,0,2.99995485,-0.00004515000000004932,0.016666666666666666,1.666666666666666,0
F09,141,3.03025485,0,0,3.01765485,0.000019849999999710377,0.016764638888888888,1.683431305555555,0
F09,142,3.03025485,0,0,3.02855485,0.000024849999999965178,0.016825166666666665,1.7002564722222215,0
F09,143,3.03025485,0,0,3.02855485,0.000024849999999965178,0.016825166666666665,1.717081638888888,0
F09,144,3.03025485,0,0,3.01765485,0.000019849999999710377,0.016764638888888888,1.733846277777777,0
F09,145,3.03025485,0,0,2.99995485,-0.00004515000000004932,0.016666666666666666,1.7505129444444436,0
F09,146,3.03025485,0,0,2.98235485,-0.00001015000000004207,0.016568694444444445,1.7670816388888881,0
F09,147,3.03025485,0,0,2.9714548499999998,-0.00001515000000029687,0.016508166666666668,1.7835898055555548,0
F09,148,3.03025485,0,0,2.9714548499999998,-0.00001515000000029687,0.016508166666666668,1.8000979722222215,0
F09,149,3.03025485,0,0,2.98235485,-0.00001015000000004207,0.016568694444444445,1.816666666666666,0
F09,150,3.03025485,0,0,2.99995485,-0.00004515000000004932,0.016666666666666666,1.8333333333333326,0
F09,151,3.03025485,0,0,3.01765485,0.000019849999999710377,0.016764638888888888,1.8500979722222215,0
F09,152,3.03025485,0,0,3.02855485,0.000024849999999965178,0.016825166666666665,1.866923138888888,0
F09,153,3.03025485,0,0,3.02855485,0.000024849999999965178,0.016825166666666665,1.8837483055555546,0
F09,154,3.03025485,0,0,3.01765485,0.000019849999999710377,0.016764638888888888,1.9005129444444435,0
F09,155,3.03025485,0,0,2.99995485,-0.00004515000000004932,0.016666666666666666,1.9171796111111101,0
F09,156,3.03025485,0,0,2.98235485,-0.00001015000000004207,0.016568694444444445,1.9337483055555547,0
F09,157,3.03025485,0,0,2.9714548499999998,-0.00001515000000029687,0.016508166666666668,1.9502564722222213,0
F09,158,3.03025485,0,0,2.9714548499999998,-0.00001515000000029687,0.016508166666666668,1.966764638888888,0
F09,159,3.03025485,0,0,2.98235485,-0.00001015000000004207,0.016568694444444445,1.9833333333333325,0
F09,160,3.03025485,0,0,2.99995485,-0.00004515000000004932,0.016666666666666666,1.9999999999999991,0
F09,161,3.03025485,0,0,3.01765485,0.000019849999999710377,0.016764638888888888,2.016764638888888,0
F09,162,3.03025485,0,0,3.02855485,0.000024849999999965178,0.016825166666666665,2.0335898055555544,0
F09,163,3.03025485,0,0,3.02855485,0.000024849999999965178,0.016825166666666665,2.050414972222221,0
F09,164,3.03025485,0,0,3.01765485,0.000019849999999710377,0.016764638888888888,2.0671796111111096,0
F09,165,3.03025485,0,0,2.99995485,-0.00004515000000004932,0.016666666666666666,2.083846277777776,0
F09,166,3.03025485,0,0,2.98235485,-0.00001015000000004207,0.016568694444444445,2.1004149722222207,0
F09,167,3.03025485,0,0,2.9714548499999998,-0.00001515000000029687,0.016508166666666668,2.1169231388888874,0
F09,168,3.03025485,0,0,2.9714548499999998,-0.00001515000000029687,0.016508166666666668,2.133431305555554,0
F09,169,3.03025485,0,0,2.98235485,-0.00001015000000004207,0.016568694444444445,2.1499999999999986,0
F09,170,3.03025485,0,0,2.99995485,-0.00004515000000004932,0.016666666666666666,2.166666666666665,0
F09,171,3.03025485,0,0,3.01765485,0.000019849999999710377,0.016764638888888888,2.183431305555554,0
F09,172,3.03025485,0,0,3.02855485,0.000024849999999965178,0.016825166666666665,2.2002564722222204,0
F09,173,3.03025485,0,0,3.02855485,0.000024849999999965178,0.016825166666666665,2.217081638888887,0
F09,174,3.03025485,0,0,3.01765485,0.000019849999999710377,0.016764638888888888,2.2338462777777757,0
F09,175,3.03025485,0,0,2.99995485,-0.00004515000000004932,0.016666666666666666,2.2505129444444423,0
F09,176,3.03025485,0,0,2.98235485,-0.00001015000000004207,0.016568694444444445,2.267081638888887,0
F09,177,3.03025485,0,0,2.9714548499999998,-0.00001515000000029687,0.016508166666666668,2.2835898055555535,0
F09,178,3.03025485,0,0,2.9714548499999998,-0.00001515000000029687,0.016508166666666668,2.30009797222222,0
F09,179,3.03025485,0,0,2.98235485,-0.00001015000000004207,0.016568694444444445,2.3166666666666647,0
F09,180,3.03025485,0,0,2.99995485,-0.00004515000000004932,0.016666666666666666,2.3333333333333313,0
