scenario_id,device_id,timestamp_utc,elapsed_s,sample_interval_s,ph,co2_mmhg,connected,ph_valid,co2_valid
P01,DEMO-DEVICE-01,2026-10-03T12:00:00.000Z,0,0.2,3.2,0.3,1,1,1
P01,DEMO-DEVICE-01,2026-10-03T12:00:00.200Z,0.2,0.2,3.21,0.32,1,1,1
P01,DEMO-DEVICE-01,2026-10-03T12:00:00.400Z,0.4,0.2,3.22,0.34,1,1,1
P01,DEMO-DEVICE-01,2026-10-03T12:00:00.600Z,0.6,0.2,3.22,0.35,1,1,1
P01,DEMO-DEVICE-01,2026-10-03T12:00:00.800Z,0.8,0.2,3.23,0.36,1,1,1
P01,DEMO-DEVICE-01,2026-10-03T12:00:01.000Z,1,0.2,3.24,0.36,1,1,1
P01,DEMO-DEVICE-01,2026-10-03T12:00:01.200Z,1.2,0.2,3.25,0.35,1,1,1
P01,DEMO-DEVICE-01,2026-10-03T12:00:01.400Z,1.4,0.2,3.25,0.34,1,1,1
P01,DEMO-DEVICE-01,2026-10-03T12:00:01.600Z,1.6,0.2,3.26,0.32,1,1,1
P01,DEMO-DEVICE-01,2026-10-03T12:00:01.800Z,1.8,0.2,3.26,0.3,1,1,1
P01,DEMO-DEVICE-01,2026-10-03T12:00:02.000Z,2,0.2,3.27,0.28,1,1,1
P01,DEMO-DEVICE-01,2026-10-03T12:00:02.200Z,2.2,0.2,3.27,0.27,1,1,1
P01,DEMO-DEVICE-01,2026-10-03T12:00:02.400Z,2.4,0.2,3.27,0.25,1,1,1
P01,DEMO-DEVICE-01,2026-10-03T12:00:02.600Z,2.6,0.2,3.28,0.24,1,1,1
P01,DEMO-DEVICE-01,2026-10-03T12:00:02.800Z,2.8,0.2,3.28,0.24,1,1,1
P01,DEMO-DEVICE-01,2026-10-03T12:00:03.000Z,3,0.2,3.28,0.24,1,1,1
P01,DEMO-DEVICE-01,2026-10-03T12:00:03.200Z,3.2,0.2,3.28,0.26,1,1,1
P01,DEMO-DEVICE-01,2026-10-03T12:00:03.400Z,3.4,0.2,3.28,0.27,1,1,1
P01,DEMO-DEVICE-01,2026-10-03T12:00:03.600Z,3.6,0.2,3.28,0.29,1,1,1
P01,DEMO-DEVICE-01,2026-10-03T12:00:03.800Z,3.8,0.2,3.28,0.31,1,1,1
P01,DEMO-DEVICE-01,2026-10-03T12:00:04.000Z,4,0.2,3.27,0.33,1,1,1
P01,DEMO-DEVICE-01,2026-10-03T12:00:04.200Z,4.2,0.2,3.27,0.35,1,1,1
P01,DEMO-DEVICE-01,2026-10-03T12:00:04.400Z,4.4,0.2,3.26,0.36,1,1,1
P01,DEMO-DEVICE-01,2026-10-03T12:00:04.600Z,4.6,0.2,3.26,0.36,1,1,1
P01,DEMO-DEVICE-01,2026-10-03T12:00:04.800Z,4.8,0.2,3.25,0.36,1,1,1
P01,DEMO-DEVICE-01,2026-10-03T12:00:05.000Z,5,0.2,3.25,0.35,1,1,1
P01,DEMO-DEVICE-01,2026-10-03T12:00:05.200Z,5.2,0.2,3.24,0.33,1,1,1
P01,DEMO-DEVICE-01,2026-10-03T12:00:05.400Z,5.4,0.2,3.23,0.31,1,1,1
P01,DEMO-DEVICE-01,2026-10-03T12:00:05.600Z,5.6,0.2,3.23,0.29,1,1,1
P01,DEMO-DEVICE-01,2026-10-03T12:00:05.800Z,5.8,0.2,3.22,0.27,1,1,1
P01,DEMO-DEVICE-01,2026-10-03T12:00:06.000Z,6,0.2,3.21,0.26,1,1,1
P01,DEMO-DEVICE-01,2026-10-03T12:00:06.200Z,6.2,0.2,3.2,0.25,1,1,1
P01,DEMO-DEVICE-01,2026-10-03T12:00:06.400Z,6.4,0.2,3.2,0.24,1,1,1
P01,DEMO-DEVICE-01,2026-10-03T12:00:06.600Z,6.6,0.2,3.19,0.24,1,1,1
P01,DEMO-DEVICE-01,2026-10-03T12:00:06.800Z,6.8,0.2,3.18,0.25,1,1,1
P01,DEMO-DEVICE-01,2026-10-03T12:00:07.000Z,7,0.2,3.17,0.26,1,1,1
P01,DEMO-DEVICE-01,2026-10-03T12:00:07.200Z,7.2,0.2,3.16,0.28,1,1,1
P01,DEMO-DEVICE-01,2026-10-03T12:00:07.400Z,7.4,0.2,3.16,0.3,1,1,1
P01,DEMO-DEVICE-01,2026-10-03T12:00:07.600Z,7.6,0.2,3.15,0.32,1,1,1
P01,DEMO-DEVICE-01,2026-10-03T12:00:07.800Z,7.8,0.2,3.14,0.34,1,1,1
P01,DEMO-DEVICE-01,2026-10-03T12:00:08.000Z,8,0.2,3.14,0.35,1,1,1
P01,DEMO-DEVICE-01,2026-10-03T12:00:08.200Z,8.2,0.2,3.13,0.36,1,1,1
P01,DEMO-DEVICE-01,2026-10-03T12:00:08.400Z,8.4,0.2,3.13,0.36,1,1,1
P01,DEMO-DEVICE-01,2026-10-03T12:00:08.600Z,8.6,0.2,3.13,0.35,1,1,1
P01,DEMO-DEVICE-01,2026-10-03T12:00:08.800Z,8.8,0.2,3.12,0.34,1,1,1
P01,DEMO-DEVICE-01,2026-10-03T12:00:09.000Z,9,0.2,3.12,0.32,1,1,1
P01,DEMO-DEVICE-01,2026-10-03T12:00:09.200Z,9.2,0.2,3.12,0.3,1,1,1
P01,DEMO-DEVICE-01,2026-10-03T12:00:09.400Z,9.4,0.2,3.12,0.28,1,1,1
P01,DEMO-DEVICE-01,2026-10-03T12:00:09.600Z,9.6,0.2,3.12,0.27,1,1,1
P01,DEMO-DEVICE-01,2026-10-03T12:00:09.800Z,9.8,0.2,3.12,0.25,1,1,1
P01,DEMO-DEVICE-01,2026-10-03T12:00:10.000Z,10,0.2,3.12,0.24,1,1,1
P01,DEMO-DEVICE-01,2026-10-03T12:00:10.200Z,10.2,0.2,3.13,0.24,1,1,1
P01,DEMO-DEVICE-01,2026-10-03T12:00:10.400Z,10.4,0.2,3.13,0.24,1,1,1
P01,DEMO-DEVICE-01,2026-10-03T12:00:10.600Z,10.6,0.2,3.13,0.26,1,1,1
P01,DEMO-DEVICE-01,2026-10-03T12:00:10.800Z,10.8,0.2,3.14,0.27,1,1,1
P01,DEMO-DEVICE-01,2026-10-03T12:00:11.000Z,11,0.2,3.14,0.29,1,1,1
P01,DEMO-DEVICE-01,2026-10-03T12:00:11.200Z,11.2,0.2,3.15,0.31,1,1,1
P01,DEMO-DEVICE-01,2026-10-03T12:00:11.400Z,11.4,0.2,3.16,0.33,1,1,1
P01,DEMO-DEVICE-01,2026-10-03T12:00:11.600Z,11.6,0.2,3.16,0.35,1,1,1
P01,DEMO-DEVICE-01,2026-10-03T12:00:11.800Z,11.8,0.2,3.17,0.36,1,1,1
P01,DEMO-DEVICE-01,2026-10-03T12:00:12.000Z,12,0.2,3.18,0.36,1,1,1
P01,DEMO-DEVICE-01,2026-10-03T12:00:12.200Z,12.2,0.2,3.19,0.36,1,1,1
P01,DEMO-DEVICE-01,2026-10-03T12:00:12.400Z,12.4,0.2,3.19,0.35,1,1,1
P01,DEMO-DEVICE-01,2026-10-03T12:00:12.600Z,12.6,0.2,3.2,0.33,1,1,1
P01,DEMO-DEVICE-01,2026-10-03T12:00:12.800Z,12.8,0.2,3.21,0.31,1,1,1
P01,DEMO-DEVICE-01,2026-10-03T12:00:13.000Z,13,0.2,3.22,0.29,1,1,1
P01,DEMO-DEVICE-01,2026-10-03T12:00:13.200Z,13.2,0.2,3.22,0.27,1,1,1
P01,DEMO-DEVICE-01,2026-10-03T12:00:13.400Z,13.4,0.2,3.23,0.26,1,1,1
P01,DEMO-DEVICE-01,2026-10-03T12:00:13.600Z,13.6,0.2,3.24,0.25,1,1,1
P01,DEMO-DEVICE-01,2026-10-03T12:00:13.800Z,13.8,0.2,3.25,0.24,1,1,1
P01,DEMO-DEVICE-01,2026-10-03T12:00:14.000Z,14,0.2,3.25,0.24,1,1,1
P01,DEMO-DEVICE-01,2026-10-03T12:00:14.200Z,14.2,0.2,3.26,0.25,1,1,1
P01,DEMO-DEVICE-01,2026-10-03T12:00:14.400Z,14.4,0.2,3.26,0.26,1,1,1
P01,DEMO-DEVICE-01,2026-10-03T12:00:14.600Z,14.6,0.2,3.27,0.28,1,1,1
P01,DEMO-DEVICE-01,2026-10-03T12:00:14.800Z,14.8,0.2,3.27,0.3,1,1,1
P01,DEMO-DEVICE-01,2026-10-03T12:00:15.000Z,15,0.2,3.28,0.32,1,1,1
P01,DEMO-DEVICE-01,2026-10-03T12:00:15.200Z,15.2,0.2,3.28,0.34,1,1,1
P01,DEMO-DEVICE-01,2026-10-03T12:00:15.400Z,15.4,0.2,3.28,0.35,1,1,1
P01,DEMO-DEVICE-01,2026-10-03T12:00:15.600Z,15.6,0.2,3.28,0.36,1,1,1
P01,DEMO-DEVICE-01,2026-10-03T12:00:15.800Z,15.8,0.2,3.28,0.36,1,1,1
P01,DEMO-DEVICE-01,2026-10-03T12:00:16.000Z,16,0.2,3.28,0.35,1,1,1
P01,DEMO-DEVICE-01,2026-10-03T12:00:16.200Z,16.2,0.2,3.28,0.34,1,1,1
P01,DEMO-DEVICE-01,2026-10-03T12:00:16.400Z,16.4,0.2,3.28,0.32,1,1,1
P01,DEMO-DEVICE-01,2026-10-03T12:00:16.600Z,16.6,0.2,3.27,0.3,1,1,1
P01,DEMO-DEVICE-01,2026-10-03T12:00:16.800Z,16.8,0.2,3.27,0.28,1,1,1
P01,DEMO-DEVICE-01,2026-10-03T12:00:17.000Z,17,0.2,3.26,0.26,1,1,1
P01,DEMO-DEVICE-01,2026-10-03T12:00:17.200Z,17.2,0.2,3.26,0.25,1,1,1
P01,DEMO-DEVICE-01,2026-10-03T12:00:17.400Z,17.4,0.2,3.25,0.24,1,1,1
P01,DEMO-DEVICE-01,2026-10-03T12:00:17.600Z,17.6,0.2,3.25,0.24,1,1,1
P01,DEMO-DEVICE-01,2026-10-03T12:00:17.800Z,17.8,0.2,3.24,0.25,1,1,1
P01,DEMO-DEVICE-01,2026-10-03T12:00:18.000Z,18,0.2,3.23,0.26,1,1,1
P01,DEMO-DEVICE-01,2026-10-03T12:00:18.200Z,18.2,0.2,3.23,0.27,1,1,1
P01,DEMO-DEVICE-01,2026-10-03T12:00:18.400Z,18.4,0.2,3.22,0.29,1,1,1
P01,DEMO-DEVICE-01,2026-10-03T12:00:18.600Z,18.6,0.2,3.21,0.31,1,1,1
P01,DEMO-DEVICE-01,2026-10-03T12:00:18.800Z,18.8,0.2,3.2,0.33,1,1,1
P01,DEMO-DEVICE-01,2026-10-03T12:00:19.000Z,19,0.2,3.19,0.35,1,1,1
P01,DEMO-DEVICE-01,2026-10-03T12:00:19.200Z,19.2,0.2,3.19,0.36,1,1,1
P01,DEMO-DEVICE-01,2026-10-03T12:00:19.400Z,19.4,0.2,3.18,0.36,1,1,1
P01,DEMO-DEVICE-01,2026-10-03T12:00:19.600Z,19.6,0.2,3.17,0.36,1,1,1
P01,DEMO-DEVICE-01,2026-10-03T12:00:19.800Z,19.8,0.2,3.16,0.35,1,1,1
P01,DEMO-DEVICE-01,2026-10-03T12:00:20.000Z,20,0.2,3.16,0.33,1,1,1
P01,DEMO-DEVICE-01,2026-10-03T12:00:20.200Z,20.2,0.2,3.15,0.31,1,1,1
P01,DEMO-DEVICE-01,2026-10-03T12:00:20.400Z,20.4,0.2,3.14,0.29,1,1,1
P01,DEMO-DEVICE-01,2026-10-03T12:00:20.600Z,20.6,0.2,3.14,0.27,1,1,1
P01,DEMO-DEVICE-01,2026-10-03T12:00:20.800Z,20.8,0.2,3.13,0.26,1,1,1
P01,DEMO-DEVICE-01,2026-10-03T12:00:21.000Z,21,0.2,3.13,0.25,1,1,1
P01,DEMO-DEVICE-01,2026-10-03T12:00:21.200Z,21.2,0.2,3.13,0.24,1,1,1
P01,DEMO-DEVICE-01,2026-10-03T12:00:21.400Z,21.4,0.2,3.12,0.24,1,1,1
P01,DEMO-DEVICE-01,2026-10-03T12:00:21.600Z,21.6,0.2,3.12,0.25,1,1,1
P01,DEMO-DEVICE-01,2026-10-03T12:00:21.800Z,21.8,0.2,3.12,0.26,1,1,1
P01,DEMO-DEVICE-01,2026-10-03T12:00:22.000Z,22,0.2,3.12,0.28,1,1,1
P01,DEMO-DEVICE-01,2026-10-03T12:00:22.200Z,22.2,0.2,3.12,0.3,1,1,1
P01,DEMO-DEVICE-01,2026-10-03T12:00:22.400Z,22.4,0.2,3.12,0.32,1,1,1
P01,DEMO-DEVICE-01,2026-10-03T12:00:22.600Z,22.6,0.2,3.12,0.34,1,1,1
P01,DEMO-DEVICE-01,2026-10-03T12:00:22.800Z,22.8,0.2,3.13,0.35,1,1,1
P01,DEMO-DEVICE-01,2026-10-03T12:00:23.000Z,23,0.2,3.13,0.36,1,1,1
P01,DEMO-DEVICE-01,2026-10-03T12:00:23.200Z,23.2,0.2,3.13,0.36,1,1,1
P01,DEMO-DEVICE-01,2026-10-03T12:00:23.400Z,23.4,0.2,3.14,0.35,1,1,1
P01,DEMO-DEVICE-01,2026-10-03T12:00:23.600Z,23.6,0.2,3.14,0.34,1,1,1
P01,DEMO-DEVICE-01,2026-10-03T12:00:23.800Z,23.8,0.2,3.15,0.32,1,1,1
P01,DEMO-DEVICE-01,2026-10-03T12:00:24.000Z,24,0.2,3.16,0.3,1,1,1
P01,DEMO-DEVICE-01,2026-10-03T12:00:24.200Z,24.2,0.2,3.16,0.28,1,1,1
P01,DEMO-DEVICE-01,2026-10-03T12:00:24.400Z,24.4,0.2,3.17,0.26,1,1,1
P01,DEMO-DEVICE-01,2026-10-03T12:00:24.600Z,24.6,0.2,3.18,0.25,1,1,1
P01,DEMO-DEVICE-01,2026-10-03T12:00:24.800Z,24.8,0.2,3.19,0.24,1,1,1
P01,DEMO-DEVICE-01,2026-10-03T12:00:25.000Z,25,0.2,3.19,0.24,1,1,1
P01,DEMO-DEVICE-01,2026-10-03T12:00:25.200Z,25.2,0.2,3.2,0.25,1,1,1
P01,DEMO-DEVICE-01,2026-10-03T12:00:25.400Z,25.4,0.2,3.21,0.26,1,1,1
P01,DEMO-DEVICE-01,2026-10-03T12:00:25.600Z,25.6,0.2,3.22,0.27,1,1,1
P01,DEMO-DEVICE-01,2026-10-03T12:00:25.800Z,25.8,0.2,3.23,0.29,1,1,1
P01,DEMO-DEVICE-01,2026-10-03T12:00:26.000Z,26,0.2,3.23,0.31,1,1,1
P01,DEMO-DEVICE-01,2026-10-03T12:00:26.200Z,26.2,0.2,3.24,0.33,1,1,1
P01,DEMO-DEVICE-01,2026-10-03T12:00:26.400Z,26.4,0.2,3.25,0.35,1,1,1
P01,DEMO-DEVICE-01,2026-10-03T12:00:26.600Z,26.6,0.2,3.25,0.36,1,1,1
P01,DEMO-DEVICE-01,2026-10-03T12:00:26.800Z,26.8,0.2,3.26,0.36,1,1,1
P01,DEMO-DEVICE-01,2026-10-03T12:00:27.000Z,27,0.2,3.26,0.36,1,1,1
P01,DEMO-DEVICE-01,2026-10-03T12:00:27.200Z,27.2,0.2,3.27,0.35,1,1,1
P01,DEMO-DEVICE-01,2026-10-03T12:00:27.400Z,27.4,0.2,3.27,0.33,1,1,1
P01,DEMO-DEVICE-01,2026-10-03T12:00:27.600Z,27.6,0.2,3.28,0.31,1,1,1
P01,DEMO-DEVICE-01,2026-10-03T12:00:27.800Z,27.8,0.2,3.28,0.29,1,1,1
P01,DEMO-DEVICE-01,2026-10-03T12:00:28.000Z,28,0.2,3.28,0.27,1,1,1
P01,DEMO-DEVICE-01,2026-10-03T12:00:28.200Z,28.2,0.2,3.28,0.26,1,1,1
P01,DEMO-DEVICE-01,2026-10-03T12:00:28.400Z,28.4,0.2,3.28,0.25,1,1,1
P01,DEMO-DEVICE-01,2026-10-03T12:00:28.600Z,28.6,0.2,3.28,0.24,1,1,1
P01,DEMO-DEVICE-01,2026-10-03T12:00:28.800Z,28.8,0.2,3.28,0.24,1,1,1
P01,DEMO-DEVICE-01,2026-10-03T12:00:29.000Z,29,0.2,3.27,0.25,1,1,1
P01,DEMO-DEVICE-01,2026-10-03T12:00:29.200Z,29.2,0.2,3.27,0.26,1,1,1
P01,DEMO-DEVICE-01,2026-10-03T12:00:29.400Z,29.4,0.2,3.27,0.28,1,1,1
P01,DEMO-DEVICE-01,2026-10-03T12:00:29.600Z,29.6,0.2,3.26,0.3,1,1,1
P01,DEMO-DEVICE-01,2026-10-03T12:00:29.800Z,29.8,0.2,3.26,0.32,1,1,1
P01,DEMO-DEVICE-01,2026-10-03T12:00:30.000Z,30,0.2,3.25,0.34,1,1,1
P01,DEMO-DEVICE-01,2026-10-03T12:00:30.200Z,30.2,0.2,3.25,0.35,1,1,1
P01,DEMO-DEVICE-01,2026-10-03T12:00:30.400Z,30.4,0.2,3.24,0.36,1,1,1
P01,DEMO-DEVICE-01,2026-10-03T12:00:30.600Z,30.6,0.2,3.23,0.36,1,1,1
P01,DEMO-DEVICE-01,2026-10-03T12:00:30.800Z,30.8,0.2,3.22,0.35,1,1,1
P01,DEMO-DEVICE-01,2026-10-03T12:00:31.000Z,31,0.2,3.22,0.34,1,1,1
P01,DEMO-DEVICE-01,2026-10-03T12:00:31.200Z,31.2,0.2,3.21,0.32,1,1,1
P01,DEMO-DEVICE-01,2026-10-03T12:00:31.400Z,31.4,0.2,3.2,0.3,1,1,1
P01,DEMO-DEVICE-01,2026-10-03T12:00:31.600Z,31.6,0.2,3.19,0.28,1,1,1
P01,DEMO-DEVICE-01,2026-10-03T12:00:31.800Z,31.8,0.2,3.18,0.26,1,1,1
P01,DEMO-DEVICE-01,2026-10-03T12:00:32.000Z,32,0.2,3.18,0.25,1,1,1
P01,DEMO-DEVICE-01,2026-10-03T12:00:32.200Z,32.2,0.2,3.17,0.24,1,1,1
P01,DEMO-DEVICE-01,2026-10-03T12:00:32.400Z,32.4,0.2,3.16,0.24,1,1,1
P01,DEMO-DEVICE-01,2026-10-03T12:00:32.600Z,32.6,0.2,3.16,0.25,1,1,1
P01,DEMO-DEVICE-01,2026-10-03T12:00:32.800Z,32.8,0.2,3.15,0.26,1,1,1
P01,DEMO-DEVICE-01,2026-10-03T12:00:33.000Z,33,0.2,3.14,0.27,1,1,1
P01,DEMO-DEVICE-01,2026-10-03T12:00:33.200Z,33.2,0.2,3.14,0.29,1,1,1
P01,DEMO-DEVICE-01,2026-10-03T12:00:33.400Z,33.4,0.2,3.13,0.31,1,1,1
P01,DEMO-DEVICE-01,2026-10-03T12:00:33.600Z,33.6,0.2,3.13,0.33,1,1,1
P01,DEMO-DEVICE-01,2026-10-03T12:00:33.800Z,33.8,0.2,3.13,0.35,1,1,1
P01,DEMO-DEVICE-01,2026-10-03T12:00:34.000Z,34,0.2,3.12,0.36,1,1,1
P01,DEMO-DEVICE-01,2026-10-03T12:00:34.200Z,34.2,0.2,3.12,0.36,1,1,1
P01,DEMO-DEVICE-01,2026-10-03T12:00:34.400Z,34.4,0.2,3.12,0.36,1,1,1
P01,DEMO-DEVICE-01,2026-10-03T12:00:34.600Z,34.6,0.2,3.12,0.35,1,1,1
P01,DEMO-DEVICE-01,2026-10-03T12:00:34.800Z,34.8,0.2,3.12,0.33,1,1,1
P01,DEMO-DEVICE-01,2026-10-03T12:00:35.000Z,35,0.2,3.12,0.31,1,1,1
P01,DEMO-DEVICE-01,2026-10-03T12:00:35.200Z,35.2,0.2,3.12,0.29,1,1,1
P01,DEMO-DEVICE-01,2026-10-03T12:00:35.400Z,35.4,0.2,3.13,0.27,1,1,1
P01,DEMO-DEVICE-01,2026-10-03T12:00:35.600Z,35.6,0.2,3.13,0.26,1,1,1
P01,DEMO-DEVICE-01,2026-10-03T12:00:35.800Z,35.8,0.2,3.13,0.24,1,1,1
P01,DEMO-DEVICE-01,2026-10-03T12:00:36.000Z,36,0.2,3.14,0.24,1,1,1
P01,DEMO-DEVICE-01,2026-10-03T12:00:36.200Z,36.2,0.2,3.15,0.24,1,1,1
P01,DEMO-DEVICE-01,2026-10-03T12:00:36.400Z,36.4,0.2,3.15,0.25,1,1,1
P01,DEMO-DEVICE-01,2026-10-03T12:00:36.600Z,36.6,0.2,3.16,0.27,1,1,1
P01,DEMO-DEVICE-01,2026-10-03T12:00:36.800Z,36.8,0.2,3.17,0.28,1,1,1
P01,DEMO-DEVICE-01,2026-10-03T12:00:37.000Z,37,0.2,3.17,0.3,1,1,1
P01,DEMO-DEVICE-01,2026-10-03T12:00:37.200Z,37.2,0.2,3.18,0.32,1,1,1
P01,DEMO-DEVICE-01,2026-10-03T12:00:37.400Z,37.4,0.2,3.19,0.34,1,1,1
P01,DEMO-DEVICE-01,2026-10-03T12:00:37.600Z,37.6,0.2,3.2,0.35,1,1,1
P01,DEMO-DEVICE-01,2026-10-03T12:00:37.800Z,37.8,0.2,3.2,0.36,1,1,1
P01,DEMO-DEVICE-01,2026-10-03T12:00:38.000Z,38,0.2,3.21,0.36,1,1,1
P01,DEMO-DEVICE-01,2026-10-03T12:00:38.200Z,38.2,0.2,3.22,0.35,1,1,1
P01,DEMO-DEVICE-01,2026-10-03T12:00:38.400Z,38.4,0.2,3.23,0.34,1,1,1
P01,DEMO-DEVICE-01,2026-10-03T12:00:38.600Z,38.6,0.2,3.23,0.32,1,1,1
P01,DEMO-DEVICE-01,2026-10-03T12:00:38.800Z,38.8,0.2,3.24,0.3,1,1,1
P01,DEMO-DEVICE-01,2026-10-03T12:00:39.000Z,39,0.2,3.25,0.28,1,1,1
P01,DEMO-DEVICE-01,2026-10-03T12:00:39.200Z,39.2,0.2,3.25,0.26,1,1,1
P01,DEMO-DEVICE-01,2026-10-03T12:00:39.400Z,39.4,0.2,3.26,0.25,1,1,1
P01,DEMO-DEVICE-01,2026-10-03T12:00:39.600Z,39.6,0.2,3.27,0.24,1,1,1
P01,DEMO-DEVICE-01,2026-10-03T12:00:39.800Z,39.8,0.2,3.27,0.24,1,1,1
P01,DEMO-DEVICE-01,2026-10-03T12:00:40.000Z,40,0.2,3.27,0.25,1,1,1
P01,DEMO-DEVICE-01,2026-10-03T12:00:40.200Z,40.2,0.2,3.28,0.26,1,1,1
P01,DEMO-DEVICE-01,2026-10-03T12:00:40.400Z,40.4,0.2,3.28,0.27,1,1,1
P01,DEMO-DEVICE-01,2026-10-03T12:00:40.600Z,40.6,0.2,3.28,0.29,1,1,1
P01,DEMO-DEVICE-01,2026-10-03T12:00:40.800Z,40.8,0.2,3.28,0.31,1,1,1
P01,DEMO-DEVICE-01,2026-10-03T12:00:41.000Z,41,0.2,3.28,0.33,1,1,1
P01,DEMO-DEVICE-01,2026-10-03T12:00:41.200Z,41.2,0.2,3.28,0.35,1,1,1
P01,DEMO-DEVICE-01,2026-10-03T12:00:41.400Z,41.4,0.2,3.28,0.36,1,1,1
P01,DEMO-DEVICE-01,2026-10-03T12:00:41.600Z,41.6,0.2,3.27,0.36,1,1,1
P01,DEMO-DEVICE-01,2026-10-03T12:00:41.800Z,41.8,0.2,3.27,0.36,1,1,1
P01,DEMO-DEVICE-01,2026-10-03T12:00:42.000Z,42,0.2,3.27,0.35,1,1,1
P01,DEMO-DEVICE-01,2026-10-03T12:00:42.200Z,42.2,0.2,3.26,0.33,1,1,1
P01,DEMO-DEVICE-01,2026-10-03T12:00:42.400Z,42.4,0.2,3.26,0.31,1,1,1
P01,DEMO-DEVICE-01,2026-10-03T12:00:42.600Z,42.6,0.2,3.25,0.29,1,1,1
P01,DEMO-DEVICE-01,2026-10-03T12:00:42.800Z,42.8,0.2,3.24,0.27,1,1,1
P01,DEMO-DEVICE-01,2026-10-03T12:00:43.000Z,43,0.2,3.24,0.26,1,1,1
P01,DEMO-DEVICE-01,2026-10-03T12:00:43.200Z,43.2,0.2,3.23,0.24,1,1,1
P01,DEMO-DEVICE-01,2026-10-03T12:00:43.400Z,43.4,0.2,3.22,0.24,1,1,1
P01,DEMO-DEVICE-01,2026-10-03T12:00:43.600Z,43.6,0.2,3.22,0.24,1,1,1
P01,DEMO-DEVICE-01,2026-10-03T12:00:43.800Z,43.8,0.2,3.21,0.25,1,1,1
P01,DEMO-DEVICE-01,2026-10-03T12:00:44.000Z,44,0.2,3.2,0.27,1,1,1
P01,DEMO-DEVICE-01,2026-10-03T12:00:44.200Z,44.2,0.2,3.19,0.28,1,1,1
P01,DEMO-DEVICE-01,2026-10-03T12:00:44.400Z,44.4,0.2,3.18,0.3,1,1,1
P01,DEMO-DEVICE-01,2026-10-03T12:00:44.600Z,44.6,0.2,3.18,0.32,1,1,1
P01,DEMO-DEVICE-01,2026-10-03T12:00:44.800Z,44.8,0.2,3.17,0.34,1,1,1
P02,DEMO-DEVICE-01,2026-10-03T13:00:00.000Z,0,0.2,7,0.3,1,1,1
P02,DEMO-DEVICE-01,2026-10-03T13:00:00.200Z,0.2,0.2,7.01,0.38,1,1,1
P02,DEMO-DEVICE-01,2026-10-03T13:00:00.400Z,0.4,0.2,7.01,0.33,1,1,1
P02,DEMO-DEVICE-01,2026-10-03T13:00:00.600Z,0.6,0.2,7.02,0.23,1,1,1
P02,DEMO-DEVICE-01,2026-10-03T13:00:00.800Z,0.8,0.2,7.03,0.25,1,1,1
P02,DEMO-DEVICE-01,2026-10-03T13:00:01.000Z,1,0.2,7.03,0.35,1,1,1
P02,DEMO-DEVICE-01,2026-10-03T13:00:01.200Z,1.2,0.2,7.04,0.37,1,1,1
P02,DEMO-DEVICE-01,2026-10-03T13:00:01.400Z,1.4,0.2,7.05,0.27,1,1,1
P02,DEMO-DEVICE-01,2026-10-03T13:00:01.600Z,1.6,0.2,7.05,22.21,1,1,1
P02,DEMO-DEVICE-01,2026-10-03T13:00:01.800Z,1.8,0.2,7.05,38.1,1,1,1
P02,DEMO-DEVICE-01,2026-10-03T13:00:02.000Z,2,0.2,7.06,38.43,1,1,1
P02,DEMO-DEVICE-01,2026-10-03T13:00:02.200Z,2.2,0.2,7.06,38.63,1,1,1
P02,DEMO-DEVICE-01,2026-10-03T13:00:02.400Z,2.4,0.2,7.07,38.79,1,1,1
P02,DEMO-DEVICE-01,2026-10-03T13:00:02.600Z,2.6,0.2,7.07,39.06,1,1,1
P02,DEMO-DEVICE-01,2026-10-03T13:00:02.800Z,2.8,0.2,7.07,39.42,1,1,1
P02,DEMO-DEVICE-01,2026-10-03T13:00:03.000Z,3,0.2,7.07,39.69,1,1,1
P02,DEMO-DEVICE-01,2026-10-03T13:00:03.200Z,3.2,0.2,7.07,39.84,1,1,1
P02,DEMO-DEVICE-01,2026-10-03T13:00:03.400Z,3.4,0.2,7.07,22.14,1,1,1
P02,DEMO-DEVICE-01,2026-10-03T13:00:03.600Z,3.6,0.2,7.07,0.31,1,1,1
P02,DEMO-DEVICE-01,2026-10-03T13:00:03.800Z,3.8,0.2,7.07,0.38,1,1,1
P02,DEMO-DEVICE-01,2026-10-03T13:00:04.000Z,4,0.2,7.06,0.32,1,1,1
P02,DEMO-DEVICE-01,2026-10-03T13:00:04.200Z,4.2,0.2,7.06,0.23,1,1,1
P02,DEMO-DEVICE-01,2026-10-03T13:00:04.400Z,4.4,0.2,7.06,0.25,1,1,1
P02,DEMO-DEVICE-01,2026-10-03T13:00:04.600Z,4.6,0.2,7.05,0.36,1,1,1
P02,DEMO-DEVICE-01,2026-10-03T13:00:04.800Z,4.8,0.2,7.05,0.37,1,1,1
P02,DEMO-DEVICE-01,2026-10-03T13:00:05.000Z,5,0.2,7.04,0.27,1,1,1
P02,DEMO-DEVICE-01,2026-10-03T13:00:05.200Z,5.2,0.2,7.04,3.36,1,1,1
P02,DEMO-DEVICE-01,2026-10-03T13:00:05.400Z,5.4,0.2,7.03,28.58,1,1,1
P02,DEMO-DEVICE-01,2026-10-03T13:00:05.600Z,5.6,0.2,7.02,38.24,1,1,1
P02,DEMO-DEVICE-01,2026-10-03T13:00:05.800Z,5.8,0.2,7.02,38.43,1,1,1
P02,DEMO-DEVICE-01,2026-10-03T13:00:06.000Z,6,0.2,7.01,38.59,1,1,1
P02,DEMO-DEVICE-01,2026-10-03T13:00:06.200Z,6.2,0.2,7,38.88,1,1,1
P02,DEMO-DEVICE-01,2026-10-03T13:00:06.400Z,6.4,0.2,7,39.23,1,1,1
P02,DEMO-DEVICE-01,2026-10-03T13:00:06.600Z,6.6,0.2,6.99,39.49,1,1,1
P02,DEMO-DEVICE-01,2026-10-03T13:00:06.800Z,6.8,0.2,6.98,39.65,1,1,1
P02,DEMO-DEVICE-01,2026-10-03T13:00:07.000Z,7,0.2,6.98,39.86,1,1,1
P02,DEMO-DEVICE-01,2026-10-03T13:00:07.200Z,7.2,0.2,6.97,13.34,1,1,1
P02,DEMO-DEVICE-01,2026-10-03T13:00:07.400Z,7.4,0.2,6.96,0.38,1,1,1
P02,DEMO-DEVICE-01,2026-10-03T13:00:07.600Z,7.6,0.2,6.96,0.32,1,1,1
P02,DEMO-DEVICE-01,2026-10-03T13:00:07.800Z,7.8,0.2,6.95,0.23,1,1,1
P02,DEMO-DEVICE-01,2026-10-03T13:00:08.000Z,8,0.2,6.95,0.26,1,1,1
P02,DEMO-DEVICE-01,2026-10-03T13:00:08.200Z,8.2,0.2,6.94,0.36,1,1,1
P02,DEMO-DEVICE-01,2026-10-03T13:00:08.400Z,8.4,0.2,6.94,0.36,1,1,1
P02,DEMO-DEVICE-01,2026-10-03T13:00:08.600Z,8.6,0.2,6.94,0.26,1,1,1
P02,DEMO-DEVICE-01,2026-10-03T13:00:08.800Z,8.8,0.2,6.93,0.22,1,1,1
P02,DEMO-DEVICE-01,2026-10-03T13:00:09.000Z,9,0.2,6.93,9.74,1,1,1
P02,DEMO-DEVICE-01,2026-10-03T13:00:09.200Z,9.2,0.2,6.93,34.94,1,1,1
P02,DEMO-DEVICE-01,2026-10-03T13:00:09.400Z,9.4,0.2,6.93,38.24,1,1,1
P02,DEMO-DEVICE-01,2026-10-03T13:00:09.600Z,9.6,0.2,6.93,38.4,1,1,1
P02,DEMO-DEVICE-01,2026-10-03T13:00:09.800Z,9.8,0.2,6.93,38.69,1,1,1
P02,DEMO-DEVICE-01,2026-10-03T13:00:10.000Z,10,0.2,6.93,39.05,1,1,1
P02,DEMO-DEVICE-01,2026-10-03T13:00:10.200Z,10.2,0.2,6.94,39.3,1,1,1
P02,DEMO-DEVICE-01,2026-10-03T13:00:10.400Z,10.4,0.2,6.94,39.45,1,1,1
P02,DEMO-DEVICE-01,2026-10-03T13:00:10.600Z,10.6,0.2,6.94,39.67,1,1,1
P02,DEMO-DEVICE-01,2026-10-03T13:00:10.800Z,10.8,0.2,6.95,40.02,1,1,1
P02,DEMO-DEVICE-01,2026-10-03T13:00:11.000Z,11,0.2,6.95,4.52,1,1,1
P02,DEMO-DEVICE-01,2026-10-03T13:00:11.200Z,11.2,0.2,6.96,0.31,1,1,1
P02,DEMO-DEVICE-01,2026-10-03T13:00:11.400Z,11.4,0.2,6.96,0.22,1,1,1
P02,DEMO-DEVICE-01,2026-10-03T13:00:11.600Z,11.6,0.2,6.97,0.26,1,1,1
P02,DEMO-DEVICE-01,2026-10-03T13:00:11.800Z,11.8,0.2,6.97,0.36,1,1,1
P02,DEMO-DEVICE-01,2026-10-03T13:00:12.000Z,12,0.2,6.98,0.36,1,1,1
P02,DEMO-DEVICE-01,2026-10-03T13:00:12.200Z,12.2,0.2,6.99,0.26,1,1,1
P02,DEMO-DEVICE-01,2026-10-03T13:00:12.400Z,12.4,0.2,6.99,0.23,1,1,1
P02,DEMO-DEVICE-01,2026-10-03T13:00:12.600Z,12.6,0.2,7,0.32,1,1,1
P02,DEMO-DEVICE-01,2026-10-03T13:00:12.800Z,12.8,0.2,7.01,16.09,1,1,1
P02,DEMO-DEVICE-01,2026-10-03T13:00:13.000Z,13,0.2,7.02,38.04,1,1,1
P02,DEMO-DEVICE-01,2026-10-03T13:00:13.200Z,13.2,0.2,7.02,38.21,1,1,1
P02,DEMO-DEVICE-01,2026-10-03T13:00:13.400Z,13.4,0.2,7.03,38.51,1,1,1
P02,DEMO-DEVICE-01,2026-10-03T13:00:13.600Z,13.6,0.2,7.03,38.86,1,1,1
P02,DEMO-DEVICE-01,2026-10-03T13:00:13.800Z,13.8,0.2,7.04,39.1,1,1,1
P02,DEMO-DEVICE-01,2026-10-03T13:00:14.000Z,14,0.2,7.05,39.26,1,1,1
P02,DEMO-DEVICE-01,2026-10-03T13:00:14.200Z,14.2,0.2,7.05,39.48,1,1,1
P02,DEMO-DEVICE-01,2026-10-03T13:00:14.400Z,14.4,0.2,7.06,39.83,1,1,1
P02,DEMO-DEVICE-01,2026-10-03T13:00:14.600Z,14.6,0.2,7.06,31.19,1,1,1
P02,DEMO-DEVICE-01,2026-10-03T13:00:14.800Z,14.8,0.2,7.06,0.31,1,1,1
P02,DEMO-DEVICE-01,2026-10-03T13:00:15.000Z,15,0.2,7.07,0.22,1,1,1
P02,DEMO-DEVICE-01,2026-10-03T13:00:15.200Z,15.2,0.2,7.07,0.27,1,1,1
P02,DEMO-DEVICE-01,2026-10-03T13:00:15.400Z,15.4,0.2,7.07,0.37,1,1,1
P02,DEMO-DEVICE-01,2026-10-03T13:00:15.600Z,15.6,0.2,7.07,0.35,1,1,1
P02,DEMO-DEVICE-01,2026-10-03T13:00:15.800Z,15.8,0.2,7.07,0.25,1,1,1
P02,DEMO-DEVICE-01,2026-10-03T13:00:16.000Z,16,0.2,7.07,0.23,1,1,1
P02,DEMO-DEVICE-01,2026-10-03T13:00:16.200Z,16.2,0.2,7.07,0.32,1,1,1
P02,DEMO-DEVICE-01,2026-10-03T13:00:16.400Z,16.4,0.2,7.07,0.38,1,1,1
P02,DEMO-DEVICE-01,2026-10-03T13:00:16.600Z,16.6,0.2,7.06,22.29,1,1,1
P02,DEMO-DEVICE-01,2026-10-03T13:00:16.800Z,16.8,0.2,7.06,38.02,1,1,1
P02,DEMO-DEVICE-01,2026-10-03T13:00:17.000Z,17,0.2,7.06,38.32,1,1,1
P02,DEMO-DEVICE-01,2026-10-03T13:00:17.200Z,17.2,0.2,7.05,38.67,1,1,1
P02,DEMO-DEVICE-01,2026-10-03T13:00:17.400Z,17.4,0.2,7.05,38.91,1,1,1
P02,DEMO-DEVICE-01,2026-10-03T13:00:17.600Z,17.6,0.2,7.04,39.06,1,1,1
P02,DEMO-DEVICE-01,2026-10-03T13:00:17.800Z,17.8,0.2,7.04,39.3,1,1,1
P02,DEMO-DEVICE-01,2026-10-03T13:00:18.000Z,18,0.2,7.03,39.65,1,1,1
P02,DEMO-DEVICE-01,2026-10-03T13:00:18.200Z,18.2,0.2,7.02,39.95,1,1,1
P02,DEMO-DEVICE-01,2026-10-03T13:00:18.400Z,18.4,0.2,7.02,22.22,1,1,1
P02,DEMO-DEVICE-01,2026-10-03T13:00:18.600Z,18.6,0.2,7.01,0.22,1,1,1
P02,DEMO-DEVICE-01,2026-10-03T13:00:18.800Z,18.8,0.2,7,0.27,1,1,1
P02,DEMO-DEVICE-01,2026-10-03T13:00:19.000Z,19,0.2,6.99,0.37,1,1,1
P02,DEMO-DEVICE-01,2026-10-03T13:00:19.200Z,19.2,0.2,6.99,0.35,1,1,1
P02,DEMO-DEVICE-01,2026-10-03T13:00:19.400Z,19.4,0.2,6.98,0.25,1,1,1
P02,DEMO-DEVICE-01,2026-10-03T13:00:19.600Z,19.6,0.2,6.97,0.23,1,1,1
P02,DEMO-DEVICE-01,2026-10-03T13:00:19.800Z,19.8,0.2,6.97,0.33,1,1,1
P02,DEMO-DEVICE-01,2026-10-03T13:00:20.000Z,20,0.2,6.96,0.38,1,1,1
P02,DEMO-DEVICE-01,2026-10-03T13:00:20.200Z,20.2,0.2,6.96,3.44,1,1,1
P02,DEMO-DEVICE-01,2026-10-03T13:00:20.400Z,20.4,0.2,6.95,28.5,1,1,1
P02,DEMO-DEVICE-01,2026-10-03T13:00:20.600Z,20.6,0.2,6.95,38.13,1,1,1
P02,DEMO-DEVICE-01,2026-10-03T13:00:20.800Z,20.8,0.2,6.94,38.48,1,1,1
P02,DEMO-DEVICE-01,2026-10-03T13:00:21.000Z,21,0.2,6.94,38.72,1,1,1
P02,DEMO-DEVICE-01,2026-10-03T13:00:21.200Z,21.2,0.2,6.94,38.87,1,1,1
P02,DEMO-DEVICE-01,2026-10-03T13:00:21.400Z,21.4,0.2,6.93,39.11,1,1,1
P02,DEMO-DEVICE-01,2026-10-03T13:00:21.600Z,21.6,0.2,6.93,39.46,1,1,1
P02,DEMO-DEVICE-01,2026-10-03T13:00:21.800Z,21.8,0.2,6.93,39.76,1,1,1
P02,DEMO-DEVICE-01,2026-10-03T13:00:22.000Z,22,0.2,6.93,39.93,1,1,1
P02,DEMO-DEVICE-01,2026-10-03T13:00:22.200Z,22.2,0.2,6.93,13.25,1,1,1
P02,DEMO-DEVICE-01,2026-10-03T13:00:22.400Z,22.4,0.2,6.93,0.28,1,1,1
P02,DEMO-DEVICE-01,2026-10-03T13:00:22.600Z,22.6,0.2,6.93,0.37,1,1,1
P02,DEMO-DEVICE-01,2026-10-03T13:00:22.800Z,22.8,0.2,6.94,0.35,1,1,1
P02,DEMO-DEVICE-01,2026-10-03T13:00:23.000Z,23,0.2,6.94,0.24,1,1,1
P02,DEMO-DEVICE-01,2026-10-03T13:00:23.200Z,23.2,0.2,6.94,0.23,1,1,1
P02,DEMO-DEVICE-01,2026-10-03T13:00:23.400Z,23.4,0.2,6.95,0.33,1,1,1
P02,DEMO-DEVICE-01,2026-10-03T13:00:23.600Z,23.6,0.2,6.95,0.38,1,1,1
P02,DEMO-DEVICE-01,2026-10-03T13:00:23.800Z,23.8,0.2,6.96,0.29,1,1,1
P02,DEMO-DEVICE-01,2026-10-03T13:00:24.000Z,24,0.2,6.96,9.65,1,1,1
P02,DEMO-DEVICE-01,2026-10-03T13:00:24.200Z,24.2,0.2,6.97,34.84,1,1,1
P02,DEMO-DEVICE-01,2026-10-03T13:00:24.400Z,24.4,0.2,6.97,38.3,1,1,1
P02,DEMO-DEVICE-01,2026-10-03T13:00:24.600Z,24.6,0.2,6.98,38.52,1,1,1
P02,DEMO-DEVICE-01,2026-10-03T13:00:24.800Z,24.8,0.2,6.99,38.67,1,1,1
P02,DEMO-DEVICE-01,2026-10-03T13:00:25.000Z,25,0.2,7,38.92,1,1,1
P02,DEMO-DEVICE-01,2026-10-03T13:00:25.200Z,25.2,0.2,7,39.27,1,1,1
P02,DEMO-DEVICE-01,2026-10-03T13:00:25.400Z,25.4,0.2,7.01,39.57,1,1,1
P02,DEMO-DEVICE-01,2026-10-03T13:00:25.600Z,25.6,0.2,7.02,39.74,1,1,1
P02,DEMO-DEVICE-01,2026-10-03T13:00:25.800Z,25.8,0.2,7.02,39.92,1,1,1
P02,DEMO-DEVICE-01,2026-10-03T13:00:26.000Z,26,0.2,7.03,4.43,1,1,1
P02,DEMO-DEVICE-01,2026-10-03T13:00:26.200Z,26.2,0.2,7.04,0.37,1,1,1
P02,DEMO-DEVICE-01,2026-10-03T13:00:26.400Z,26.4,0.2,7.04,0.34,1,1,1
P02,DEMO-DEVICE-01,2026-10-03T13:00:26.600Z,26.6,0.2,7.05,0.24,1,1,1
P02,DEMO-DEVICE-01,2026-10-03T13:00:26.800Z,26.8,0.2,7.05,0.24,1,1,1
P02,DEMO-DEVICE-01,2026-10-03T13:00:27.000Z,27,0.2,7.06,0.34,1,1,1
P02,DEMO-DEVICE-01,2026-10-03T13:00:27.200Z,27.2,0.2,7.06,0.38,1,1,1
P02,DEMO-DEVICE-01,2026-10-03T13:00:27.400Z,27.4,0.2,7.06,0.29,1,1,1
P02,DEMO-DEVICE-01,2026-10-03T13:00:27.600Z,27.6,0.2,7.07,0.22,1,1,1
P02,DEMO-DEVICE-01,2026-10-03T13:00:27.800Z,27.8,0.2,7.07,15.99,1,1,1
P02,DEMO-DEVICE-01,2026-10-03T13:00:28.000Z,28,0.2,7.07,38.11,1,1,1
P02,DEMO-DEVICE-01,2026-10-03T13:00:28.200Z,28.2,0.2,7.07,38.33,1,1,1
P02,DEMO-DEVICE-01,2026-10-03T13:00:28.400Z,28.4,0.2,7.07,38.48,1,1,1
P02,DEMO-DEVICE-01,2026-10-03T13:00:28.600Z,28.6,0.2,7.07,38.73,1,1,1
P02,DEMO-DEVICE-01,2026-10-03T13:00:28.800Z,28.8,0.2,7.07,39.09,1,1,1
P02,DEMO-DEVICE-01,2026-10-03T13:00:29.000Z,29,0.2,7.07,39.38,1,1,1
P02,DEMO-DEVICE-01,2026-10-03T13:00:29.200Z,29.2,0.2,7.06,39.54,1,1,1
P02,DEMO-DEVICE-01,2026-10-03T13:00:29.400Z,29.4,0.2,7.06,39.73,1,1,1
P02,DEMO-DEVICE-01,2026-10-03T13:00:29.600Z,29.6,0.2,7.06,31.1,1,1,1
P02,DEMO-DEVICE-01,2026-10-03T13:00:29.800Z,29.8,0.2,7.05,0.38,1,1,1
P02,DEMO-DEVICE-01,2026-10-03T13:00:30.000Z,30,0.2,7.05,0.34,1,1,1
P02,DEMO-DEVICE-01,2026-10-03T13:00:30.200Z,30.2,0.2,7.04,0.24,1,1,1
P02,DEMO-DEVICE-01,2026-10-03T13:00:30.400Z,30.4,0.2,7.03,0.24,1,1,1
P02,DEMO-DEVICE-01,2026-10-03T13:00:30.600Z,30.6,0.2,7.03,0.34,1,1,1
P02,DEMO-DEVICE-01,2026-10-03T13:00:30.800Z,30.8,0.2,7.02,0.37,1,1,1
P02,DEMO-DEVICE-01,2026-10-03T13:00:31.000Z,31,0.2,7.01,0.28,1,1,1
P02,DEMO-DEVICE-01,2026-10-03T13:00:31.200Z,31.2,0.2,7.01,0.22,1,1,1
P02,DEMO-DEVICE-01,2026-10-03T13:00:31.400Z,31.4,0.2,7,0.29,1,1,1
P02,DEMO-DEVICE-01,2026-10-03T13:00:31.600Z,31.6,0.2,6.99,22.37,1,1,1
P02,DEMO-DEVICE-01,2026-10-03T13:00:31.800Z,31.8,0.2,6.99,38.13,1,1,1
P02,DEMO-DEVICE-01,2026-10-03T13:00:32.000Z,32,0.2,6.98,38.28,1,1,1
P02,DEMO-DEVICE-01,2026-10-03T13:00:32.200Z,32.2,0.2,6.97,38.55,1,1,1
P02,DEMO-DEVICE-01,2026-10-03T13:00:32.400Z,32.4,0.2,6.97,38.9,1,1,1
P02,DEMO-DEVICE-01,2026-10-03T13:00:32.600Z,32.6,0.2,6.96,39.18,1,1,1
P02,DEMO-DEVICE-01,2026-10-03T13:00:32.800Z,32.8,0.2,6.96,39.34,1,1,1
P02,DEMO-DEVICE-01,2026-10-03T13:00:33.000Z,33,0.2,6.95,39.54,1,1,1
P02,DEMO-DEVICE-01,2026-10-03T13:00:33.200Z,33.2,0.2,6.95,39.87,1,1,1
P02,DEMO-DEVICE-01,2026-10-03T13:00:33.400Z,33.4,0.2,6.94,22.3,1,1,1
P02,DEMO-DEVICE-01,2026-10-03T13:00:33.600Z,33.6,0.2,6.94,0.33,1,1,1
P02,DEMO-DEVICE-01,2026-10-03T13:00:33.800Z,33.8,0.2,6.93,0.23,1,1,1
P02,DEMO-DEVICE-01,2026-10-03T13:00:34.000Z,34,0.2,6.93,0.24,1,1,1
P02,DEMO-DEVICE-01,2026-10-03T13:00:34.200Z,34.2,0.2,6.93,0.35,1,1,1
P02,DEMO-DEVICE-01,2026-10-03T13:00:34.400Z,34.4,0.2,6.93,0.37,1,1,1
P02,DEMO-DEVICE-01,2026-10-03T13:00:34.600Z,34.6,0.2,6.93,0.28,1,1,1
P02,DEMO-DEVICE-01,2026-10-03T13:00:34.800Z,34.8,0.2,6.93,0.22,1,1,1
P02,DEMO-DEVICE-01,2026-10-03T13:00:35.000Z,35,0.2,6.93,0.3,1,1,1
P02,DEMO-DEVICE-01,2026-10-03T13:00:35.200Z,35.2,0.2,6.93,3.52,1,1,1
P02,DEMO-DEVICE-01,2026-10-03T13:00:35.400Z,35.4,0.2,6.94,28.61,1,1,1
P02,DEMO-DEVICE-01,2026-10-03T13:00:35.600Z,35.6,0.2,6.94,38.09,1,1,1
P02,DEMO-DEVICE-01,2026-10-03T13:00:35.800Z,35.8,0.2,6.94,38.36,1,1,1
P02,DEMO-DEVICE-01,2026-10-03T13:00:36.000Z,36,0.2,6.95,38.72,1,1,1
P02,DEMO-DEVICE-01,2026-10-03T13:00:36.200Z,36.2,0.2,6.95,38.99,1,1,1
P02,DEMO-DEVICE-01,2026-10-03T13:00:36.400Z,36.4,0.2,6.96,39.15,1,1,1
P02,DEMO-DEVICE-01,2026-10-03T13:00:36.600Z,36.6,0.2,6.96,39.35,1,1,1
P02,DEMO-DEVICE-01,2026-10-03T13:00:36.800Z,36.8,0.2,6.97,39.68,1,1,1
P02,DEMO-DEVICE-01,2026-10-03T13:00:37.000Z,37,0.2,6.98,40.02,1,1,1
P02,DEMO-DEVICE-01,2026-10-03T13:00:37.200Z,37.2,0.2,6.98,13.36,1,1,1
P02,DEMO-DEVICE-01,2026-10-03T13:00:37.400Z,37.4,0.2,6.99,0.23,1,1,1
P02,DEMO-DEVICE-01,2026-10-03T13:00:37.600Z,37.6,0.2,7,0.25,1,1,1
P02,DEMO-DEVICE-01,2026-10-03T13:00:37.800Z,37.8,0.2,7,0.35,1,1,1
P02,DEMO-DEVICE-01,2026-10-03T13:00:38.000Z,38,0.2,7.01,0.37,1,1,1
P02,DEMO-DEVICE-01,2026-10-03T13:00:38.200Z,38.2,0.2,7.02,0.27,1,1,1
P02,DEMO-DEVICE-01,2026-10-03T13:00:38.400Z,38.4,0.2,7.02,0.22,1,1,1
P02,DEMO-DEVICE-01,2026-10-03T13:00:38.600Z,38.6,0.2,7.03,0.3,1,1,1
P02,DEMO-DEVICE-01,2026-10-03T13:00:38.800Z,38.8,0.2,7.04,0.38,1,1,1
P02,DEMO-DEVICE-01,2026-10-03T13:00:39.000Z,39,0.2,7.04,9.75,1,1,1
P02,DEMO-DEVICE-01,2026-10-03T13:00:39.200Z,39.2,0.2,7.05,34.79,1,1,1
P02,DEMO-DEVICE-01,2026-10-03T13:00:39.400Z,39.4,0.2,7.05,38.17,1,1,1
P02,DEMO-DEVICE-01,2026-10-03T13:00:39.600Z,39.6,0.2,7.06,38.53,1,1,1
P02,DEMO-DEVICE-01,2026-10-03T13:00:39.800Z,39.8,0.2,7.06,38.8,1,1,1
P02,DEMO-DEVICE-01,2026-10-03T13:00:40.000Z,40,0.2,7.06,38.95,1,1,1
P02,DEMO-DEVICE-01,2026-10-03T13:00:40.200Z,40.2,0.2,7.07,39.16,1,1,1
P02,DEMO-DEVICE-01,2026-10-03T13:00:40.400Z,40.4,0.2,7.07,39.5,1,1,1
P02,DEMO-DEVICE-01,2026-10-03T13:00:40.600Z,40.6,0.2,7.07,39.83,1,1,1
P02,DEMO-DEVICE-01,2026-10-03T13:00:40.800Z,40.8,0.2,7.07,40.02,1,1,1
P02,DEMO-DEVICE-01,2026-10-03T13:00:41.000Z,41,0.2,7.07,4.37,1,1,1
P02,DEMO-DEVICE-01,2026-10-03T13:00:41.200Z,41.2,0.2,7.07,0.25,1,1,1
P02,DEMO-DEVICE-01,2026-10-03T13:00:41.400Z,41.4,0.2,7.07,0.36,1,1,1
P02,DEMO-DEVICE-01,2026-10-03T13:00:41.600Z,41.6,0.2,7.07,0.37,1,1,1
P02,DEMO-DEVICE-01,2026-10-03T13:00:41.800Z,41.8,0.2,7.06,0.27,1,1,1
P02,DEMO-DEVICE-01,2026-10-03T13:00:42.000Z,42,0.2,7.06,0.22,1,1,1
P02,DEMO-DEVICE-01,2026-10-03T13:00:42.200Z,42.2,0.2,7.05,0.31,1,1,1
P02,DEMO-DEVICE-01,2026-10-03T13:00:42.400Z,42.4,0.2,7.05,0.38,1,1,1
P02,DEMO-DEVICE-01,2026-10-03T13:00:42.600Z,42.6,0.2,7.04,0.32,1,1,1
P02,DEMO-DEVICE-01,2026-10-03T13:00:42.800Z,42.8,0.2,7.04,15.94,1,1,1
P02,DEMO-DEVICE-01,2026-10-03T13:00:43.000Z,43,0.2,7.03,37.99,1,1,1
P02,DEMO-DEVICE-01,2026-10-03T13:00:43.200Z,43.2,0.2,7.03,38.34,1,1,1
P02,DEMO-DEVICE-01,2026-10-03T13:00:43.400Z,43.4,0.2,7.02,38.6,1,1,1
P02,DEMO-DEVICE-01,2026-10-03T13:00:43.600Z,43.6,0.2,7.01,38.76,1,1,1
P02,DEMO-DEVICE-01,2026-10-03T13:00:43.800Z,43.8,0.2,7.01,38.97,1,1,1
P02,DEMO-DEVICE-01,2026-10-03T13:00:44.000Z,44,0.2,7,39.31,1,1,1
P02,DEMO-DEVICE-01,2026-10-03T13:00:44.200Z,44.2,0.2,6.99,39.64,1,1,1
P02,DEMO-DEVICE-01,2026-10-03T13:00:44.400Z,44.4,0.2,6.99,39.83,1,1,1
P02,DEMO-DEVICE-01,2026-10-03T13:00:44.600Z,44.6,0.2,6.98,31.04,1,1,1
P02,DEMO-DEVICE-01,2026-10-03T13:00:44.800Z,44.8,0.2,6.97,0.26,1,1,1
P03,DEMO-DEVICE-01,2026-10-03T14:00:00.000Z,0,0.2,6.8,0.3,1,1,1
P03,DEMO-DEVICE-01,2026-10-03T14:00:00.200Z,0.2,0.2,6.81,0.32,1,1,1
P03,DEMO-DEVICE-01,2026-10-03T14:00:00.400Z,0.4,0.2,6.82,0.34,1,1,1
P03,DEMO-DEVICE-01,2026-10-03T14:00:00.600Z,0.6,0.2,6.83,0.35,1,1,1
P03,DEMO-DEVICE-01,2026-10-03T14:00:00.800Z,0.8,0.2,6.84,0.36,1,1,1
P03,DEMO-DEVICE-01,2026-10-03T14:00:01.000Z,1,0.2,6.85,0.36,1,1,1
P03,DEMO-DEVICE-01,2026-10-03T14:00:01.200Z,1.2,0.2,6.86,0.35,1,1,1
P03,DEMO-DEVICE-01,2026-10-03T14:00:01.400Z,1.4,0.2,6.86,0.34,1,1,1
P03,DEMO-DEVICE-01,2026-10-03T14:00:01.600Z,1.6,0.2,6.87,0.32,1,1,1
P03,DEMO-DEVICE-01,2026-10-03T14:00:01.800Z,1.8,0.2,6.88,0.3,1,1,1
P03,DEMO-DEVICE-01,2026-10-03T14:00:02.000Z,2,0.2,6.88,0.28,1,1,1
P03,DEMO-DEVICE-01,2026-10-03T14:00:02.200Z,2.2,0.2,6.89,0.27,1,1,1
P03,DEMO-DEVICE-01,2026-10-03T14:00:02.400Z,2.4,0.2,6.89,0.25,1,1,1
P03,DEMO-DEVICE-01,2026-10-03T14:00:02.600Z,2.6,0.2,6.9,0.24,1,1,1
P03,DEMO-DEVICE-01,2026-10-03T14:00:02.800Z,2.8,0.2,6.9,0.24,1,1,1
P03,DEMO-DEVICE-01,2026-10-03T14:00:03.000Z,3,0.2,6.9,0.24,1,1,1
P03,DEMO-DEVICE-01,2026-10-03T14:00:03.200Z,3.2,0.2,6.9,0.26,1,1,1
P03,DEMO-DEVICE-01,2026-10-03T14:00:03.400Z,3.4,0.2,6.9,0.27,1,1,1
P03,DEMO-DEVICE-01,2026-10-03T14:00:03.600Z,3.6,0.2,6.9,0.29,1,1,1
P03,DEMO-DEVICE-01,2026-10-03T14:00:03.800Z,3.8,0.2,6.89,0.31,1,1,1
P03,DEMO-DEVICE-01,2026-10-03T14:00:04.000Z,4,0.2,6.89,0.33,1,1,1
P03,DEMO-DEVICE-01,2026-10-03T14:00:04.200Z,4.2,0.2,6.89,0.35,1,1,1
P03,DEMO-DEVICE-01,2026-10-03T14:00:04.400Z,4.4,0.2,6.88,0.36,1,1,1
P03,DEMO-DEVICE-01,2026-10-03T14:00:04.600Z,4.6,0.2,6.87,0.36,1,1,1
P03,DEMO-DEVICE-01,2026-10-03T14:00:04.800Z,4.8,0.2,6.87,0.36,1,1,1
P03,DEMO-DEVICE-01,2026-10-03T14:00:05.000Z,5,0.2,6.86,0.35,1,1,1
P03,DEMO-DEVICE-01,2026-10-03T14:00:05.200Z,5.2,0.2,6.85,0.33,1,1,1
P03,DEMO-DEVICE-01,2026-10-03T14:00:05.400Z,5.4,0.2,6.84,0.31,1,1,1
P03,DEMO-DEVICE-01,2026-10-03T14:00:05.600Z,5.6,0.2,6.83,0.29,1,1,1
P03,DEMO-DEVICE-01,2026-10-03T14:00:05.800Z,5.8,0.2,6.82,0.27,1,1,1
P03,DEMO-DEVICE-01,2026-10-03T14:00:06.000Z,6,0.2,6.81,0.26,1,1,1
P03,DEMO-DEVICE-01,2026-10-03T14:00:06.200Z,6.2,0.2,6.8,0.25,1,1,1
P03,DEMO-DEVICE-01,2026-10-03T14:00:06.400Z,6.4,0.2,6.79,0.24,1,1,1
P03,DEMO-DEVICE-01,2026-10-03T14:00:06.600Z,6.6,0.2,6.78,0.24,1,1,1
P03,DEMO-DEVICE-01,2026-10-03T14:00:06.800Z,6.8,0.2,6.77,0.25,1,1,1
P03,DEMO-DEVICE-01,2026-10-03T14:00:07.000Z,7,0.2,6.76,0.26,1,1,1
P03,DEMO-DEVICE-01,2026-10-03T14:00:07.200Z,7.2,0.2,6.76,0.28,1,1,1
P03,DEMO-DEVICE-01,2026-10-03T14:00:07.400Z,7.4,0.2,6.75,0.3,1,1,1
P03,DEMO-DEVICE-01,2026-10-03T14:00:07.600Z,7.6,0.2,6.74,0.32,1,1,1
P03,DEMO-DEVICE-01,2026-10-03T14:00:07.800Z,7.8,0.2,6.73,0.34,1,1,1
P03,DEMO-DEVICE-01,2026-10-03T14:00:08.000Z,8,0.2,6.72,0.35,1,1,1
P03,DEMO-DEVICE-01,2026-10-03T14:00:08.200Z,8.2,0.2,6.72,0.36,1,1,1
P03,DEMO-DEVICE-01,2026-10-03T14:00:08.400Z,8.4,0.2,6.71,0.36,1,1,1
P03,DEMO-DEVICE-01,2026-10-03T14:00:08.600Z,8.6,0.2,6.71,0.35,1,1,1
P03,DEMO-DEVICE-01,2026-10-03T14:00:08.800Z,8.8,0.2,6.7,0.34,1,1,1
P03,DEMO-DEVICE-01,2026-10-03T14:00:09.000Z,9,0.2,6.7,0.32,1,1,1
P03,DEMO-DEVICE-01,2026-10-03T14:00:09.200Z,9.2,0.2,6.7,0.3,1,1,1
P03,DEMO-DEVICE-01,2026-10-03T14:00:09.400Z,9.4,0.2,6.7,0.28,1,1,1
P03,DEMO-DEVICE-01,2026-10-03T14:00:09.600Z,9.6,0.2,6.7,0.27,1,1,1
P03,DEMO-DEVICE-01,2026-10-03T14:00:09.800Z,9.8,0.2,6.7,0.25,1,1,1
P03,DEMO-DEVICE-01,2026-10-03T14:00:10.000Z,10,0.2,6.7,0.24,1,1,1
P03,DEMO-DEVICE-01,2026-10-03T14:00:10.200Z,10.2,0.2,6.71,0.24,1,1,1
P03,DEMO-DEVICE-01,2026-10-03T14:00:10.400Z,10.4,0.2,6.71,0.24,1,1,1
P03,DEMO-DEVICE-01,2026-10-03T14:00:10.600Z,10.6,0.2,6.72,0.26,1,1,1
P03,DEMO-DEVICE-01,2026-10-03T14:00:10.800Z,10.8,0.2,6.72,0.27,1,1,1
P03,DEMO-DEVICE-01,2026-10-03T14:00:11.000Z,11,0.2,6.73,0.29,1,1,1
P03,DEMO-DEVICE-01,2026-10-03T14:00:11.200Z,11.2,0.2,6.74,0.31,1,1,1
P03,DEMO-DEVICE-01,2026-10-03T14:00:11.400Z,11.4,0.2,6.74,0.33,1,1,1
P03,DEMO-DEVICE-01,2026-10-03T14:00:11.600Z,11.6,0.2,6.75,0.35,1,1,1
P03,DEMO-DEVICE-01,2026-10-03T14:00:11.800Z,11.8,0.2,6.76,0.36,1,1,1
P03,DEMO-DEVICE-01,2026-10-03T14:00:12.000Z,12,0.2,6.77,0.36,1,1,1
P03,DEMO-DEVICE-01,2026-10-03T14:00:12.200Z,12.2,0.2,6.78,0.36,1,1,1
P03,DEMO-DEVICE-01,2026-10-03T14:00:12.400Z,12.4,0.2,6.79,0.35,1,1,1
P03,DEMO-DEVICE-01,2026-10-03T14:00:12.600Z,12.6,0.2,6.8,0.33,1,1,1
P03,DEMO-DEVICE-01,2026-10-03T14:00:12.800Z,12.8,0.2,6.81,0.31,1,1,1
P03,DEMO-DEVICE-01,2026-10-03T14:00:13.000Z,13,0.2,6.82,0.29,1,1,1
P03,DEMO-DEVICE-01,2026-10-03T14:00:13.200Z,13.2,0.2,6.83,0.27,1,1,1
P03,DEMO-DEVICE-01,2026-10-03T14:00:13.400Z,13.4,0.2,6.84,0.26,1,1,1
P03,DEMO-DEVICE-01,2026-10-03T14:00:13.600Z,13.6,0.2,6.85,0.25,1,1,1
P03,DEMO-DEVICE-01,2026-10-03T14:00:13.800Z,13.8,0.2,6.86,0.24,1,1,1
P03,DEMO-DEVICE-01,2026-10-03T14:00:14.000Z,14,0.2,6.87,0.24,1,1,1
P03,DEMO-DEVICE-01,2026-10-03T14:00:14.200Z,14.2,0.2,6.87,0.25,1,1,1
P03,DEMO-DEVICE-01,2026-10-03T14:00:14.400Z,14.4,0.2,6.88,0.26,1,1,1
P03,DEMO-DEVICE-01,2026-10-03T14:00:14.600Z,14.6,0.2,6.89,0.28,1,1,1
P03,DEMO-DEVICE-01,2026-10-03T14:00:14.800Z,14.8,0.2,6.89,0.3,1,1,1
P03,DEMO-DEVICE-01,2026-10-03T14:00:15.000Z,15,0.2,6.89,0.32,1,1,1
P03,DEMO-DEVICE-01,2026-10-03T14:00:15.200Z,15.2,0.2,6.9,0.34,1,1,1
P03,DEMO-DEVICE-01,2026-10-03T14:00:15.400Z,15.4,0.2,6.9,0.35,1,1,1
P03,DEMO-DEVICE-01,2026-10-03T14:00:15.600Z,15.6,0.2,6.9,0.36,1,1,1
P03,DEMO-DEVICE-01,2026-10-03T14:00:15.800Z,15.8,0.2,6.9,0.36,1,1,1
P03,DEMO-DEVICE-01,2026-10-03T14:00:16.000Z,16,0.2,6.9,0.35,1,1,1
P03,DEMO-DEVICE-01,2026-10-03T14:00:16.200Z,16.2,0.2,6.9,0.34,1,1,1
P03,DEMO-DEVICE-01,2026-10-03T14:00:16.400Z,16.4,0.2,6.89,0.32,1,1,1
P03,DEMO-DEVICE-01,2026-10-03T14:00:16.600Z,16.6,0.2,6.89,0.3,1,1,1
P03,DEMO-DEVICE-01,2026-10-03T14:00:16.800Z,16.8,0.2,6.89,0.28,1,1,1
P03,DEMO-DEVICE-01,2026-10-03T14:00:17.000Z,17,0.2,6.88,0.26,1,1,1
P03,DEMO-DEVICE-01,2026-10-03T14:00:17.200Z,17.2,0.2,6.87,0.25,1,1,1
P03,DEMO-DEVICE-01,2026-10-03T14:00:17.400Z,17.4,0.2,6.87,0.24,1,1,1
P03,DEMO-DEVICE-01,2026-10-03T14:00:17.600Z,17.6,0.2,6.86,0.24,1,1,1
P03,DEMO-DEVICE-01,2026-10-03T14:00:17.800Z,17.8,0.2,6.85,0.25,1,1,1
P03,DEMO-DEVICE-01,2026-10-03T14:00:18.000Z,18,0.2,6.84,0.26,1,1,1
P03,DEMO-DEVICE-01,2026-10-03T14:00:18.200Z,18.2,0.2,6.83,0.27,1,1,1
P03,DEMO-DEVICE-01,2026-10-03T14:00:18.400Z,18.4,0.2,6.82,0.29,1,1,1
P03,DEMO-DEVICE-01,2026-10-03T14:00:18.600Z,18.6,0.2,6.81,0.31,1,1,1
P03,DEMO-DEVICE-01,2026-10-03T14:00:18.800Z,18.8,0.2,6.8,0.33,1,1,1
P03,DEMO-DEVICE-01,2026-10-03T14:00:19.000Z,19,0.2,6.79,0.35,1,1,1
P03,DEMO-DEVICE-01,2026-10-03T14:00:19.200Z,19.2,0.2,6.78,0.36,1,1,1
P03,DEMO-DEVICE-01,2026-10-03T14:00:19.400Z,19.4,0.2,6.77,0.36,1,1,1
P03,DEMO-DEVICE-01,2026-10-03T14:00:19.600Z,19.6,0.2,6.76,0.36,1,1,1
P03,DEMO-DEVICE-01,2026-10-03T14:00:19.800Z,19.8,0.2,6.75,0.35,1,1,1
P03,DEMO-DEVICE-01,2026-10-03T14:00:20.000Z,20,0.2,6.75,0.33,1,1,1
P03,DEMO-DEVICE-01,2026-10-03T14:00:20.200Z,20.2,0.2,6.74,0.31,1,1,1
P03,DEMO-DEVICE-01,2026-10-03T14:00:20.400Z,20.4,0.2,6.73,0.29,1,1,1
P03,DEMO-DEVICE-01,2026-10-03T14:00:20.600Z,20.6,0.2,6.72,0.27,1,1,1
P03,DEMO-DEVICE-01,2026-10-03T14:00:20.800Z,20.8,0.2,6.72,0.26,1,1,1
P03,DEMO-DEVICE-01,2026-10-03T14:00:21.000Z,21,0.2,6.71,0.25,1,1,1
P03,DEMO-DEVICE-01,2026-10-03T14:00:21.200Z,21.2,0.2,6.71,0.24,1,1,1
P03,DEMO-DEVICE-01,2026-10-03T14:00:21.400Z,21.4,0.2,6.7,0.24,1,1,1
P03,DEMO-DEVICE-01,2026-10-03T14:00:21.600Z,21.6,0.2,6.7,0.25,1,1,1
P03,DEMO-DEVICE-01,2026-10-03T14:00:21.800Z,21.8,0.2,6.7,0.26,1,1,1
P03,DEMO-DEVICE-01,2026-10-03T14:00:22.000Z,22,0.2,6.7,0.28,1,1,1
P03,DEMO-DEVICE-01,2026-10-03T14:00:22.200Z,22.2,0.2,6.7,0.3,1,1,1
P03,DEMO-DEVICE-01,2026-10-03T14:00:22.400Z,22.4,0.2,6.7,0.32,1,1,1
P03,DEMO-DEVICE-01,2026-10-03T14:00:22.600Z,22.6,0.2,6.7,0.34,1,1,1
P03,DEMO-DEVICE-01,2026-10-03T14:00:22.800Z,22.8,0.2,6.71,0.35,1,1,1
P03,DEMO-DEVICE-01,2026-10-03T14:00:23.000Z,23,0.2,6.71,0.36,1,1,1
P03,DEMO-DEVICE-01,2026-10-03T14:00:23.200Z,23.2,0.2,6.72,0.36,1,1,1
P03,DEMO-DEVICE-01,2026-10-03T14:00:23.400Z,23.4,0.2,6.72,0.35,1,1,1
P03,DEMO-DEVICE-01,2026-10-03T14:00:23.600Z,23.6,0.2,6.73,0.34,1,1,1
P03,DEMO-DEVICE-01,2026-10-03T14:00:23.800Z,23.8,0.2,6.74,0.32,1,1,1
P03,DEMO-DEVICE-01,2026-10-03T14:00:24.000Z,24,0.2,6.75,0.3,1,1,1
P03,DEMO-DEVICE-01,2026-10-03T14:00:24.200Z,24.2,0.2,6.76,0.28,1,1,1
P03,DEMO-DEVICE-01,2026-10-03T14:00:24.400Z,24.4,0.2,6.76,0.26,1,1,1
P03,DEMO-DEVICE-01,2026-10-03T14:00:24.600Z,24.6,0.2,6.77,0.25,1,1,1
P03,DEMO-DEVICE-01,2026-10-03T14:00:24.800Z,24.8,0.2,6.78,0.24,1,1,1
P03,DEMO-DEVICE-01,2026-10-03T14:00:25.000Z,25,0.2,6.79,0.24,1,1,1
P03,DEMO-DEVICE-01,2026-10-03T14:00:25.200Z,25.2,0.2,6.8,0.25,1,1,1
P03,DEMO-DEVICE-01,2026-10-03T14:00:25.400Z,25.4,0.2,6.81,0.26,1,1,1
P03,DEMO-DEVICE-01,2026-10-03T14:00:25.600Z,25.6,0.2,6.82,0.27,1,1,1
P03,DEMO-DEVICE-01,2026-10-03T14:00:25.800Z,25.8,0.2,6.83,0.29,1,1,1
P03,DEMO-DEVICE-01,2026-10-03T14:00:26.000Z,26,0.2,6.84,0.31,1,1,1
P03,DEMO-DEVICE-01,2026-10-03T14:00:26.200Z,26.2,0.2,6.85,0.33,1,1,1
P03,DEMO-DEVICE-01,2026-10-03T14:00:26.400Z,26.4,0.2,6.86,0.35,1,1,1
P03,DEMO-DEVICE-01,2026-10-03T14:00:26.600Z,26.6,0.2,6.87,0.36,1,1,1
P03,DEMO-DEVICE-01,2026-10-03T14:00:26.800Z,26.8,0.2,6.87,0.36,1,1,1
P03,DEMO-DEVICE-01,2026-10-03T14:00:27.000Z,27,0.2,6.88,0.36,1,1,1
P03,DEMO-DEVICE-01,2026-10-03T14:00:27.200Z,27.2,0.2,6.89,0.35,1,1,1
P03,DEMO-DEVICE-01,2026-10-03T14:00:27.400Z,27.4,0.2,6.89,0.33,1,1,1
P03,DEMO-DEVICE-01,2026-10-03T14:00:27.600Z,27.6,0.2,6.89,0.31,1,1,1
P03,DEMO-DEVICE-01,2026-10-03T14:00:27.800Z,27.8,0.2,6.9,0.29,1,1,1
P03,DEMO-DEVICE-01,2026-10-03T14:00:28.000Z,28,0.2,6.9,0.27,1,1,1
P03,DEMO-DEVICE-01,2026-10-03T14:00:28.200Z,28.2,0.2,6.9,0.26,1,1,1
P03,DEMO-DEVICE-01,2026-10-03T14:00:28.400Z,28.4,0.2,6.9,0.25,1,1,1
P03,DEMO-DEVICE-01,2026-10-03T14:00:28.600Z,28.6,0.2,6.9,0.24,1,1,1
P03,DEMO-DEVICE-01,2026-10-03T14:00:28.800Z,28.8,0.2,6.9,0.24,1,1,1
P03,DEMO-DEVICE-01,2026-10-03T14:00:29.000Z,29,0.2,6.89,0.25,1,1,1
P03,DEMO-DEVICE-01,2026-10-03T14:00:29.200Z,29.2,0.2,6.89,0.26,1,1,1
P03,DEMO-DEVICE-01,2026-10-03T14:00:29.400Z,29.4,0.2,6.88,0.28,1,1,1
P03,DEMO-DEVICE-01,2026-10-03T14:00:29.600Z,29.6,0.2,6.88,0.3,1,1,1
P03,DEMO-DEVICE-01,2026-10-03T14:00:29.800Z,29.8,0.2,6.87,0.32,1,1,1
P03,DEMO-DEVICE-01,2026-10-03T14:00:30.000Z,30,0.2,6.87,0.34,1,1,1
P03,DEMO-DEVICE-01,2026-10-03T14:00:30.200Z,30.2,0.2,6.86,0.35,1,1,1
P03,DEMO-DEVICE-01,2026-10-03T14:00:30.400Z,30.4,0.2,6.85,0.36,1,1,1
P03,DEMO-DEVICE-01,2026-10-03T14:00:30.600Z,30.6,0.2,6.84,0.36,1,1,1
P03,DEMO-DEVICE-01,2026-10-03T14:00:30.800Z,30.8,0.2,6.83,0.35,1,1,1
P03,DEMO-DEVICE-01,2026-10-03T14:00:31.000Z,31,0.2,6.82,0.34,1,1,1
P03,DEMO-DEVICE-01,2026-10-03T14:00:31.200Z,31.2,0.2,6.81,0.32,1,1,1
P03,DEMO-DEVICE-01,2026-10-03T14:00:31.400Z,31.4,0.2,6.8,0.3,1,1,1
P03,DEMO-DEVICE-01,2026-10-03T14:00:31.600Z,31.6,0.2,6.79,0.28,1,1,1
P03,DEMO-DEVICE-01,2026-10-03T14:00:31.800Z,31.8,0.2,6.78,0.26,1,1,1
P03,DEMO-DEVICE-01,2026-10-03T14:00:32.000Z,32,0.2,6.77,0.25,1,1,1
P03,DEMO-DEVICE-01,2026-10-03T14:00:32.200Z,32.2,0.2,6.76,0.24,1,1,1
P03,DEMO-DEVICE-01,2026-10-03T14:00:32.400Z,32.4,0.2,6.75,0.24,1,1,1
P03,DEMO-DEVICE-01,2026-10-03T14:00:32.600Z,32.6,0.2,6.74,0.25,1,1,1
P03,DEMO-DEVICE-01,2026-10-03T14:00:32.800Z,32.8,0.2,6.74,0.26,1,1,1
P03,DEMO-DEVICE-01,2026-10-03T14:00:33.000Z,33,0.2,6.73,0.27,1,1,1
P03,DEMO-DEVICE-01,2026-10-03T14:00:33.200Z,33.2,0.2,6.72,0.29,1,1,1
P03,DEMO-DEVICE-01,2026-10-03T14:00:33.400Z,33.4,0.2,6.72,0.31,1,1,1
P03,DEMO-DEVICE-01,2026-10-03T14:00:33.600Z,33.6,0.2,6.71,0.33,1,1,1
P03,DEMO-DEVICE-01,2026-10-03T14:00:33.800Z,33.8,0.2,6.71,0.35,1,1,1
P03,DEMO-DEVICE-01,2026-10-03T14:00:34.000Z,34,0.2,6.7,0.36,1,1,1
P03,DEMO-DEVICE-01,2026-10-03T14:00:34.200Z,34.2,0.2,6.7,0.36,1,1,1
P03,DEMO-DEVICE-01,2026-10-03T14:00:34.400Z,34.4,0.2,6.7,0.36,1,1,1
P03,DEMO-DEVICE-01,2026-10-03T14:00:34.600Z,34.6,0.2,6.7,0.35,1,1,1
P03,DEMO-DEVICE-01,2026-10-03T14:00:34.800Z,34.8,0.2,6.7,0.33,1,1,1
P03,DEMO-DEVICE-01,2026-10-03T14:00:35.000Z,35,0.2,6.7,0.31,1,1,1
P03,DEMO-DEVICE-01,2026-10-03T14:00:35.200Z,35.2,0.2,6.71,0.29,1,1,1
P03,DEMO-DEVICE-01,2026-10-03T14:00:35.400Z,35.4,0.2,6.71,0.27,1,1,1
P03,DEMO-DEVICE-01,2026-10-03T14:00:35.600Z,35.6,0.2,6.71,0.26,1,1,1
P03,DEMO-DEVICE-01,2026-10-03T14:00:35.800Z,35.8,0.2,6.72,0.24,1,1,1
P03,DEMO-DEVICE-01,2026-10-03T14:00:36.000Z,36,0.2,6.72,0.24,1,1,1
P03,DEMO-DEVICE-01,2026-10-03T14:00:36.200Z,36.2,0.2,6.73,0.24,1,1,1
P03,DEMO-DEVICE-01,2026-10-03T14:00:36.400Z,36.4,0.2,6.74,0.25,1,1,1
P03,DEMO-DEVICE-01,2026-10-03T14:00:36.600Z,36.6,0.2,6.75,0.27,1,1,1
P03,DEMO-DEVICE-01,2026-10-03T14:00:36.800Z,36.8,0.2,6.76,0.28,1,1,1
P03,DEMO-DEVICE-01,2026-10-03T14:00:37.000Z,37,0.2,6.77,0.3,1,1,1
P03,DEMO-DEVICE-01,2026-10-03T14:00:37.200Z,37.2,0.2,6.78,0.32,1,1,1
P03,DEMO-DEVICE-01,2026-10-03T14:00:37.400Z,37.4,0.2,6.79,0.34,1,1,1
P03,DEMO-DEVICE-01,2026-10-03T14:00:37.600Z,37.6,0.2,6.8,0.35,1,1,1
P03,DEMO-DEVICE-01,2026-10-03T14:00:37.800Z,37.8,0.2,6.81,0.36,1,1,1
P03,DEMO-DEVICE-01,2026-10-03T14:00:38.000Z,38,0.2,6.81,0.36,1,1,1
P03,DEMO-DEVICE-01,2026-10-03T14:00:38.200Z,38.2,0.2,6.82,0.35,1,1,1
P03,DEMO-DEVICE-01,2026-10-03T14:00:38.400Z,38.4,0.2,6.83,0.34,1,1,1
P03,DEMO-DEVICE-01,2026-10-03T14:00:38.600Z,38.6,0.2,6.84,0.32,1,1,1
P03,DEMO-DEVICE-01,2026-10-03T14:00:38.800Z,38.8,0.2,6.85,0.3,1,1,1
P03,DEMO-DEVICE-01,2026-10-03T14:00:39.000Z,39,0.2,6.86,0.28,1,1,1
P03,DEMO-DEVICE-01,2026-10-03T14:00:39.200Z,39.2,0.2,6.87,0.26,1,1,1
P03,DEMO-DEVICE-01,2026-10-03T14:00:39.400Z,39.4,0.2,6.88,0.25,1,1,1
P03,DEMO-DEVICE-01,2026-10-03T14:00:39.600Z,39.6,0.2,6.88,0.24,1,1,1
P03,DEMO-DEVICE-01,2026-10-03T14:00:39.800Z,39.8,0.2,6.89,0.24,1,1,1
P03,DEMO-DEVICE-01,2026-10-03T14:00:40.000Z,40,0.2,6.89,0.25,1,1,1
P03,DEMO-DEVICE-01,2026-10-03T14:00:40.200Z,40.2,0.2,6.89,0.26,1,1,1
P03,DEMO-DEVICE-01,2026-10-03T14:00:40.400Z,40.4,0.2,6.9,0.27,1,1,1
P03,DEMO-DEVICE-01,2026-10-03T14:00:40.600Z,40.6,0.2,6.9,0.29,1,1,1
P03,DEMO-DEVICE-01,2026-10-03T14:00:40.800Z,40.8,0.2,6.9,0.31,1,1,1
P03,DEMO-DEVICE-01,2026-10-03T14:00:41.000Z,41,0.2,6.9,0.33,1,1,1
P03,DEMO-DEVICE-01,2026-10-03T14:00:41.200Z,41.2,0.2,6.9,0.35,1,1,1
P03,DEMO-DEVICE-01,2026-10-03T14:00:41.400Z,41.4,0.2,6.9,0.36,1,1,1
P03,DEMO-DEVICE-01,2026-10-03T14:00:41.600Z,41.6,0.2,6.89,0.36,1,1,1
P03,DEMO-DEVICE-01,2026-10-03T14:00:41.800Z,41.8,0.2,6.89,0.36,1,1,1
P03,DEMO-DEVICE-01,2026-10-03T14:00:42.000Z,42,0.2,6.88,0.35,1,1,1
P03,DEMO-DEVICE-01,2026-10-03T14:00:42.200Z,42.2,0.2,6.88,0.33,1,1,1
P03,DEMO-DEVICE-01,2026-10-03T14:00:42.400Z,42.4,0.2,6.87,0.31,1,1,1
P03,DEMO-DEVICE-01,2026-10-03T14:00:42.600Z,42.6,0.2,6.86,0.29,1,1,1
P03,DEMO-DEVICE-01,2026-10-03T14:00:42.800Z,42.8,0.2,6.86,0.27,1,1,1
P03,DEMO-DEVICE-01,2026-10-03T14:00:43.000Z,43,0.2,6.85,0.26,1,1,1
P03,DEMO-DEVICE-01,2026-10-03T14:00:43.200Z,43.2,0.2,6.84,0.24,1,1,1
P03,DEMO-DEVICE-01,2026-10-03T14:00:43.400Z,43.4,0.2,6.83,0.24,1,1,1
P03,DEMO-DEVICE-01,2026-10-03T14:00:43.600Z,43.6,0.2,6.82,0.24,1,1,1
P03,DEMO-DEVICE-01,2026-10-03T14:00:43.800Z,43.8,0.2,6.81,0.25,1,1,1
P03,DEMO-DEVICE-01,2026-10-03T14:00:44.000Z,44,0.2,6.8,0.27,1,1,1
P03,DEMO-DEVICE-01,2026-10-03T14:00:44.200Z,44.2,0.2,6.79,0.28,1,1,1
P03,DEMO-DEVICE-01,2026-10-03T14:00:44.400Z,44.4,0.2,6.78,0.3,1,1,1
P03,DEMO-DEVICE-01,2026-10-03T14:00:44.600Z,44.6,0.2,6.77,0.32,1,1,1
P03,DEMO-DEVICE-01,2026-10-03T14:00:44.800Z,44.8,0.2,6.76,0.34,1,1,1
P04,DEMO-DEVICE-01,2026-10-03T15:00:00.000Z,0,0.2,6.2,0.3,1,1,1
P04,DEMO-DEVICE-01,2026-10-03T15:00:00.200Z,0.2,0.2,6.21,0.32,1,1,1
P04,DEMO-DEVICE-01,2026-10-03T15:00:00.400Z,0.4,0.2,6.22,0.34,1,1,1
P04,DEMO-DEVICE-01,2026-10-03T15:00:00.600Z,0.6,0.2,6.23,0.35,1,1,1
P04,DEMO-DEVICE-01,2026-10-03T15:00:00.800Z,0.8,0.2,6.24,0.36,1,1,1
P04,DEMO-DEVICE-01,2026-10-03T15:00:01.000Z,1,0.2,6.25,0.36,1,1,1
P04,DEMO-DEVICE-01,2026-10-03T15:00:01.200Z,1.2,0.2,6.26,0.35,1,1,1
P04,DEMO-DEVICE-01,2026-10-03T15:00:01.400Z,1.4,0.2,6.26,0.34,1,1,1
P04,DEMO-DEVICE-01,2026-10-03T15:00:01.600Z,1.6,0.2,6.27,0.32,1,1,1
P04,DEMO-DEVICE-01,2026-10-03T15:00:01.800Z,1.8,0.2,6.28,0.3,1,1,1
P04,DEMO-DEVICE-01,2026-10-03T15:00:02.000Z,2,0.2,6.28,0.28,1,1,1
P04,DEMO-DEVICE-01,2026-10-03T15:00:02.200Z,2.2,0.2,6.29,0.27,1,1,1
P04,DEMO-DEVICE-01,2026-10-03T15:00:02.400Z,2.4,0.2,6.29,0.25,1,1,1
P04,DEMO-DEVICE-01,2026-10-03T15:00:02.600Z,2.6,0.2,6.3,0.24,1,1,1
P04,DEMO-DEVICE-01,2026-10-03T15:00:02.800Z,2.8,0.2,6.3,0.24,1,1,1
P04,DEMO-DEVICE-01,2026-10-03T15:00:03.000Z,3,0.2,6.3,0.24,1,1,1
P04,DEMO-DEVICE-01,2026-10-03T15:00:03.200Z,3.2,0.2,6.3,0.26,1,1,1
P04,DEMO-DEVICE-01,2026-10-03T15:00:03.400Z,3.4,0.2,6.3,0.27,1,1,1
P04,DEMO-DEVICE-01,2026-10-03T15:00:03.600Z,3.6,0.2,6.3,0.29,1,1,1
P04,DEMO-DEVICE-01,2026-10-03T15:00:03.800Z,3.8,0.2,6.29,0.31,1,1,1
P04,DEMO-DEVICE-01,2026-10-03T15:00:04.000Z,4,0.2,6.29,0.33,1,1,1
P04,DEMO-DEVICE-01,2026-10-03T15:00:04.200Z,4.2,0.2,6.29,0.35,1,1,1
P04,DEMO-DEVICE-01,2026-10-03T15:00:04.400Z,4.4,0.2,6.28,0.36,1,1,1
P04,DEMO-DEVICE-01,2026-10-03T15:00:04.600Z,4.6,0.2,6.27,0.36,1,1,1
P04,DEMO-DEVICE-01,2026-10-03T15:00:04.800Z,4.8,0.2,6.27,0.36,1,1,1
P04,DEMO-DEVICE-01,2026-10-03T15:00:05.000Z,5,0.2,6.26,0.35,1,1,1
P04,DEMO-DEVICE-01,2026-10-03T15:00:05.200Z,5.2,0.2,6.25,0.33,1,1,1
P04,DEMO-DEVICE-01,2026-10-03T15:00:05.400Z,5.4,0.2,6.24,0.31,1,1,1
P04,DEMO-DEVICE-01,2026-10-03T15:00:05.600Z,5.6,0.2,6.23,0.29,1,1,1
P04,DEMO-DEVICE-01,2026-10-03T15:00:05.800Z,5.8,0.2,6.22,0.27,1,1,1
P04,DEMO-DEVICE-01,2026-10-03T15:00:06.000Z,6,0.2,6.21,0.26,1,1,1
P04,DEMO-DEVICE-01,2026-10-03T15:00:06.200Z,6.2,0.2,6.2,0.25,1,1,1
P04,DEMO-DEVICE-01,2026-10-03T15:00:06.400Z,6.4,0.2,6.19,0.24,1,1,1
P04,DEMO-DEVICE-01,2026-10-03T15:00:06.600Z,6.6,0.2,6.18,0.24,1,1,1
P04,DEMO-DEVICE-01,2026-10-03T15:00:06.800Z,6.8,0.2,6.17,0.25,1,1,1
P04,DEMO-DEVICE-01,2026-10-03T15:00:07.000Z,7,0.2,6.16,0.26,1,1,1
P04,DEMO-DEVICE-01,2026-10-03T15:00:07.200Z,7.2,0.2,6.16,0.28,1,1,1
P04,DEMO-DEVICE-01,2026-10-03T15:00:07.400Z,7.4,0.2,6.15,0.3,1,1,1
P04,DEMO-DEVICE-01,2026-10-03T15:00:07.600Z,7.6,0.2,6.14,0.32,1,1,1
P04,DEMO-DEVICE-01,2026-10-03T15:00:07.800Z,7.8,0.2,6.13,0.34,1,1,1
P04,DEMO-DEVICE-01,2026-10-03T15:00:08.000Z,8,0.2,6.12,0.35,1,1,1
P04,DEMO-DEVICE-01,2026-10-03T15:00:08.200Z,8.2,0.2,6.12,0.36,1,1,1
P04,DEMO-DEVICE-01,2026-10-03T15:00:08.400Z,8.4,0.2,6.11,0.36,1,1,1
P04,DEMO-DEVICE-01,2026-10-03T15:00:08.600Z,8.6,0.2,6.11,0.35,1,1,1
P04,DEMO-DEVICE-01,2026-10-03T15:00:08.800Z,8.8,0.2,6.1,0.34,1,1,1
P04,DEMO-DEVICE-01,2026-10-03T15:00:09.000Z,9,0.2,6.1,0.32,1,1,1
P04,DEMO-DEVICE-01,2026-10-03T15:00:09.200Z,9.2,0.2,6.1,0.3,1,1,1
P04,DEMO-DEVICE-01,2026-10-03T15:00:09.400Z,9.4,0.2,6.1,0.28,1,1,1
P04,DEMO-DEVICE-01,2026-10-03T15:00:09.600Z,9.6,0.2,6.1,0.27,1,1,1
P04,DEMO-DEVICE-01,2026-10-03T15:00:09.800Z,9.8,0.2,6.1,0.25,1,1,1
P04,DEMO-DEVICE-01,2026-10-03T15:00:10.000Z,10,0.2,6.1,0.24,1,1,1
P04,DEMO-DEVICE-01,2026-10-03T15:00:10.200Z,10.2,0.2,6.11,0.24,1,1,1
P04,DEMO-DEVICE-01,2026-10-03T15:00:10.400Z,10.4,0.2,6.11,0.24,1,1,1
P04,DEMO-DEVICE-01,2026-10-03T15:00:10.600Z,10.6,0.2,6.12,0.26,1,1,1
P04,DEMO-DEVICE-01,2026-10-03T15:00:10.800Z,10.8,0.2,6.12,0.27,1,1,1
P04,DEMO-DEVICE-01,2026-10-03T15:00:11.000Z,11,0.2,6.13,0.29,1,1,1
P04,DEMO-DEVICE-01,2026-10-03T15:00:11.200Z,11.2,0.2,6.14,0.31,1,1,1
P04,DEMO-DEVICE-01,2026-10-03T15:00:11.400Z,11.4,0.2,6.14,0.33,1,1,1
P04,DEMO-DEVICE-01,2026-10-03T15:00:11.600Z,11.6,0.2,6.15,0.35,1,1,1
P04,DEMO-DEVICE-01,2026-10-03T15:00:11.800Z,11.8,0.2,6.16,0.36,1,1,1
P04,DEMO-DEVICE-01,2026-10-03T15:00:12.000Z,12,0.2,6.17,0.36,1,1,1
P04,DEMO-DEVICE-01,2026-10-03T15:00:12.200Z,12.2,0.2,6.18,0.36,1,1,1
P04,DEMO-DEVICE-01,2026-10-03T15:00:12.400Z,12.4,0.2,6.19,0.35,1,1,1
P04,DEMO-DEVICE-01,2026-10-03T15:00:12.600Z,12.6,0.2,6.2,0.33,1,1,1
P04,DEMO-DEVICE-01,2026-10-03T15:00:12.800Z,12.8,0.2,6.21,0.31,1,1,1
P04,DEMO-DEVICE-01,2026-10-03T15:00:13.000Z,13,0.2,6.22,0.29,1,1,1
P04,DEMO-DEVICE-01,2026-10-03T15:00:13.200Z,13.2,0.2,6.23,0.27,1,1,1
P04,DEMO-DEVICE-01,2026-10-03T15:00:13.400Z,13.4,0.2,6.24,0.26,1,1,1
P04,DEMO-DEVICE-01,2026-10-03T15:00:13.600Z,13.6,0.2,6.25,0.25,1,1,1
P04,DEMO-DEVICE-01,2026-10-03T15:00:13.800Z,13.8,0.2,6.26,0.24,1,1,1
P04,DEMO-DEVICE-01,2026-10-03T15:00:14.000Z,14,0.2,6.27,0.24,1,1,1
P04,DEMO-DEVICE-01,2026-10-03T15:00:14.200Z,14.2,0.2,6.27,0.25,1,1,1
P04,DEMO-DEVICE-01,2026-10-03T15:00:14.400Z,14.4,0.2,6.28,0.26,1,1,1
P04,DEMO-DEVICE-01,2026-10-03T15:00:14.600Z,14.6,0.2,6.29,0.28,1,1,1
P04,DEMO-DEVICE-01,2026-10-03T15:00:14.800Z,14.8,0.2,6.29,0.3,1,1,1
P04,DEMO-DEVICE-01,2026-10-03T15:00:15.000Z,15,0.2,6.29,0.32,1,1,1
P04,DEMO-DEVICE-01,2026-10-03T15:00:15.200Z,15.2,0.2,6.3,0.34,1,1,1
P04,DEMO-DEVICE-01,2026-10-03T15:00:15.400Z,15.4,0.2,6.3,0.35,1,1,1
P04,DEMO-DEVICE-01,2026-10-03T15:00:15.600Z,15.6,0.2,6.3,0.36,1,1,1
P04,DEMO-DEVICE-01,2026-10-03T15:00:15.800Z,15.8,0.2,6.3,0.36,1,1,1
P04,DEMO-DEVICE-01,2026-10-03T15:00:16.000Z,16,0.2,6.3,0.35,1,1,1
P04,DEMO-DEVICE-01,2026-10-03T15:00:16.200Z,16.2,0.2,6.3,0.34,1,1,1
P04,DEMO-DEVICE-01,2026-10-03T15:00:16.400Z,16.4,0.2,6.29,0.32,1,1,1
P04,DEMO-DEVICE-01,2026-10-03T15:00:16.600Z,16.6,0.2,6.29,0.3,1,1,1
P04,DEMO-DEVICE-01,2026-10-03T15:00:16.800Z,16.8,0.2,6.29,0.28,1,1,1
P04,DEMO-DEVICE-01,2026-10-03T15:00:17.000Z,17,0.2,6.28,0.26,1,1,1
P04,DEMO-DEVICE-01,2026-10-03T15:00:17.200Z,17.2,0.2,6.27,0.25,1,1,1
P04,DEMO-DEVICE-01,2026-10-03T15:00:17.400Z,17.4,0.2,6.27,0.24,1,1,1
P04,DEMO-DEVICE-01,2026-10-03T15:00:17.600Z,17.6,0.2,6.26,0.24,1,1,1
P04,DEMO-DEVICE-01,2026-10-03T15:00:17.800Z,17.8,0.2,6.25,0.25,1,1,1
P04,DEMO-DEVICE-01,2026-10-03T15:00:18.000Z,18,0.2,6.24,0.26,1,1,1
P04,DEMO-DEVICE-01,2026-10-03T15:00:18.200Z,18.2,0.2,6.23,0.27,1,1,1
P04,DEMO-DEVICE-01,2026-10-03T15:00:18.400Z,18.4,0.2,6.22,0.29,1,1,1
P04,DEMO-DEVICE-01,2026-10-03T15:00:18.600Z,18.6,0.2,6.21,0.31,1,1,1
P04,DEMO-DEVICE-01,2026-10-03T15:00:18.800Z,18.8,0.2,6.2,0.33,1,1,1
P04,DEMO-DEVICE-01,2026-10-03T15:00:19.000Z,19,0.2,6.19,0.35,1,1,1
P04,DEMO-DEVICE-01,2026-10-03T15:00:19.200Z,19.2,0.2,6.18,0.36,1,1,1
P04,DEMO-DEVICE-01,2026-10-03T15:00:19.400Z,19.4,0.2,6.17,0.36,1,1,1
P04,DEMO-DEVICE-01,2026-10-03T15:00:19.600Z,19.6,0.2,6.16,0.36,1,1,1
P04,DEMO-DEVICE-01,2026-10-03T15:00:19.800Z,19.8,0.2,6.15,0.35,1,1,1
P04,DEMO-DEVICE-01,2026-10-03T15:00:20.000Z,20,0.2,6.15,0.33,1,1,1
P04,DEMO-DEVICE-01,2026-10-03T15:00:20.200Z,20.2,0.2,6.14,0.31,1,1,1
P04,DEMO-DEVICE-01,2026-10-03T15:00:20.400Z,20.4,0.2,6.13,0.29,1,1,1
P04,DEMO-DEVICE-01,2026-10-03T15:00:20.600Z,20.6,0.2,6.12,0.27,1,1,1
P04,DEMO-DEVICE-01,2026-10-03T15:00:20.800Z,20.8,0.2,6.12,0.26,1,1,1
P04,DEMO-DEVICE-01,2026-10-03T15:00:21.000Z,21,0.2,6.11,0.25,1,1,1
P04,DEMO-DEVICE-01,2026-10-03T15:00:21.200Z,21.2,0.2,6.11,0.24,1,1,1
P04,DEMO-DEVICE-01,2026-10-03T15:00:21.400Z,21.4,0.2,6.1,0.24,1,1,1
P04,DEMO-DEVICE-01,2026-10-03T15:00:21.600Z,21.6,0.2,6.1,0.25,1,1,1
P04,DEMO-DEVICE-01,2026-10-03T15:00:21.800Z,21.8,0.2,6.1,0.26,1,1,1
P04,DEMO-DEVICE-01,2026-10-03T15:00:22.000Z,22,0.2,6.1,0.28,1,1,1
P04,DEMO-DEVICE-01,2026-10-03T15:00:22.200Z,22.2,0.2,6.1,0.3,1,1,1
P04,DEMO-DEVICE-01,2026-10-03T15:00:22.400Z,22.4,0.2,6.1,0.32,1,1,1
P04,DEMO-DEVICE-01,2026-10-03T15:00:22.600Z,22.6,0.2,6.1,0.34,1,1,1
P04,DEMO-DEVICE-01,2026-10-03T15:00:22.800Z,22.8,0.2,6.11,0.35,1,1,1
P04,DEMO-DEVICE-01,2026-10-03T15:00:23.000Z,23,0.2,6.11,0.36,1,1,1
P04,DEMO-DEVICE-01,2026-10-03T15:00:23.200Z,23.2,0.2,6.12,0.36,1,1,1
P04,DEMO-DEVICE-01,2026-10-03T15:00:23.400Z,23.4,0.2,6.12,0.35,1,1,1
P04,DEMO-DEVICE-01,2026-10-03T15:00:23.600Z,23.6,0.2,6.13,0.34,1,1,1
P04,DEMO-DEVICE-01,2026-10-03T15:00:23.800Z,23.8,0.2,6.14,0.32,1,1,1
P04,DEMO-DEVICE-01,2026-10-03T15:00:24.000Z,24,0.2,6.15,0.3,1,1,1
P04,DEMO-DEVICE-01,2026-10-03T15:00:24.200Z,24.2,0.2,6.16,0.28,1,1,1
P04,DEMO-DEVICE-01,2026-10-03T15:00:24.400Z,24.4,0.2,6.16,0.26,1,1,1
P04,DEMO-DEVICE-01,2026-10-03T15:00:24.600Z,24.6,0.2,6.17,0.25,1,1,1
P04,DEMO-DEVICE-01,2026-10-03T15:00:24.800Z,24.8,0.2,6.18,0.24,1,1,1
P04,DEMO-DEVICE-01,2026-10-03T15:00:25.000Z,25,0.2,6.19,0.24,1,1,1
P04,DEMO-DEVICE-01,2026-10-03T15:00:25.200Z,25.2,0.2,6.2,0.25,1,1,1
P04,DEMO-DEVICE-01,2026-10-03T15:00:25.400Z,25.4,0.2,6.21,0.26,1,1,1
P04,DEMO-DEVICE-01,2026-10-03T15:00:25.600Z,25.6,0.2,6.22,0.27,1,1,1
P04,DEMO-DEVICE-01,2026-10-03T15:00:25.800Z,25.8,0.2,6.23,0.29,1,1,1
P04,DEMO-DEVICE-01,2026-10-03T15:00:26.000Z,26,0.2,6.24,0.31,1,1,1
P04,DEMO-DEVICE-01,2026-10-03T15:00:26.200Z,26.2,0.2,6.25,0.33,1,1,1
P04,DEMO-DEVICE-01,2026-10-03T15:00:26.400Z,26.4,0.2,6.26,0.35,1,1,1
P04,DEMO-DEVICE-01,2026-10-03T15:00:26.600Z,26.6,0.2,6.27,0.36,1,1,1
P04,DEMO-DEVICE-01,2026-10-03T15:00:26.800Z,26.8,0.2,6.27,0.36,1,1,1
P04,DEMO-DEVICE-01,2026-10-03T15:00:27.000Z,27,0.2,6.28,0.36,1,1,1
P04,DEMO-DEVICE-01,2026-10-03T15:00:27.200Z,27.2,0.2,6.29,0.35,1,1,1
P04,DEMO-DEVICE-01,2026-10-03T15:00:27.400Z,27.4,0.2,6.29,0.33,1,1,1
P04,DEMO-DEVICE-01,2026-10-03T15:00:27.600Z,27.6,0.2,6.29,0.31,1,1,1
P04,DEMO-DEVICE-01,2026-10-03T15:00:27.800Z,27.8,0.2,6.3,0.29,1,1,1
P04,DEMO-DEVICE-01,2026-10-03T15:00:28.000Z,28,0.2,6.3,0.27,1,1,1
P04,DEMO-DEVICE-01,2026-10-03T15:00:28.200Z,28.2,0.2,6.3,0.26,1,1,1
P04,DEMO-DEVICE-01,2026-10-03T15:00:28.400Z,28.4,0.2,6.3,0.25,1,1,1
P04,DEMO-DEVICE-01,2026-10-03T15:00:28.600Z,28.6,0.2,6.3,0.24,1,1,1
P04,DEMO-DEVICE-01,2026-10-03T15:00:28.800Z,28.8,0.2,6.3,0.24,1,1,1
P04,DEMO-DEVICE-01,2026-10-03T15:00:29.000Z,29,0.2,6.29,0.25,1,1,1
P04,DEMO-DEVICE-01,2026-10-03T15:00:29.200Z,29.2,0.2,6.29,0.26,1,1,1
P04,DEMO-DEVICE-01,2026-10-03T15:00:29.400Z,29.4,0.2,6.28,0.28,1,1,1
P04,DEMO-DEVICE-01,2026-10-03T15:00:29.600Z,29.6,0.2,6.28,0.3,1,1,1
P04,DEMO-DEVICE-01,2026-10-03T15:00:29.800Z,29.8,0.2,6.27,0.32,1,1,1
P04,DEMO-DEVICE-01,2026-10-03T15:00:30.000Z,30,0.2,6.27,0.34,1,1,1
P04,DEMO-DEVICE-01,2026-10-03T15:00:30.200Z,30.2,0.2,6.26,0.35,1,1,1
P04,DEMO-DEVICE-01,2026-10-03T15:00:30.400Z,30.4,0.2,6.25,0.36,1,1,1
P04,DEMO-DEVICE-01,2026-10-03T15:00:30.600Z,30.6,0.2,6.24,0.36,1,1,1
P04,DEMO-DEVICE-01,2026-10-03T15:00:30.800Z,30.8,0.2,6.23,0.35,1,1,1
P04,DEMO-DEVICE-01,2026-10-03T15:00:31.000Z,31,0.2,6.22,0.34,1,1,1
P04,DEMO-DEVICE-01,2026-10-03T15:00:31.200Z,31.2,0.2,6.21,0.32,1,1,1
P04,DEMO-DEVICE-01,2026-10-03T15:00:31.400Z,31.4,0.2,6.2,0.3,1,1,1
P04,DEMO-DEVICE-01,2026-10-03T15:00:31.600Z,31.6,0.2,6.19,0.28,1,1,1
P04,DEMO-DEVICE-01,2026-10-03T15:00:31.800Z,31.8,0.2,6.18,0.26,1,1,1
P04,DEMO-DEVICE-01,2026-10-03T15:00:32.000Z,32,0.2,6.17,0.25,1,1,1
P04,DEMO-DEVICE-01,2026-10-03T15:00:32.200Z,32.2,0.2,6.16,0.24,1,1,1
P04,DEMO-DEVICE-01,2026-10-03T15:00:32.400Z,32.4,0.2,6.15,0.24,1,1,1
P04,DEMO-DEVICE-01,2026-10-03T15:00:32.600Z,32.6,0.2,6.14,0.25,1,1,1
P04,DEMO-DEVICE-01,2026-10-03T15:00:32.800Z,32.8,0.2,6.14,0.26,1,1,1
P04,DEMO-DEVICE-01,2026-10-03T15:00:33.000Z,33,0.2,6.13,0.27,1,1,1
P04,DEMO-DEVICE-01,2026-10-03T15:00:33.200Z,33.2,0.2,6.12,0.29,1,1,1
P04,DEMO-DEVICE-01,2026-10-03T15:00:33.400Z,33.4,0.2,6.12,0.31,1,1,1
P04,DEMO-DEVICE-01,2026-10-03T15:00:33.600Z,33.6,0.2,6.11,0.33,1,1,1
P04,DEMO-DEVICE-01,2026-10-03T15:00:33.800Z,33.8,0.2,6.11,0.35,1,1,1
P04,DEMO-DEVICE-01,2026-10-03T15:00:34.000Z,34,0.2,6.1,0.36,1,1,1
P04,DEMO-DEVICE-01,2026-10-03T15:00:34.200Z,34.2,0.2,6.1,0.36,1,1,1
P04,DEMO-DEVICE-01,2026-10-03T15:00:34.400Z,34.4,0.2,6.1,0.36,1,1,1
P04,DEMO-DEVICE-01,2026-10-03T15:00:34.600Z,34.6,0.2,6.1,0.35,1,1,1
P04,DEMO-DEVICE-01,2026-10-03T15:00:34.800Z,34.8,0.2,6.1,0.33,1,1,1
P04,DEMO-DEVICE-01,2026-10-03T15:00:35.000Z,35,0.2,6.1,0.31,1,1,1
P04,DEMO-DEVICE-01,2026-10-03T15:00:35.200Z,35.2,0.2,6.11,0.29,1,1,1
P04,DEMO-DEVICE-01,2026-10-03T15:00:35.400Z,35.4,0.2,6.11,0.27,1,1,1
P04,DEMO-DEVICE-01,2026-10-03T15:00:35.600Z,35.6,0.2,6.11,0.26,1,1,1
P04,DEMO-DEVICE-01,2026-10-03T15:00:35.800Z,35.8,0.2,6.12,0.24,1,1,1
P04,DEMO-DEVICE-01,2026-10-03T15:00:36.000Z,36,0.2,6.12,0.24,1,1,1
P04,DEMO-DEVICE-01,2026-10-03T15:00:36.200Z,36.2,0.2,6.13,0.24,1,1,1
P04,DEMO-DEVICE-01,2026-10-03T15:00:36.400Z,36.4,0.2,6.14,0.25,1,1,1
P04,DEMO-DEVICE-01,2026-10-03T15:00:36.600Z,36.6,0.2,6.15,0.27,1,1,1
P04,DEMO-DEVICE-01,2026-10-03T15:00:36.800Z,36.8,0.2,6.16,0.28,1,1,1
P04,DEMO-DEVICE-01,2026-10-03T15:00:37.000Z,37,0.2,6.17,0.3,1,1,1
P04,DEMO-DEVICE-01,2026-10-03T15:00:37.200Z,37.2,0.2,6.18,0.32,1,1,1
P04,DEMO-DEVICE-01,2026-10-03T15:00:37.400Z,37.4,0.2,6.19,0.34,1,1,1
P04,DEMO-DEVICE-01,2026-10-03T15:00:37.600Z,37.6,0.2,6.2,0.35,1,1,1
P04,DEMO-DEVICE-01,2026-10-03T15:00:37.800Z,37.8,0.2,6.21,0.36,1,1,1
P04,DEMO-DEVICE-01,2026-10-03T15:00:38.000Z,38,0.2,6.21,0.36,1,1,1
P04,DEMO-DEVICE-01,2026-10-03T15:00:38.200Z,38.2,0.2,6.22,0.35,1,1,1
P04,DEMO-DEVICE-01,2026-10-03T15:00:38.400Z,38.4,0.2,6.23,0.34,1,1,1
P04,DEMO-DEVICE-01,2026-10-03T15:00:38.600Z,38.6,0.2,6.24,0.32,1,1,1
P04,DEMO-DEVICE-01,2026-10-03T15:00:38.800Z,38.8,0.2,6.25,0.3,1,1,1
P04,DEMO-DEVICE-01,2026-10-03T15:00:39.000Z,39,0.2,6.26,0.28,1,1,1
P04,DEMO-DEVICE-01,2026-10-03T15:00:39.200Z,39.2,0.2,6.27,0.26,1,1,1
P04,DEMO-DEVICE-01,2026-10-03T15:00:39.400Z,39.4,0.2,6.28,0.25,1,1,1
P04,DEMO-DEVICE-01,2026-10-03T15:00:39.600Z,39.6,0.2,6.28,0.24,1,1,1
P04,DEMO-DEVICE-01,2026-10-03T15:00:39.800Z,39.8,0.2,6.29,0.24,1,1,1
P04,DEMO-DEVICE-01,2026-10-03T15:00:40.000Z,40,0.2,6.29,0.25,1,1,1
P04,DEMO-DEVICE-01,2026-10-03T15:00:40.200Z,40.2,0.2,6.29,0.26,1,1,1
P04,DEMO-DEVICE-01,2026-10-03T15:00:40.400Z,40.4,0.2,6.3,0.27,1,1,1
P04,DEMO-DEVICE-01,2026-10-03T15:00:40.600Z,40.6,0.2,6.3,0.29,1,1,1
P04,DEMO-DEVICE-01,2026-10-03T15:00:40.800Z,40.8,0.2,6.3,0.31,1,1,1
P04,DEMO-DEVICE-01,2026-10-03T15:00:41.000Z,41,0.2,6.3,0.33,1,1,1
P04,DEMO-DEVICE-01,2026-10-03T15:00:41.200Z,41.2,0.2,6.3,0.35,1,1,1
P04,DEMO-DEVICE-01,2026-10-03T15:00:41.400Z,41.4,0.2,6.3,0.36,1,1,1
P04,DEMO-DEVICE-01,2026-10-03T15:00:41.600Z,41.6,0.2,6.29,0.36,1,1,1
P04,DEMO-DEVICE-01,2026-10-03T15:00:41.800Z,41.8,0.2,6.29,0.36,1,1,1
P04,DEMO-DEVICE-01,2026-10-03T15:00:42.000Z,42,0.2,6.28,0.35,1,1,1
P04,DEMO-DEVICE-01,2026-10-03T15:00:42.200Z,42.2,0.2,6.28,0.33,1,1,1
P04,DEMO-DEVICE-01,2026-10-03T15:00:42.400Z,42.4,0.2,6.27,0.31,1,1,1
P04,DEMO-DEVICE-01,2026-10-03T15:00:42.600Z,42.6,0.2,6.26,0.29,1,1,1
P04,DEMO-DEVICE-01,2026-10-03T15:00:42.800Z,42.8,0.2,6.26,0.27,1,1,1
P04,DEMO-DEVICE-01,2026-10-03T15:00:43.000Z,43,0.2,6.25,0.26,1,1,1
P04,DEMO-DEVICE-01,2026-10-03T15:00:43.200Z,43.2,0.2,6.24,0.24,1,1,1
P04,DEMO-DEVICE-01,2026-10-03T15:00:43.400Z,43.4,0.2,6.23,0.24,1,1,1
P04,DEMO-DEVICE-01,2026-10-03T15:00:43.600Z,43.6,0.2,6.22,0.24,1,1,1
P04,DEMO-DEVICE-01,2026-10-03T15:00:43.800Z,43.8,0.2,6.21,0.25,1,1,1
P04,DEMO-DEVICE-01,2026-10-03T15:00:44.000Z,44,0.2,6.2,0.27,1,1,1
P04,DEMO-DEVICE-01,2026-10-03T15:00:44.200Z,44.2,0.2,6.19,0.28,1,1,1
P04,DEMO-DEVICE-01,2026-10-03T15:00:44.400Z,44.4,0.2,6.18,0.3,1,1,1
P04,DEMO-DEVICE-01,2026-10-03T15:00:44.600Z,44.6,0.2,6.17,0.32,1,1,1
P04,DEMO-DEVICE-01,2026-10-03T15:00:44.800Z,44.8,0.2,6.16,0.34,1,1,1
P05,DEMO-DEVICE-01,2026-10-03T16:00:00.000Z,0,0.2,3.2,0.3,1,1,1
P05,DEMO-DEVICE-01,2026-10-03T16:00:00.200Z,0.2,0.2,3.21,0.32,1,1,1
P05,DEMO-DEVICE-01,2026-10-03T16:00:00.400Z,0.4,0.2,3.22,0.34,1,1,1
P05,DEMO-DEVICE-01,2026-10-03T16:00:00.600Z,0.6,0.2,3.22,0.35,1,1,1
P05,DEMO-DEVICE-01,2026-10-03T16:00:00.800Z,0.8,0.2,3.23,0.36,1,1,1
P05,DEMO-DEVICE-01,2026-10-03T16:00:01.000Z,1,0.2,3.24,0.36,1,1,1
P05,DEMO-DEVICE-01,2026-10-03T16:00:01.200Z,1.2,0.2,3.25,0.35,1,1,1
P05,DEMO-DEVICE-01,2026-10-03T16:00:01.400Z,1.4,0.2,3.25,0.34,1,1,1
P05,DEMO-DEVICE-01,2026-10-03T16:00:01.600Z,1.6,0.2,3.26,0.32,1,1,1
P05,DEMO-DEVICE-01,2026-10-03T16:00:01.800Z,1.8,0.2,3.26,0.3,1,1,1
P05,DEMO-DEVICE-01,2026-10-03T16:00:02.000Z,2,0.2,3.27,0.28,1,1,1
P05,DEMO-DEVICE-01,2026-10-03T16:00:02.200Z,2.2,0.2,3.27,0.27,1,1,1
P05,DEMO-DEVICE-01,2026-10-03T16:00:02.400Z,2.4,0.2,3.27,0.25,1,1,1
P05,DEMO-DEVICE-01,2026-10-03T16:00:02.600Z,2.6,0.2,3.28,0.24,1,1,1
P05,DEMO-DEVICE-01,2026-10-03T16:00:02.800Z,2.8,0.2,3.28,0.24,1,1,1
P05,DEMO-DEVICE-01,2026-10-03T16:00:03.000Z,3,0.2,3.28,0.24,1,1,1
P05,DEMO-DEVICE-01,2026-10-03T16:00:03.200Z,3.2,0.2,3.28,0.26,1,1,1
P05,DEMO-DEVICE-01,2026-10-03T16:00:03.400Z,3.4,0.2,3.28,0.27,1,1,1
P05,DEMO-DEVICE-01,2026-10-03T16:00:03.600Z,3.6,0.2,3.28,0.29,1,1,1
P05,DEMO-DEVICE-01,2026-10-03T16:00:03.800Z,3.8,0.2,3.28,0.31,1,1,1
P05,DEMO-DEVICE-01,2026-10-03T16:00:04.000Z,4,0.2,3.27,0.33,1,1,1
P05,DEMO-DEVICE-01,2026-10-03T16:00:04.200Z,4.2,0.2,3.27,0.35,1,1,1
P05,DEMO-DEVICE-01,2026-10-03T16:00:04.400Z,4.4,0.2,3.26,0.36,1,1,1
P05,DEMO-DEVICE-01,2026-10-03T16:00:04.600Z,4.6,0.2,3.26,0.36,1,1,1
P05,DEMO-DEVICE-01,2026-10-03T16:00:04.800Z,4.8,0.2,3.25,0.36,1,1,1
P05,DEMO-DEVICE-01,2026-10-03T16:00:05.000Z,5,0.2,3.25,0.35,1,1,1
P05,DEMO-DEVICE-01,2026-10-03T16:00:05.200Z,5.2,0.2,3.24,0.33,1,1,1
P05,DEMO-DEVICE-01,2026-10-03T16:00:05.400Z,5.4,0.2,3.23,0.31,1,1,1
P05,DEMO-DEVICE-01,2026-10-03T16:00:05.600Z,5.6,0.2,3.23,0.29,1,1,1
P05,DEMO-DEVICE-01,2026-10-03T16:00:05.800Z,5.8,0.2,3.22,0.27,1,1,1
P05,DEMO-DEVICE-01,2026-10-03T16:00:06.000Z,6,0.2,3.21,0.26,1,1,1
P05,DEMO-DEVICE-01,2026-10-03T16:00:06.200Z,6.2,0.2,3.2,0.25,1,1,1
P05,DEMO-DEVICE-01,2026-10-03T16:00:06.400Z,6.4,0.2,3.2,0.24,1,1,1
P05,DEMO-DEVICE-01,2026-10-03T16:00:06.600Z,6.6,0.2,3.19,0.24,1,1,1
P05,DEMO-DEVICE-01,2026-10-03T16:00:06.800Z,6.8,0.2,3.18,0.25,1,1,1
P05,DEMO-DEVICE-01,2026-10-03T16:00:07.000Z,7,0.2,3.17,0.26,1,1,1
P05,DEMO-DEVICE-01,2026-10-03T16:00:07.200Z,7.2,0.2,3.16,0.28,1,1,1
P05,DEMO-DEVICE-01,2026-10-03T16:00:07.400Z,7.4,0.2,3.16,0.3,1,1,1
P05,DEMO-DEVICE-01,2026-10-03T16:00:07.600Z,7.6,0.2,3.15,0.32,1,1,1
P05,DEMO-DEVICE-01,2026-10-03T16:00:07.800Z,7.8,0.2,3.14,0.34,1,1,1
P05,DEMO-DEVICE-01,2026-10-03T16:00:08.000Z,8,0.2,3.14,0.35,1,1,1
P05,DEMO-DEVICE-01,2026-10-03T16:00:08.200Z,8.2,0.2,3.13,0.36,1,1,1
P05,DEMO-DEVICE-01,2026-10-03T16:00:08.400Z,8.4,0.2,3.13,0.36,1,1,1
P05,DEMO-DEVICE-01,2026-10-03T16:00:08.600Z,8.6,0.2,3.13,0.35,1,1,1
P05,DEMO-DEVICE-01,2026-10-03T16:00:08.800Z,8.8,0.2,3.12,0.34,1,1,1
P05,DEMO-DEVICE-01,2026-10-03T16:00:09.000Z,9,0.2,3.12,0.32,1,1,1
P05,DEMO-DEVICE-01,2026-10-03T16:00:09.200Z,9.2,0.2,3.12,0.3,1,1,1
P05,DEMO-DEVICE-01,2026-10-03T16:00:09.400Z,9.4,0.2,3.12,0.28,1,1,1
P05,DEMO-DEVICE-01,2026-10-03T16:00:09.600Z,9.6,0.2,3.12,0.27,1,1,1
P05,DEMO-DEVICE-01,2026-10-03T16:00:09.800Z,9.8,0.2,3.12,0.25,1,1,1
P05,DEMO-DEVICE-01,2026-10-03T16:00:10.000Z,10,0.2,3.12,0.24,1,1,1
P05,DEMO-DEVICE-01,2026-10-03T16:00:10.200Z,10.2,0.2,3.13,0.24,1,1,1
P05,DEMO-DEVICE-01,2026-10-03T16:00:10.400Z,10.4,0.2,3.13,0.24,1,1,1
P05,DEMO-DEVICE-01,2026-10-03T16:00:10.600Z,10.6,0.2,3.13,0.26,1,1,1
P05,DEMO-DEVICE-01,2026-10-03T16:00:10.800Z,10.8,0.2,3.14,0.27,1,1,1
P05,DEMO-DEVICE-01,2026-10-03T16:00:11.000Z,11,0.2,3.14,0.29,1,1,1
P05,DEMO-DEVICE-01,2026-10-03T16:00:11.200Z,11.2,0.2,3.15,0.31,1,1,1
P05,DEMO-DEVICE-01,2026-10-03T16:00:11.400Z,11.4,0.2,3.16,0.33,1,1,1
P05,DEMO-DEVICE-01,2026-10-03T16:00:11.600Z,11.6,0.2,3.16,0.35,1,1,1
P05,DEMO-DEVICE-01,2026-10-03T16:00:11.800Z,11.8,0.2,3.17,0.36,1,1,1
P05,DEMO-DEVICE-01,2026-10-03T16:00:12.000Z,12,0.2,3.18,0.36,1,1,1
P05,DEMO-DEVICE-01,2026-10-03T16:00:12.200Z,12.2,0.2,3.19,0.36,1,1,1
P05,DEMO-DEVICE-01,2026-10-03T16:00:12.400Z,12.4,0.2,3.19,0.35,1,1,1
P05,DEMO-DEVICE-01,2026-10-03T16:00:12.600Z,12.6,0.2,3.2,0.33,1,1,1
P05,DEMO-DEVICE-01,2026-10-03T16:00:12.800Z,12.8,0.2,3.21,0.31,1,1,1
P05,DEMO-DEVICE-01,2026-10-03T16:00:13.000Z,13,0.2,3.22,0.29,1,1,1
P05,DEMO-DEVICE-01,2026-10-03T16:00:13.200Z,13.2,0.2,3.22,0.27,1,1,1
P05,DEMO-DEVICE-01,2026-10-03T16:00:13.400Z,13.4,0.2,3.23,0.26,1,1,1
P05,DEMO-DEVICE-01,2026-10-03T16:00:13.600Z,13.6,0.2,3.24,0.25,1,1,1
P05,DEMO-DEVICE-01,2026-10-03T16:00:13.800Z,13.8,0.2,3.25,0.24,1,1,1
P05,DEMO-DEVICE-01,2026-10-03T16:00:14.000Z,14,0.2,3.25,0.24,1,1,1
P05,DEMO-DEVICE-01,2026-10-03T16:00:14.200Z,14.2,0.2,3.26,0.25,1,1,1
P05,DEMO-DEVICE-01,2026-10-03T16:00:14.400Z,14.4,0.2,3.26,0.26,1,1,1
P05,DEMO-DEVICE-01,2026-10-03T16:00:14.600Z,14.6,0.2,3.27,0.28,1,1,1
P05,DEMO-DEVICE-01,2026-10-03T16:00:14.800Z,14.8,0.2,3.27,0.3,1,1,1
P05,DEMO-DEVICE-01,2026-10-03T16:00:15.000Z,15,0.2,3.28,0.32,1,1,1
P05,DEMO-DEVICE-01,2026-10-03T16:00:15.200Z,15.2,0.2,3.28,0.34,1,1,1
P05,DEMO-DEVICE-01,2026-10-03T16:00:15.400Z,15.4,0.2,3.28,0.35,1,1,1
P05,DEMO-DEVICE-01,2026-10-03T16:00:15.600Z,15.6,0.2,3.28,0.36,1,1,1
P05,DEMO-DEVICE-01,2026-10-03T16:00:15.800Z,15.8,0.2,3.28,0.36,1,1,1
P05,DEMO-DEVICE-01,2026-10-03T16:00:16.000Z,16,0.2,3.28,0.35,1,1,1
P05,DEMO-DEVICE-01,2026-10-03T16:00:16.200Z,16.2,0.2,3.28,0.34,1,1,1
P05,DEMO-DEVICE-01,2026-10-03T16:00:16.400Z,16.4,0.2,3.28,0.32,1,1,1
P05,DEMO-DEVICE-01,2026-10-03T16:00:16.600Z,16.6,0.2,3.27,0.3,1,1,1
P05,DEMO-DEVICE-01,2026-10-03T16:00:16.800Z,16.8,0.2,3.27,0.28,1,1,1
P05,DEMO-DEVICE-01,2026-10-03T16:00:17.000Z,17,0.2,3.26,0.26,1,1,1
P05,DEMO-DEVICE-01,2026-10-03T16:00:17.200Z,17.2,0.2,3.26,0.25,1,1,1
P05,DEMO-DEVICE-01,2026-10-03T16:00:17.400Z,17.4,0.2,3.25,0.24,1,1,1
P05,DEMO-DEVICE-01,2026-10-03T16:00:17.600Z,17.6,0.2,3.25,0.24,1,1,1
P05,DEMO-DEVICE-01,2026-10-03T16:00:17.800Z,17.8,0.2,3.24,0.25,1,1,1
P05,DEMO-DEVICE-01,2026-10-03T16:00:18.000Z,18,0.2,3.23,0.26,1,1,1
P05,DEMO-DEVICE-01,2026-10-03T16:00:18.200Z,18.2,0.2,3.23,0.27,1,1,1
P05,DEMO-DEVICE-01,2026-10-03T16:00:18.400Z,18.4,0.2,3.22,0.29,1,1,1
P05,DEMO-DEVICE-01,2026-10-03T16:00:18.600Z,18.6,0.2,3.21,0.31,1,1,1
P05,DEMO-DEVICE-01,2026-10-03T16:00:18.800Z,18.8,0.2,3.2,0.33,1,1,1
P05,DEMO-DEVICE-01,2026-10-03T16:00:19.000Z,19,0.2,3.19,0.35,1,1,1
P05,DEMO-DEVICE-01,2026-10-03T16:00:19.200Z,19.2,0.2,3.19,0.36,1,1,1
P05,DEMO-DEVICE-01,2026-10-03T16:00:19.400Z,19.4,0.2,3.18,0.36,1,1,1
P05,DEMO-DEVICE-01,2026-10-03T16:00:19.600Z,19.6,0.2,3.17,0.36,1,1,1
P05,DEMO-DEVICE-01,2026-10-03T16:00:19.800Z,19.8,0.2,3.16,0.35,1,1,1
P05,DEMO-DEVICE-01,2026-10-03T16:00:20.000Z,20,0.2,3.16,0.33,1,1,1
P05,DEMO-DEVICE-01,2026-10-03T16:00:20.200Z,20.2,0.2,3.15,0.31,1,1,1
P05,DEMO-DEVICE-01,2026-10-03T16:00:20.400Z,20.4,0.2,3.14,0.29,1,1,1
P05,DEMO-DEVICE-01,2026-10-03T16:00:20.600Z,20.6,0.2,3.14,0.27,1,1,1
P05,DEMO-DEVICE-01,2026-10-03T16:00:20.800Z,20.8,0.2,3.13,0.26,1,1,1
P05,DEMO-DEVICE-01,2026-10-03T16:00:21.000Z,21,0.2,3.13,0.25,1,1,1
P05,DEMO-DEVICE-01,2026-10-03T16:00:21.200Z,21.2,0.2,3.13,0.24,1,1,1
P05,DEMO-DEVICE-01,2026-10-03T16:00:21.400Z,21.4,0.2,3.12,0.24,1,1,1
P05,DEMO-DEVICE-01,2026-10-03T16:00:21.600Z,21.6,0.2,3.12,0.25,1,1,1
P05,DEMO-DEVICE-01,2026-10-03T16:00:21.800Z,21.8,0.2,3.12,0.26,1,1,1
P05,DEMO-DEVICE-01,2026-10-03T16:00:22.000Z,22,0.2,3.12,0.28,1,1,1
P05,DEMO-DEVICE-01,2026-10-03T16:00:22.200Z,22.2,0.2,3.12,0.3,1,1,1
P05,DEMO-DEVICE-01,2026-10-03T16:00:22.400Z,22.4,0.2,3.12,0.32,1,1,1
P05,DEMO-DEVICE-01,2026-10-03T16:00:22.600Z,22.6,0.2,3.12,0.34,1,1,1
P05,DEMO-DEVICE-01,2026-10-03T16:00:22.800Z,22.8,0.2,3.13,0.35,1,1,1
P05,DEMO-DEVICE-01,2026-10-03T16:00:23.000Z,23,0.2,3.13,0.36,1,1,1
P05,DEMO-DEVICE-01,2026-10-03T16:00:23.200Z,23.2,0.2,3.13,0.36,1,1,1
P05,DEMO-DEVICE-01,2026-10-03T16:00:23.400Z,23.4,0.2,3.14,0.35,1,1,1
P05,DEMO-DEVICE-01,2026-10-03T16:00:23.600Z,23.6,0.2,3.14,0.34,1,1,1
P05,DEMO-DEVICE-01,2026-10-03T16:00:23.800Z,23.8,0.2,3.15,0.32,1,1,1
P05,DEMO-DEVICE-01,2026-10-03T16:00:24.000Z,24,0.2,3.16,0.3,1,1,1
P05,DEMO-DEVICE-01,2026-10-03T16:00:24.200Z,24.2,0.2,3.16,0.28,1,1,1
P05,DEMO-DEVICE-01,2026-10-03T16:00:24.400Z,24.4,0.2,3.17,0.26,1,1,1
P05,DEMO-DEVICE-01,2026-10-03T16:00:24.600Z,24.6,0.2,3.18,0.25,1,1,1
P05,DEMO-DEVICE-01,2026-10-03T16:00:24.800Z,24.8,0.2,3.19,0.24,1,1,1
P05,DEMO-DEVICE-01,2026-10-03T16:00:25.000Z,25,0.2,3.19,0.24,1,1,1
P05,DEMO-DEVICE-01,2026-10-03T16:00:25.200Z,25.2,0.2,3.2,0.25,1,1,1
P05,DEMO-DEVICE-01,2026-10-03T16:00:25.400Z,25.4,0.2,3.21,0.26,1,1,1
P05,DEMO-DEVICE-01,2026-10-03T16:00:25.600Z,25.6,0.2,3.22,0.27,1,1,1
P05,DEMO-DEVICE-01,2026-10-03T16:00:25.800Z,25.8,0.2,3.23,0.29,1,1,1
P05,DEMO-DEVICE-01,2026-10-03T16:00:26.000Z,26,0.2,3.23,0.31,1,1,1
P05,DEMO-DEVICE-01,2026-10-03T16:00:26.200Z,26.2,0.2,3.24,0.33,1,1,1
P05,DEMO-DEVICE-01,2026-10-03T16:00:26.400Z,26.4,0.2,3.25,0.35,1,1,1
P05,DEMO-DEVICE-01,2026-10-03T16:00:26.600Z,26.6,0.2,3.25,0.36,1,1,1
P05,DEMO-DEVICE-01,2026-10-03T16:00:26.800Z,26.8,0.2,3.26,0.36,1,1,1
P05,DEMO-DEVICE-01,2026-10-03T16:00:27.000Z,27,0.2,3.26,0.36,1,1,1
P05,DEMO-DEVICE-01,2026-10-03T16:00:27.200Z,27.2,0.2,3.27,0.35,1,1,1
P05,DEMO-DEVICE-01,2026-10-03T16:00:27.400Z,27.4,0.2,3.27,0.33,1,1,1
P05,DEMO-DEVICE-01,2026-10-03T16:00:27.600Z,27.6,0.2,3.28,0.31,1,1,1
P05,DEMO-DEVICE-01,2026-10-03T16:00:27.800Z,27.8,0.2,3.28,0.29,1,1,1
P05,DEMO-DEVICE-01,2026-10-03T16:00:28.000Z,28,0.2,3.28,0.27,1,1,1
P05,DEMO-DEVICE-01,2026-10-03T16:00:28.200Z,28.2,0.2,3.28,0.26,1,1,1
P05,DEMO-DEVICE-01,2026-10-03T16:00:28.400Z,28.4,0.2,3.28,0.25,1,1,1
P05,DEMO-DEVICE-01,2026-10-03T16:00:28.600Z,28.6,0.2,3.28,0.24,1,1,1
P05,DEMO-DEVICE-01,2026-10-03T16:00:28.800Z,28.8,0.2,3.28,0.24,1,1,1
P05,DEMO-DEVICE-01,2026-10-03T16:00:29.000Z,29,0.2,3.27,0.25,1,1,1
P05,DEMO-DEVICE-01,2026-10-03T16:00:29.200Z,29.2,0.2,3.27,0.26,1,1,1
P05,DEMO-DEVICE-01,2026-10-03T16:00:29.400Z,29.4,0.2,3.27,0.28,1,1,1
P05,DEMO-DEVICE-01,2026-10-03T16:00:29.600Z,29.6,0.2,3.26,0.3,1,1,1
P05,DEMO-DEVICE-01,2026-10-03T16:00:29.800Z,29.8,0.2,3.26,0.32,1,1,1
P05,DEMO-DEVICE-01,2026-10-03T16:00:30.000Z,30,0.2,3.25,0.34,1,1,1
P05,DEMO-DEVICE-01,2026-10-03T16:00:30.200Z,30.2,0.2,3.25,0.35,1,1,1
P05,DEMO-DEVICE-01,2026-10-03T16:00:30.400Z,30.4,0.2,3.24,0.36,1,1,1
P05,DEMO-DEVICE-01,2026-10-03T16:00:30.600Z,30.6,0.2,3.23,0.36,1,1,1
P05,DEMO-DEVICE-01,2026-10-03T16:00:30.800Z,30.8,0.2,3.22,0.35,1,1,1
P05,DEMO-DEVICE-01,2026-10-03T16:00:31.000Z,31,0.2,3.22,0.34,1,1,1
P05,DEMO-DEVICE-01,2026-10-03T16:00:31.200Z,31.2,0.2,3.21,0.32,1,1,1
P05,DEMO-DEVICE-01,2026-10-03T16:00:31.400Z,31.4,0.2,3.2,0.3,1,1,1
P05,DEMO-DEVICE-01,2026-10-03T16:00:31.600Z,31.6,0.2,3.19,0.28,1,1,1
P05,DEMO-DEVICE-01,2026-10-03T16:00:31.800Z,31.8,0.2,3.18,0.26,1,1,1
P05,DEMO-DEVICE-01,2026-10-03T16:00:32.000Z,32,0.2,3.18,0.25,1,1,1
P05,DEMO-DEVICE-01,2026-10-03T16:00:32.200Z,32.2,0.2,3.17,0.24,1,1,1
P05,DEMO-DEVICE-01,2026-10-03T16:00:32.400Z,32.4,0.2,3.16,0.24,1,1,1
P05,DEMO-DEVICE-01,2026-10-03T16:00:32.600Z,32.6,0.2,3.16,0.25,1,1,1
P05,DEMO-DEVICE-01,2026-10-03T16:00:32.800Z,32.8,0.2,3.15,0.26,1,1,1
P05,DEMO-DEVICE-01,2026-10-03T16:00:33.000Z,33,0.2,3.14,0.27,1,1,1
P05,DEMO-DEVICE-01,2026-10-03T16:00:33.200Z,33.2,0.2,3.14,0.29,1,1,1
P05,DEMO-DEVICE-01,2026-10-03T16:00:33.400Z,33.4,0.2,3.13,0.31,1,1,1
P05,DEMO-DEVICE-01,2026-10-03T16:00:33.600Z,33.6,0.2,3.13,0.33,1,1,1
P05,DEMO-DEVICE-01,2026-10-03T16:00:33.800Z,33.8,0.2,3.13,0.35,1,1,1
P05,DEMO-DEVICE-01,2026-10-03T16:00:34.000Z,34,0.2,3.12,0.36,1,1,1
P05,DEMO-DEVICE-01,2026-10-03T16:00:34.200Z,34.2,0.2,3.12,0.36,1,1,1
P05,DEMO-DEVICE-01,2026-10-03T16:00:34.400Z,34.4,0.2,3.12,0.36,1,1,1
P05,DEMO-DEVICE-01,2026-10-03T16:00:34.600Z,34.6,0.2,3.12,0.35,1,1,1
P05,DEMO-DEVICE-01,2026-10-03T16:00:34.800Z,34.8,0.2,3.12,0.33,1,1,1
P05,DEMO-DEVICE-01,2026-10-03T16:00:35.000Z,35,0.2,3.12,0.31,1,1,1
P05,DEMO-DEVICE-01,2026-10-03T16:00:35.200Z,35.2,0.2,3.12,0.29,1,1,1
P05,DEMO-DEVICE-01,2026-10-03T16:00:35.400Z,35.4,0.2,3.13,0.27,1,1,1
P05,DEMO-DEVICE-01,2026-10-03T16:00:35.600Z,35.6,0.2,3.13,0.26,1,1,1
P05,DEMO-DEVICE-01,2026-10-03T16:00:35.800Z,35.8,0.2,3.13,0.24,1,1,1
P05,DEMO-DEVICE-01,2026-10-03T16:00:36.000Z,36,0.2,3.14,0.24,1,1,1
P05,DEMO-DEVICE-01,2026-10-03T16:00:36.200Z,36.2,0.2,3.15,0.24,1,1,1
P05,DEMO-DEVICE-01,2026-10-03T16:00:36.400Z,36.4,0.2,3.15,0.25,1,1,1
P05,DEMO-DEVICE-01,2026-10-03T16:00:36.600Z,36.6,0.2,3.16,0.27,1,1,1
P05,DEMO-DEVICE-01,2026-10-03T16:00:36.800Z,36.8,0.2,3.17,0.28,1,1,1
P05,DEMO-DEVICE-01,2026-10-03T16:00:37.000Z,37,0.2,3.17,0.3,1,1,1
P05,DEMO-DEVICE-01,2026-10-03T16:00:37.200Z,37.2,0.2,3.18,0.32,1,1,1
P05,DEMO-DEVICE-01,2026-10-03T16:00:37.400Z,37.4,0.2,3.19,0.34,1,1,1
P05,DEMO-DEVICE-01,2026-10-03T16:00:37.600Z,37.6,0.2,3.2,0.35,1,1,1
P05,DEMO-DEVICE-01,2026-10-03T16:00:37.800Z,37.8,0.2,3.2,0.36,1,1,1
P05,DEMO-DEVICE-01,2026-10-03T16:00:38.000Z,38,0.2,3.21,0.36,1,1,1
P05,DEMO-DEVICE-01,2026-10-03T16:00:38.200Z,38.2,0.2,3.22,0.35,1,1,1
P05,DEMO-DEVICE-01,2026-10-03T16:00:38.400Z,38.4,0.2,3.23,0.34,1,1,1
P05,DEMO-DEVICE-01,2026-10-03T16:00:38.600Z,38.6,0.2,3.23,0.32,1,1,1
P05,DEMO-DEVICE-01,2026-10-03T16:00:38.800Z,38.8,0.2,3.24,0.3,1,1,1
P05,DEMO-DEVICE-01,2026-10-03T16:00:39.000Z,39,0.2,3.25,0.28,1,1,1
P05,DEMO-DEVICE-01,2026-10-03T16:00:39.200Z,39.2,0.2,3.25,0.26,1,1,1
P05,DEMO-DEVICE-01,2026-10-03T16:00:39.400Z,39.4,0.2,3.26,0.25,1,1,1
P05,DEMO-DEVICE-01,2026-10-03T16:00:39.600Z,39.6,0.2,3.27,0.24,1,1,1
P05,DEMO-DEVICE-01,2026-10-03T16:00:39.800Z,39.8,0.2,3.27,0.24,1,1,1
P05,DEMO-DEVICE-01,2026-10-03T16:00:40.000Z,40,0.2,3.27,0.25,1,1,1
P05,DEMO-DEVICE-01,2026-10-03T16:00:40.200Z,40.2,0.2,3.28,0.26,1,1,1
P05,DEMO-DEVICE-01,2026-10-03T16:00:40.400Z,40.4,0.2,3.28,0.27,1,1,1
P05,DEMO-DEVICE-01,2026-10-03T16:00:40.600Z,40.6,0.2,3.28,0.29,1,1,1
P05,DEMO-DEVICE-01,2026-10-03T16:00:40.800Z,40.8,0.2,3.28,0.31,1,1,1
P05,DEMO-DEVICE-01,2026-10-03T16:00:41.000Z,41,0.2,3.28,0.33,1,1,1
P05,DEMO-DEVICE-01,2026-10-03T16:00:41.200Z,41.2,0.2,3.28,0.35,1,1,1
P05,DEMO-DEVICE-01,2026-10-03T16:00:41.400Z,41.4,0.2,3.28,0.36,1,1,1
P05,DEMO-DEVICE-01,2026-10-03T16:00:41.600Z,41.6,0.2,3.27,0.36,1,1,1
P05,DEMO-DEVICE-01,2026-10-03T16:00:41.800Z,41.8,0.2,3.27,0.36,1,1,1
P05,DEMO-DEVICE-01,2026-10-03T16:00:42.000Z,42,0.2,3.27,0.35,1,1,1
P05,DEMO-DEVICE-01,2026-10-03T16:00:42.200Z,42.2,0.2,3.26,0.33,1,1,1
P05,DEMO-DEVICE-01,2026-10-03T16:00:42.400Z,42.4,0.2,3.26,0.31,1,1,1
P05,DEMO-DEVICE-01,2026-10-03T16:00:42.600Z,42.6,0.2,3.25,0.29,1,1,1
P05,DEMO-DEVICE-01,2026-10-03T16:00:42.800Z,42.8,0.2,3.24,0.27,1,1,1
P05,DEMO-DEVICE-01,2026-10-03T16:00:43.000Z,43,0.2,3.24,0.26,1,1,1
P05,DEMO-DEVICE-01,2026-10-03T16:00:43.200Z,43.2,0.2,3.23,0.24,1,1,1
P05,DEMO-DEVICE-01,2026-10-03T16:00:43.400Z,43.4,0.2,3.22,0.24,1,1,1
P05,DEMO-DEVICE-01,2026-10-03T16:00:43.600Z,43.6,0.2,3.22,0.24,1,1,1
P05,DEMO-DEVICE-01,2026-10-03T16:00:43.800Z,43.8,0.2,3.21,0.25,1,1,1
P05,DEMO-DEVICE-01,2026-10-03T16:00:44.000Z,44,0.2,3.2,0.27,1,1,1
P05,DEMO-DEVICE-01,2026-10-03T16:00:44.200Z,44.2,0.2,3.19,0.28,1,1,1
P05,DEMO-DEVICE-01,2026-10-03T16:00:44.400Z,44.4,0.2,3.18,0.3,1,1,1
P05,DEMO-DEVICE-01,2026-10-03T16:00:44.600Z,44.6,0.2,3.18,0.32,1,1,1
P05,DEMO-DEVICE-01,2026-10-03T16:00:44.800Z,44.8,0.2,3.17,0.34,1,1,1
P06,DEMO-DEVICE-01,2026-10-03T17:00:00.000Z,0,0.2,3.2,0.3,1,1,1
P06,DEMO-DEVICE-01,2026-10-03T17:00:00.200Z,0.2,0.2,3.21,0.32,1,1,1
P06,DEMO-DEVICE-01,2026-10-03T17:00:00.400Z,0.4,0.2,3.22,0.34,1,1,1
P06,DEMO-DEVICE-01,2026-10-03T17:00:00.600Z,0.6,0.2,3.22,0.35,1,1,1
P06,DEMO-DEVICE-01,2026-10-03T17:00:00.800Z,0.8,0.2,3.23,0.36,1,1,1
P06,DEMO-DEVICE-01,2026-10-03T17:00:01.000Z,1,0.2,3.24,0.36,1,1,1
P06,DEMO-DEVICE-01,2026-10-03T17:00:01.200Z,1.2,0.2,3.25,0.35,1,1,1
P06,DEMO-DEVICE-01,2026-10-03T17:00:01.400Z,1.4,0.2,3.25,0.34,1,1,1
P06,DEMO-DEVICE-01,2026-10-03T17:00:01.600Z,1.6,0.2,3.26,0.32,1,1,1
P06,DEMO-DEVICE-01,2026-10-03T17:00:01.800Z,1.8,0.2,3.26,0.3,1,1,1
P06,DEMO-DEVICE-01,2026-10-03T17:00:02.000Z,2,0.2,3.27,0.28,1,1,1
P06,DEMO-DEVICE-01,2026-10-03T17:00:02.200Z,2.2,0.2,3.27,0.27,1,1,1
P06,DEMO-DEVICE-01,2026-10-03T17:00:02.400Z,2.4,0.2,3.27,0.25,1,1,1
P06,DEMO-DEVICE-01,2026-10-03T17:00:02.600Z,2.6,0.2,3.28,0.24,1,1,1
P06,DEMO-DEVICE-01,2026-10-03T17:00:02.800Z,2.8,0.2,3.28,0.24,1,1,1
P06,DEMO-DEVICE-01,2026-10-03T17:00:03.000Z,3,0.2,3.28,0.24,1,1,1
P06,DEMO-DEVICE-01,2026-10-03T17:00:03.200Z,3.2,0.2,3.28,0.26,1,1,1
P06,DEMO-DEVICE-01,2026-10-03T17:00:03.400Z,3.4,0.2,3.28,0.27,1,1,1
P06,DEMO-DEVICE-01,2026-10-03T17:00:03.600Z,3.6,0.2,3.28,0.29,1,1,1
P06,DEMO-DEVICE-01,2026-10-03T17:00:03.800Z,3.8,0.2,3.28,0.31,1,1,1
P06,DEMO-DEVICE-01,2026-10-03T17:00:04.000Z,4,0.2,3.27,0.33,1,1,1
P06,DEMO-DEVICE-01,2026-10-03T17:00:04.200Z,4.2,0.2,3.27,0.35,1,1,1
P06,DEMO-DEVICE-01,2026-10-03T17:00:04.400Z,4.4,0.2,3.26,0.36,1,1,1
P06,DEMO-DEVICE-01,2026-10-03T17:00:04.600Z,4.6,0.2,3.26,0.36,1,1,1
P06,DEMO-DEVICE-01,2026-10-03T17:00:04.800Z,4.8,0.2,3.25,0.36,1,1,1
P06,DEMO-DEVICE-01,2026-10-03T17:00:05.000Z,5,0.2,3.25,0.35,1,1,1
P06,DEMO-DEVICE-01,2026-10-03T17:00:05.200Z,5.2,0.2,3.24,0.33,1,1,1
P06,DEMO-DEVICE-01,2026-10-03T17:00:05.400Z,5.4,0.2,3.23,0.31,1,1,1
P06,DEMO-DEVICE-01,2026-10-03T17:00:05.600Z,5.6,0.2,3.23,0.29,1,1,1
P06,DEMO-DEVICE-01,2026-10-03T17:00:05.800Z,5.8,0.2,3.22,0.27,1,1,1
P06,DEMO-DEVICE-01,2026-10-03T17:00:06.000Z,6,0.2,3.21,0.26,1,1,1
P06,DEMO-DEVICE-01,2026-10-03T17:00:06.200Z,6.2,0.2,3.2,0.25,1,1,1
P06,DEMO-DEVICE-01,2026-10-03T17:00:06.400Z,6.4,0.2,3.2,0.24,1,1,1
P06,DEMO-DEVICE-01,2026-10-03T17:00:06.600Z,6.6,0.2,3.19,0.24,1,1,1
P06,DEMO-DEVICE-01,2026-10-03T17:00:06.800Z,6.8,0.2,3.18,0.25,1,1,1
P06,DEMO-DEVICE-01,2026-10-03T17:00:07.000Z,7,0.2,3.17,0.26,1,1,1
P06,DEMO-DEVICE-01,2026-10-03T17:00:07.200Z,7.2,0.2,3.16,0.28,1,1,1
P06,DEMO-DEVICE-01,2026-10-03T17:00:07.400Z,7.4,0.2,3.16,0.3,1,1,1
P06,DEMO-DEVICE-01,2026-10-03T17:00:07.600Z,7.6,0.2,3.15,0.32,1,1,1
P06,DEMO-DEVICE-01,2026-10-03T17:00:07.800Z,7.8,0.2,3.14,0.34,1,1,1
P06,DEMO-DEVICE-01,2026-10-03T17:00:08.000Z,8,0.2,3.14,0.35,1,1,1
P06,DEMO-DEVICE-01,2026-10-03T17:00:08.200Z,8.2,0.2,3.13,0.36,1,1,1
P06,DEMO-DEVICE-01,2026-10-03T17:00:08.400Z,8.4,0.2,3.13,0.36,1,1,1
P06,DEMO-DEVICE-01,2026-10-03T17:00:08.600Z,8.6,0.2,3.13,0.35,1,1,1
P06,DEMO-DEVICE-01,2026-10-03T17:00:08.800Z,8.8,0.2,3.12,0.34,1,1,1
P06,DEMO-DEVICE-01,2026-10-03T17:00:09.000Z,9,0.2,3.12,0.32,1,1,1
P06,DEMO-DEVICE-01,2026-10-03T17:00:09.200Z,9.2,0.2,3.12,0.3,1,1,1
P06,DEMO-DEVICE-01,2026-10-03T17:00:09.400Z,9.4,0.2,3.12,0.28,1,1,1
P06,DEMO-DEVICE-01,2026-10-03T17:00:09.600Z,9.6,0.2,3.12,0.27,1,1,1
P06,DEMO-DEVICE-01,2026-10-03T17:00:09.800Z,9.8,0.2,3.12,0.25,1,1,1
P06,DEMO-DEVICE-01,2026-10-03T17:00:10.000Z,10,0.2,3.12,0.24,1,1,1
P06,DEMO-DEVICE-01,2026-10-03T17:00:10.200Z,10.2,0.2,3.13,0.24,1,1,1
P06,DEMO-DEVICE-01,2026-10-03T17:00:10.400Z,10.4,0.2,3.13,0.24,1,1,1
P06,DEMO-DEVICE-01,2026-10-03T17:00:10.600Z,10.6,0.2,3.13,0.26,1,1,1
P06,DEMO-DEVICE-01,2026-10-03T17:00:10.800Z,10.8,0.2,3.14,0.27,1,1,1
P06,DEMO-DEVICE-01,2026-10-03T17:00:11.000Z,11,0.2,3.14,0.29,1,1,1
P06,DEMO-DEVICE-01,2026-10-03T17:00:11.200Z,11.2,0.2,3.15,0.31,1,1,1
P06,DEMO-DEVICE-01,2026-10-03T17:00:11.400Z,11.4,0.2,3.16,0.33,1,1,1
P06,DEMO-DEVICE-01,2026-10-03T17:00:11.600Z,11.6,0.2,3.16,0.35,1,1,1
P06,DEMO-DEVICE-01,2026-10-03T17:00:11.800Z,11.8,0.2,3.17,0.36,1,1,1
P06,DEMO-DEVICE-01,2026-10-03T17:00:12.000Z,12,0.2,3.18,0.36,1,1,1
P06,DEMO-DEVICE-01,2026-10-03T17:00:12.200Z,12.2,0.2,3.19,0.36,1,1,1
P06,DEMO-DEVICE-01,2026-10-03T17:00:12.400Z,12.4,0.2,3.19,0.35,1,1,1
P06,DEMO-DEVICE-01,2026-10-03T17:00:12.600Z,12.6,0.2,3.2,0.33,1,1,1
P06,DEMO-DEVICE-01,2026-10-03T17:00:12.800Z,12.8,0.2,3.21,0.31,1,1,1
P06,DEMO-DEVICE-01,2026-10-03T17:00:13.000Z,13,0.2,3.22,0.29,1,1,1
P06,DEMO-DEVICE-01,2026-10-03T17:00:13.200Z,13.2,0.2,3.22,0.27,1,1,1
P06,DEMO-DEVICE-01,2026-10-03T17:00:13.400Z,13.4,0.2,3.23,0.26,1,1,1
P06,DEMO-DEVICE-01,2026-10-03T17:00:13.600Z,13.6,0.2,3.24,0.25,1,1,1
P06,DEMO-DEVICE-01,2026-10-03T17:00:13.800Z,13.8,0.2,3.25,0.24,1,1,1
P06,DEMO-DEVICE-01,2026-10-03T17:00:14.000Z,14,0.2,3.25,0.24,1,1,1
P06,DEMO-DEVICE-01,2026-10-03T17:00:14.200Z,14.2,0.2,3.26,0.25,1,1,1
P06,DEMO-DEVICE-01,2026-10-03T17:00:14.400Z,14.4,0.2,3.26,0.26,1,1,1
P06,DEMO-DEVICE-01,2026-10-03T17:00:14.600Z,14.6,0.2,3.27,0.28,1,1,1
P06,DEMO-DEVICE-01,2026-10-03T17:00:14.800Z,14.8,0.2,3.27,0.3,1,1,1
P06,DEMO-DEVICE-01,2026-10-03T17:00:15.000Z,15,0.2,,,0,0,0
P06,DEMO-DEVICE-01,2026-10-03T17:00:15.200Z,15.2,0.2,,,0,0,0
P06,DEMO-DEVICE-01,2026-10-03T17:00:15.400Z,15.4,0.2,,,0,0,0
P06,DEMO-DEVICE-01,2026-10-03T17:00:15.600Z,15.6,0.2,,,0,0,0
P06,DEMO-DEVICE-01,2026-10-03T17:00:15.800Z,15.8,0.2,,,0,0,0
P06,DEMO-DEVICE-01,2026-10-03T17:00:16.000Z,16,0.2,,,0,0,0
P06,DEMO-DEVICE-01,2026-10-03T17:00:16.200Z,16.2,0.2,,,0,0,0
P06,DEMO-DEVICE-01,2026-10-03T17:00:16.400Z,16.4,0.2,,,0,0,0
P06,DEMO-DEVICE-01,2026-10-03T17:00:16.600Z,16.6,0.2,,,0,0,0
P06,DEMO-DEVICE-01,2026-10-03T17:00:16.800Z,16.8,0.2,,,0,0,0
P06,DEMO-DEVICE-01,2026-10-03T17:00:17.000Z,17,0.2,,,0,0,0
P06,DEMO-DEVICE-01,2026-10-03T17:00:17.200Z,17.2,0.2,,,0,0,0
P06,DEMO-DEVICE-01,2026-10-03T17:00:17.400Z,17.4,0.2,,,0,0,0
P06,DEMO-DEVICE-01,2026-10-03T17:00:17.600Z,17.6,0.2,,,0,0,0
P06,DEMO-DEVICE-01,2026-10-03T17:00:17.800Z,17.8,0.2,,,0,0,0
P06,DEMO-DEVICE-01,2026-10-03T17:00:18.000Z,18,0.2,,,0,0,0
P06,DEMO-DEVICE-01,2026-10-03T17:00:18.200Z,18.2,0.2,,,0,0,0
P06,DEMO-DEVICE-01,2026-10-03T17:00:18.400Z,18.4,0.2,,,0,0,0
P06,DEMO-DEVICE-01,2026-10-03T17:00:18.600Z,18.6,0.2,,,0,0,0
P06,DEMO-DEVICE-01,2026-10-03T17:00:18.800Z,18.8,0.2,,,0,0,0
P06,DEMO-DEVICE-01,2026-10-03T17:00:19.000Z,19,0.2,,,0,0,0
P06,DEMO-DEVICE-01,2026-10-03T17:00:19.200Z,19.2,0.2,,,0,0,0
P06,DEMO-DEVICE-01,2026-10-03T17:00:19.400Z,19.4,0.2,,,0,0,0
P06,DEMO-DEVICE-01,2026-10-03T17:00:19.600Z,19.6,0.2,,,0,0,0
P06,DEMO-DEVICE-01,2026-10-03T17:00:19.800Z,19.8,0.2,,,0,0,0
P06,DEMO-DEVICE-01,2026-10-03T17:00:20.000Z,20,0.2,,,0,0,0
P06,DEMO-DEVICE-01,2026-10-03T17:00:20.200Z,20.2,0.2,,,0,0,0
P06,DEMO-DEVICE-01,2026-10-03T17:00:20.400Z,20.4,0.2,,,0,0,0
P06,DEMO-DEVICE-01,2026-10-03T17:00:20.600Z,20.6,0.2,,,0,0,0
P06,DEMO-DEVICE-01,2026-10-03T17:00:20.800Z,20.8,0.2,,,0,0,0
P06,DEMO-DEVICE-01,2026-10-03T17:00:21.000Z,21,0.2,,,0,0,0
P06,DEMO-DEVICE-01,2026-10-03T17:00:21.200Z,21.2,0.2,,,0,0,0
P06,DEMO-DEVICE-01,2026-10-03T17:00:21.400Z,21.4,0.2,,,0,0,0
P06,DEMO-DEVICE-01,2026-10-03T17:00:21.600Z,21.6,0.2,,,0,0,0
P06,DEMO-DEVICE-01,2026-10-03T17:00:21.800Z,21.8,0.2,,,0,0,0
P06,DEMO-DEVICE-01,2026-10-03T17:00:22.000Z,22,0.2,,,0,0,0
P06,DEMO-DEVICE-01,2026-10-03T17:00:22.200Z,22.2,0.2,,,0,0,0
P06,DEMO-DEVICE-01,2026-10-03T17:00:22.400Z,22.4,0.2,,,0,0,0
P06,DEMO-DEVICE-01,2026-10-03T17:00:22.600Z,22.6,0.2,,,0,0,0
P06,DEMO-DEVICE-01,2026-10-03T17:00:22.800Z,22.8,0.2,,,0,0,0
P06,DEMO-DEVICE-01,2026-10-03T17:00:23.000Z,23,0.2,,,0,0,0
P06,DEMO-DEVICE-01,2026-10-03T17:00:23.200Z,23.2,0.2,,,0,0,0
P06,DEMO-DEVICE-01,2026-10-03T17:00:23.400Z,23.4,0.2,,,0,0,0
P06,DEMO-DEVICE-01,2026-10-03T17:00:23.600Z,23.6,0.2,,,0,0,0
P06,DEMO-DEVICE-01,2026-10-03T17:00:23.800Z,23.8,0.2,,,0,0,0
P06,DEMO-DEVICE-01,2026-10-03T17:00:24.000Z,24,0.2,,,0,0,0
P06,DEMO-DEVICE-01,2026-10-03T17:00:24.200Z,24.2,0.2,,,0,0,0
P06,DEMO-DEVICE-01,2026-10-03T17:00:24.400Z,24.4,0.2,,,0,0,0
P06,DEMO-DEVICE-01,2026-10-03T17:00:24.600Z,24.6,0.2,,,0,0,0
P06,DEMO-DEVICE-01,2026-10-03T17:00:24.800Z,24.8,0.2,,,0,0,0
P06,DEMO-DEVICE-01,2026-10-03T17:00:25.000Z,25,0.2,3.19,0.24,1,1,1
P06,DEMO-DEVICE-01,2026-10-03T17:00:25.200Z,25.2,0.2,3.2,0.25,1,1,1
P06,DEMO-DEVICE-01,2026-10-03T17:00:25.400Z,25.4,0.2,3.21,0.26,1,1,1
P06,DEMO-DEVICE-01,2026-10-03T17:00:25.600Z,25.6,0.2,3.22,0.27,1,1,1
P06,DEMO-DEVICE-01,2026-10-03T17:00:25.800Z,25.8,0.2,3.23,0.29,1,1,1
P06,DEMO-DEVICE-01,2026-10-03T17:00:26.000Z,26,0.2,3.23,0.31,1,1,1
P06,DEMO-DEVICE-01,2026-10-03T17:00:26.200Z,26.2,0.2,3.24,0.33,1,1,1
P06,DEMO-DEVICE-01,2026-10-03T17:00:26.400Z,26.4,0.2,3.25,0.35,1,1,1
P06,DEMO-DEVICE-01,2026-10-03T17:00:26.600Z,26.6,0.2,3.25,0.36,1,1,1
P06,DEMO-DEVICE-01,2026-10-03T17:00:26.800Z,26.8,0.2,3.26,0.36,1,1,1
P06,DEMO-DEVICE-01,2026-10-03T17:00:27.000Z,27,0.2,3.26,0.36,1,1,1
P06,DEMO-DEVICE-01,2026-10-03T17:00:27.200Z,27.2,0.2,3.27,0.35,1,1,1
P06,DEMO-DEVICE-01,2026-10-03T17:00:27.400Z,27.4,0.2,3.27,0.33,1,1,1
P06,DEMO-DEVICE-01,2026-10-03T17:00:27.600Z,27.6,0.2,3.28,0.31,1,1,1
P06,DEMO-DEVICE-01,2026-10-03T17:00:27.800Z,27.8,0.2,3.28,0.29,1,1,1
P06,DEMO-DEVICE-01,2026-10-03T17:00:28.000Z,28,0.2,3.28,0.27,1,1,1
P06,DEMO-DEVICE-01,2026-10-03T17:00:28.200Z,28.2,0.2,3.28,0.26,1,1,1
P06,DEMO-DEVICE-01,2026-10-03T17:00:28.400Z,28.4,0.2,3.28,0.25,1,1,1
P06,DEMO-DEVICE-01,2026-10-03T17:00:28.600Z,28.6,0.2,3.28,0.24,1,1,1
P06,DEMO-DEVICE-01,2026-10-03T17:00:28.800Z,28.8,0.2,3.28,0.24,1,1,1
P06,DEMO-DEVICE-01,2026-10-03T17:00:29.000Z,29,0.2,3.27,0.25,1,1,1
P06,DEMO-DEVICE-01,2026-10-03T17:00:29.200Z,29.2,0.2,3.27,0.26,1,1,1
P06,DEMO-DEVICE-01,2026-10-03T17:00:29.400Z,29.4,0.2,3.27,0.28,1,1,1
P06,DEMO-DEVICE-01,2026-10-03T17:00:29.600Z,29.6,0.2,3.26,0.3,1,1,1
P06,DEMO-DEVICE-01,2026-10-03T17:00:29.800Z,29.8,0.2,3.26,0.32,1,1,1
P06,DEMO-DEVICE-01,2026-10-03T17:00:30.000Z,30,0.2,3.25,0.34,1,1,1
P06,DEMO-DEVICE-01,2026-10-03T17:00:30.200Z,30.2,0.2,3.25,0.35,1,1,1
P06,DEMO-DEVICE-01,2026-10-03T17:00:30.400Z,30.4,0.2,3.24,0.36,1,1,1
P06,DEMO-DEVICE-01,2026-10-03T17:00:30.600Z,30.6,0.2,3.23,0.36,1,1,1
P06,DEMO-DEVICE-01,2026-10-03T17:00:30.800Z,30.8,0.2,3.22,0.35,1,1,1
P06,DEMO-DEVICE-01,2026-10-03T17:00:31.000Z,31,0.2,3.22,0.34,1,1,1
P06,DEMO-DEVICE-01,2026-10-03T17:00:31.200Z,31.2,0.2,3.21,0.32,1,1,1
P06,DEMO-DEVICE-01,2026-10-03T17:00:31.400Z,31.4,0.2,3.2,0.3,1,1,1
P06,DEMO-DEVICE-01,2026-10-03T17:00:31.600Z,31.6,0.2,3.19,0.28,1,1,1
P06,DEMO-DEVICE-01,2026-10-03T17:00:31.800Z,31.8,0.2,3.18,0.26,1,1,1
P06,DEMO-DEVICE-01,2026-10-03T17:00:32.000Z,32,0.2,3.18,0.25,1,1,1
P06,DEMO-DEVICE-01,2026-10-03T17:00:32.200Z,32.2,0.2,3.17,0.24,1,1,1
P06,DEMO-DEVICE-01,2026-10-03T17:00:32.400Z,32.4,0.2,3.16,0.24,1,1,1
P06,DEMO-DEVICE-01,2026-10-03T17:00:32.600Z,32.6,0.2,3.16,0.25,1,1,1
P06,DEMO-DEVICE-01,2026-10-03T17:00:32.800Z,32.8,0.2,3.15,0.26,1,1,1
P06,DEMO-DEVICE-01,2026-10-03T17:00:33.000Z,33,0.2,3.14,0.27,1,1,1
P06,DEMO-DEVICE-01,2026-10-03T17:00:33.200Z,33.2,0.2,3.14,0.29,1,1,1
P06,DEMO-DEVICE-01,2026-10-03T17:00:33.400Z,33.4,0.2,3.13,0.31,1,1,1
P06,DEMO-DEVICE-01,2026-10-03T17:00:33.600Z,33.6,0.2,3.13,0.33,1,1,1
P06,DEMO-DEVICE-01,2026-10-03T17:00:33.800Z,33.8,0.2,3.13,0.35,1,1,1
P06,DEMO-DEVICE-01,2026-10-03T17:00:34.000Z,34,0.2,3.12,0.36,1,1,1
P06,DEMO-DEVICE-01,2026-10-03T17:00:34.200Z,34.2,0.2,3.12,0.36,1,1,1
P06,DEMO-DEVICE-01,2026-10-03T17:00:34.400Z,34.4,0.2,3.12,0.36,1,1,1
P06,DEMO-DEVICE-01,2026-10-03T17:00:34.600Z,34.6,0.2,3.12,0.35,1,1,1
P06,DEMO-DEVICE-01,2026-10-03T17:00:34.800Z,34.8,0.2,3.12,0.33,1,1,1
P06,DEMO-DEVICE-01,2026-10-03T17:00:35.000Z,35,0.2,3.12,0.31,1,1,1
P06,DEMO-DEVICE-01,2026-10-03T17:00:35.200Z,35.2,0.2,3.12,0.29,1,1,1
P06,DEMO-DEVICE-01,2026-10-03T17:00:35.400Z,35.4,0.2,3.13,0.27,1,1,1
P06,DEMO-DEVICE-01,2026-10-03T17:00:35.600Z,35.6,0.2,3.13,0.26,1,1,1
P06,DEMO-DEVICE-01,2026-10-03T17:00:35.800Z,35.8,0.2,3.13,0.24,1,1,1
P06,DEMO-DEVICE-01,2026-10-03T17:00:36.000Z,36,0.2,3.14,0.24,1,1,1
P06,DEMO-DEVICE-01,2026-10-03T17:00:36.200Z,36.2,0.2,3.15,0.24,1,1,1
P06,DEMO-DEVICE-01,2026-10-03T17:00:36.400Z,36.4,0.2,3.15,0.25,1,1,1
P06,DEMO-DEVICE-01,2026-10-03T17:00:36.600Z,36.6,0.2,3.16,0.27,1,1,1
P06,DEMO-DEVICE-01,2026-10-03T17:00:36.800Z,36.8,0.2,3.17,0.28,1,1,1
P06,DEMO-DEVICE-01,2026-10-03T17:00:37.000Z,37,0.2,3.17,0.3,1,1,1
P06,DEMO-DEVICE-01,2026-10-03T17:00:37.200Z,37.2,0.2,3.18,0.32,1,1,1
P06,DEMO-DEVICE-01,2026-10-03T17:00:37.400Z,37.4,0.2,3.19,0.34,1,1,1
P06,DEMO-DEVICE-01,2026-10-03T17:00:37.600Z,37.6,0.2,3.2,0.35,1,1,1
P06,DEMO-DEVICE-01,2026-10-03T17:00:37.800Z,37.8,0.2,3.2,0.36,1,1,1
P06,DEMO-DEVICE-01,2026-10-03T17:00:38.000Z,38,0.2,3.21,0.36,1,1,1
P06,DEMO-DEVICE-01,2026-10-03T17:00:38.200Z,38.2,0.2,3.22,0.35,1,1,1
P06,DEMO-DEVICE-01,2026-10-03T17:00:38.400Z,38.4,0.2,3.23,0.34,1,1,1
P06,DEMO-DEVICE-01,2026-10-03T17:00:38.600Z,38.6,0.2,3.23,0.32,1,1,1
P06,DEMO-DEVICE-01,2026-10-03T17:00:38.800Z,38.8,0.2,3.24,0.3,1,1,1
P06,DEMO-DEVICE-01,2026-10-03T17:00:39.000Z,39,0.2,3.25,0.28,1,1,1
P06,DEMO-DEVICE-01,2026-10-03T17:00:39.200Z,39.2,0.2,3.25,0.26,1,1,1
P06,DEMO-DEVICE-01,2026-10-03T17:00:39.400Z,39.4,0.2,3.26,0.25,1,1,1
P06,DEMO-DEVICE-01,2026-10-03T17:00:39.600Z,39.6,0.2,3.27,0.24,1,1,1
P06,DEMO-DEVICE-01,2026-10-03T17:00:39.800Z,39.8,0.2,3.27,0.24,1,1,1
P06,DEMO-DEVICE-01,2026-10-03T17:00:40.000Z,40,0.2,3.27,0.25,1,1,1
P06,DEMO-DEVICE-01,2026-10-03T17:00:40.200Z,40.2,0.2,3.28,0.26,1,1,1
P06,DEMO-DEVICE-01,2026-10-03T17:00:40.400Z,40.4,0.2,3.28,0.27,1,1,1
P06,DEMO-DEVICE-01,2026-10-03T17:00:40.600Z,40.6,0.2,3.28,0.29,1,1,1
P06,DEMO-DEVICE-01,2026-10-03T17:00:40.800Z,40.8,0.2,3.28,0.31,1,1,1
P06,DEMO-DEVICE-01,2026-10-03T17:00:41.000Z,41,0.2,3.28,0.33,1,1,1
P06,DEMO-DEVICE-01,2026-10-03T17:00:41.200Z,41.2,0.2,3.28,0.35,1,1,1
P06,DEMO-DEVICE-01,2026-10-03T17:00:41.400Z,41.4,0.2,3.28,0.36,1,1,1
P06,DEMO-DEVICE-01,2026-10-03T17:00:41.600Z,41.6,0.2,3.27,0.36,1,1,1
P06,DEMO-DEVICE-01,2026-10-03T17:00:41.800Z,41.8,0.2,3.27,0.36,1,1,1
P06,DEMO-DEVICE-01,2026-10-03T17:00:42.000Z,42,0.2,3.27,0.35,1,1,1
P06,DEMO-DEVICE-01,2026-10-03T17:00:42.200Z,42.2,0.2,3.26,0.33,1,1,1
P06,DEMO-DEVICE-01,2026-10-03T17:00:42.400Z,42.4,0.2,3.26,0.31,1,1,1
P06,DEMO-DEVICE-01,2026-10-03T17:00:42.600Z,42.6,0.2,3.25,0.29,1,1,1
P06,DEMO-DEVICE-01,2026-10-03T17:00:42.800Z,42.8,0.2,3.24,0.27,1,1,1
P06,DEMO-DEVICE-01,2026-10-03T17:00:43.000Z,43,0.2,3.24,0.26,1,1,1
P06,DEMO-DEVICE-01,2026-10-03T17:00:43.200Z,43.2,0.2,3.23,0.24,1,1,1
P06,DEMO-DEVICE-01,2026-10-03T17:00:43.400Z,43.4,0.2,3.22,0.24,1,1,1
P06,DEMO-DEVICE-01,2026-10-03T17:00:43.600Z,43.6,0.2,3.22,0.24,1,1,1
P06,DEMO-DEVICE-01,2026-10-03T17:00:43.800Z,43.8,0.2,3.21,0.25,1,1,1
P06,DEMO-DEVICE-01,2026-10-03T17:00:44.000Z,44,0.2,3.2,0.27,1,1,1
P06,DEMO-DEVICE-01,2026-10-03T17:00:44.200Z,44.2,0.2,3.19,0.28,1,1,1
P06,DEMO-DEVICE-01,2026-10-03T17:00:44.400Z,44.4,0.2,3.18,0.3,1,1,1
P06,DEMO-DEVICE-01,2026-10-03T17:00:44.600Z,44.6,0.2,3.18,0.32,1,1,1
P06,DEMO-DEVICE-01,2026-10-03T17:00:44.800Z,44.8,0.2,3.17,0.34,1,1,1
P07,DEMO-DEVICE-01,2026-10-03T18:00:00.000Z,0,0.2,3.2,0.3,1,1,1
P07,DEMO-DEVICE-01,2026-10-03T18:00:00.200Z,0.2,0.2,3.21,0.32,1,1,1
P07,DEMO-DEVICE-01,2026-10-03T18:00:00.400Z,0.4,0.2,3.22,0.34,1,1,1
P07,DEMO-DEVICE-01,2026-10-03T18:00:00.600Z,0.6,0.2,3.22,0.35,1,1,1
P07,DEMO-DEVICE-01,2026-10-03T18:00:00.800Z,0.8,0.2,3.23,0.36,1,1,1
P07,DEMO-DEVICE-01,2026-10-03T18:00:01.000Z,1,0.2,3.24,0.36,1,1,1
P07,DEMO-DEVICE-01,2026-10-03T18:00:01.200Z,1.2,0.2,3.25,0.35,1,1,1
P07,DEMO-DEVICE-01,2026-10-03T18:00:01.400Z,1.4,0.2,3.25,0.34,1,1,1
P07,DEMO-DEVICE-01,2026-10-03T18:00:01.600Z,1.6,0.2,3.26,0.32,1,1,1
P07,DEMO-DEVICE-01,2026-10-03T18:00:01.800Z,1.8,0.2,3.26,0.3,1,1,1
P07,DEMO-DEVICE-01,2026-10-03T18:00:02.000Z,2,0.2,3.27,0.28,1,1,1
P07,DEMO-DEVICE-01,2026-10-03T18:00:02.200Z,2.2,0.2,3.27,0.27,1,1,1
P07,DEMO-DEVICE-01,2026-10-03T18:00:02.400Z,2.4,0.2,3.27,0.25,1,1,1
P07,DEMO-DEVICE-01,2026-10-03T18:00:02.600Z,2.6,0.2,3.28,0.24,1,1,1
P07,DEMO-DEVICE-01,2026-10-03T18:00:02.800Z,2.8,0.2,3.28,0.24,1,1,1
P07,DEMO-DEVICE-01,2026-10-03T18:00:03.000Z,3,0.2,3.28,0.24,1,1,1
P07,DEMO-DEVICE-01,2026-10-03T18:00:03.200Z,3.2,0.2,3.28,0.26,1,1,1
P07,DEMO-DEVICE-01,2026-10-03T18:00:03.400Z,3.4,0.2,3.28,0.27,1,1,1
P07,DEMO-DEVICE-01,2026-10-03T18:00:03.600Z,3.6,0.2,3.28,0.29,1,1,1
P07,DEMO-DEVICE-01,2026-10-03T18:00:03.800Z,3.8,0.2,3.28,0.31,1,1,1
P07,DEMO-DEVICE-01,2026-10-03T18:00:04.000Z,4,0.2,3.27,0.33,1,1,1
P07,DEMO-DEVICE-01,2026-10-03T18:00:04.200Z,4.2,0.2,3.27,0.35,1,1,1
P07,DEMO-DEVICE-01,2026-10-03T18:00:04.400Z,4.4,0.2,3.26,0.36,1,1,1
P07,DEMO-DEVICE-01,2026-10-03T18:00:04.600Z,4.6,0.2,3.26,0.36,1,1,1
P07,DEMO-DEVICE-01,2026-10-03T18:00:04.800Z,4.8,0.2,3.25,0.36,1,1,1
P07,DEMO-DEVICE-01,2026-10-03T18:00:05.000Z,5,0.2,3.25,0.35,1,1,1
P07,DEMO-DEVICE-01,2026-10-03T18:00:05.200Z,5.2,0.2,3.24,0.33,1,1,1
P07,DEMO-DEVICE-01,2026-10-03T18:00:05.400Z,5.4,0.2,3.23,0.31,1,1,1
P07,DEMO-DEVICE-01,2026-10-03T18:00:05.600Z,5.6,0.2,3.23,0.29,1,1,1
P07,DEMO-DEVICE-01,2026-10-03T18:00:05.800Z,5.8,0.2,3.22,0.27,1,1,1
P07,DEMO-DEVICE-01,2026-10-03T18:00:06.000Z,6,0.2,3.21,0.26,1,1,1
P07,DEMO-DEVICE-01,2026-10-03T18:00:06.200Z,6.2,0.2,3.2,0.25,1,1,1
P07,DEMO-DEVICE-01,2026-10-03T18:00:06.400Z,6.4,0.2,3.2,0.24,1,1,1
P07,DEMO-DEVICE-01,2026-10-03T18:00:06.600Z,6.6,0.2,3.19,0.24,1,1,1
P07,DEMO-DEVICE-01,2026-10-03T18:00:06.800Z,6.8,0.2,3.18,0.25,1,1,1
P07,DEMO-DEVICE-01,2026-10-03T18:00:07.000Z,7,0.2,3.17,0.26,1,1,1
P07,DEMO-DEVICE-01,2026-10-03T18:00:07.200Z,7.2,0.2,3.16,0.28,1,1,1
P07,DEMO-DEVICE-01,2026-10-03T18:00:07.400Z,7.4,0.2,3.16,0.3,1,1,1
P07,DEMO-DEVICE-01,2026-10-03T18:00:07.600Z,7.6,0.2,3.15,0.32,1,1,1
P07,DEMO-DEVICE-01,2026-10-03T18:00:07.800Z,7.8,0.2,3.14,0.34,1,1,1
P07,DEMO-DEVICE-01,2026-10-03T18:00:08.000Z,8,0.2,3.14,0.35,1,1,1
P07,DEMO-DEVICE-01,2026-10-03T18:00:08.200Z,8.2,0.2,3.13,0.36,1,1,1
P07,DEMO-DEVICE-01,2026-10-03T18:00:08.400Z,8.4,0.2,3.13,0.36,1,1,1
P07,DEMO-DEVICE-01,2026-10-03T18:00:08.600Z,8.6,0.2,3.13,0.35,1,1,1
P07,DEMO-DEVICE-01,2026-10-03T18:00:08.800Z,8.8,0.2,3.12,0.34,1,1,1
P07,DEMO-DEVICE-01,2026-10-03T18:00:09.000Z,9,0.2,3.12,0.32,1,1,1
P07,DEMO-DEVICE-01,2026-10-03T18:00:09.200Z,9.2,0.2,3.12,0.3,1,1,1
P07,DEMO-DEVICE-01,2026-10-03T18:00:09.400Z,9.4,0.2,3.12,0.28,1,1,1
P07,DEMO-DEVICE-01,2026-10-03T18:00:09.600Z,9.6,0.2,3.12,0.27,1,1,1
P07,DEMO-DEVICE-01,2026-10-03T18:00:09.800Z,9.8,0.2,3.12,0.25,1,1,1
P07,DEMO-DEVICE-01,2026-10-03T18:00:10.000Z,10,0.2,3.12,0.24,1,1,1
P07,DEMO-DEVICE-01,2026-10-03T18:00:10.200Z,10.2,0.2,3.13,0.24,1,1,1
P07,DEMO-DEVICE-01,2026-10-03T18:00:10.400Z,10.4,0.2,3.13,0.24,1,1,1
P07,DEMO-DEVICE-01,2026-10-03T18:00:10.600Z,10.6,0.2,3.13,0.26,1,1,1
P07,DEMO-DEVICE-01,2026-10-03T18:00:10.800Z,10.8,0.2,3.14,0.27,1,1,1
P07,DEMO-DEVICE-01,2026-10-03T18:00:11.000Z,11,0.2,3.14,0.29,1,1,1
P07,DEMO-DEVICE-01,2026-10-03T18:00:11.200Z,11.2,0.2,3.15,0.31,1,1,1
P07,DEMO-DEVICE-01,2026-10-03T18:00:11.400Z,11.4,0.2,3.16,0.33,1,1,1
P07,DEMO-DEVICE-01,2026-10-03T18:00:11.600Z,11.6,0.2,3.16,0.35,1,1,1
P07,DEMO-DEVICE-01,2026-10-03T18:00:11.800Z,11.8,0.2,3.17,0.36,1,1,1
P07,DEMO-DEVICE-01,2026-10-03T18:00:12.000Z,12,0.2,3.18,0.36,1,1,1
P07,DEMO-DEVICE-01,2026-10-03T18:00:12.200Z,12.2,0.2,3.19,0.36,1,1,1
P07,DEMO-DEVICE-01,2026-10-03T18:00:12.400Z,12.4,0.2,3.19,0.35,1,1,1
P07,DEMO-DEVICE-01,2026-10-03T18:00:12.600Z,12.6,0.2,3.2,0.33,1,1,1
P07,DEMO-DEVICE-01,2026-10-03T18:00:12.800Z,12.8,0.2,3.21,0.31,1,1,1
P07,DEMO-DEVICE-01,2026-10-03T18:00:13.000Z,13,0.2,3.22,0.29,1,1,1
P07,DEMO-DEVICE-01,2026-10-03T18:00:13.200Z,13.2,0.2,3.22,0.27,1,1,1
P07,DEMO-DEVICE-01,2026-10-03T18:00:13.400Z,13.4,0.2,3.23,0.26,1,1,1
P07,DEMO-DEVICE-01,2026-10-03T18:00:13.600Z,13.6,0.2,3.24,0.25,1,1,1
P07,DEMO-DEVICE-01,2026-10-03T18:00:13.800Z,13.8,0.2,3.25,0.24,1,1,1
P07,DEMO-DEVICE-01,2026-10-03T18:00:14.000Z,14,0.2,3.25,0.24,1,1,1
P07,DEMO-DEVICE-01,2026-10-03T18:00:14.200Z,14.2,0.2,3.26,0.25,1,1,1
P07,DEMO-DEVICE-01,2026-10-03T18:00:14.400Z,14.4,0.2,3.26,0.26,1,1,1
P07,DEMO-DEVICE-01,2026-10-03T18:00:14.600Z,14.6,0.2,3.27,0.28,1,1,1
P07,DEMO-DEVICE-01,2026-10-03T18:00:14.800Z,14.8,0.2,3.27,0.3,1,1,1
P07,DEMO-DEVICE-01,2026-10-03T18:00:15.000Z,15,0.2,3.28,0.32,1,1,1
P07,DEMO-DEVICE-01,2026-10-03T18:00:15.200Z,15.2,0.2,3.28,0.34,1,1,1
P07,DEMO-DEVICE-01,2026-10-03T18:00:15.400Z,15.4,0.2,3.28,0.35,1,1,1
P07,DEMO-DEVICE-01,2026-10-03T18:00:15.600Z,15.6,0.2,3.28,0.36,1,1,1
P07,DEMO-DEVICE-01,2026-10-03T18:00:15.800Z,15.8,0.2,3.28,0.36,1,1,1
P07,DEMO-DEVICE-01,2026-10-03T18:00:16.000Z,16,0.2,3.28,0.35,1,1,1
P07,DEMO-DEVICE-01,2026-10-03T18:00:16.200Z,16.2,0.2,3.28,0.34,1,1,1
P07,DEMO-DEVICE-01,2026-10-03T18:00:16.400Z,16.4,0.2,3.28,0.32,1,1,1
P07,DEMO-DEVICE-01,2026-10-03T18:00:16.600Z,16.6,0.2,3.27,0.3,1,1,1
P07,DEMO-DEVICE-01,2026-10-03T18:00:16.800Z,16.8,0.2,3.27,0.28,1,1,1
P07,DEMO-DEVICE-01,2026-10-03T18:00:17.000Z,17,0.2,3.26,0.26,1,1,1
P07,DEMO-DEVICE-01,2026-10-03T18:00:17.200Z,17.2,0.2,3.26,0.25,1,1,1
P07,DEMO-DEVICE-01,2026-10-03T18:00:17.400Z,17.4,0.2,3.25,0.24,1,1,1
P07,DEMO-DEVICE-01,2026-10-03T18:00:17.600Z,17.6,0.2,3.25,0.24,1,1,1
P07,DEMO-DEVICE-01,2026-10-03T18:00:17.800Z,17.8,0.2,3.24,0.25,1,1,1
P07,DEMO-DEVICE-01,2026-10-03T18:00:18.000Z,18,0.2,3.23,0.26,1,1,1
P07,DEMO-DEVICE-01,2026-10-03T18:00:18.200Z,18.2,0.2,3.23,0.27,1,1,1
P07,DEMO-DEVICE-01,2026-10-03T18:00:18.400Z,18.4,0.2,3.22,0.29,1,1,1
P07,DEMO-DEVICE-01,2026-10-03T18:00:18.600Z,18.6,0.2,3.21,0.31,1,1,1
P07,DEMO-DEVICE-01,2026-10-03T18:00:18.800Z,18.8,0.2,3.2,0.33,1,1,1
P07,DEMO-DEVICE-01,2026-10-03T18:00:19.000Z,19,0.2,3.19,0.35,1,1,1
P07,DEMO-DEVICE-01,2026-10-03T18:00:19.200Z,19.2,0.2,3.19,0.36,1,1,1
P07,DEMO-DEVICE-01,2026-10-03T18:00:19.400Z,19.4,0.2,3.18,0.36,1,1,1
P07,DEMO-DEVICE-01,2026-10-03T18:00:19.600Z,19.6,0.2,3.17,0.36,1,1,1
P07,DEMO-DEVICE-01,2026-10-03T18:00:19.800Z,19.8,0.2,3.16,0.35,1,1,1
P07,DEMO-DEVICE-01,2026-10-03T18:00:20.000Z,20,0.2,3.16,18,1,1,1
P07,DEMO-DEVICE-01,2026-10-03T18:00:20.200Z,20.2,0.2,3.15,18,1,1,1
P07,DEMO-DEVICE-01,2026-10-03T18:00:20.400Z,20.4,0.2,3.14,18,1,1,1
P07,DEMO-DEVICE-01,2026-10-03T18:00:20.600Z,20.6,0.2,3.14,0.27,1,1,1
P07,DEMO-DEVICE-01,2026-10-03T18:00:20.800Z,20.8,0.2,3.13,0.26,1,1,1
P07,DEMO-DEVICE-01,2026-10-03T18:00:21.000Z,21,0.2,3.13,0.25,1,1,1
P07,DEMO-DEVICE-01,2026-10-03T18:00:21.200Z,21.2,0.2,3.13,0.24,1,1,1
P07,DEMO-DEVICE-01,2026-10-03T18:00:21.400Z,21.4,0.2,3.12,0.24,1,1,1
P07,DEMO-DEVICE-01,2026-10-03T18:00:21.600Z,21.6,0.2,3.12,0.25,1,1,1
P07,DEMO-DEVICE-01,2026-10-03T18:00:21.800Z,21.8,0.2,3.12,0.26,1,1,1
P07,DEMO-DEVICE-01,2026-10-03T18:00:22.000Z,22,0.2,3.12,0.28,1,1,1
P07,DEMO-DEVICE-01,2026-10-03T18:00:22.200Z,22.2,0.2,3.12,0.3,1,1,1
P07,DEMO-DEVICE-01,2026-10-03T18:00:22.400Z,22.4,0.2,3.12,0.32,1,1,1
P07,DEMO-DEVICE-01,2026-10-03T18:00:22.600Z,22.6,0.2,3.12,0.34,1,1,1
P07,DEMO-DEVICE-01,2026-10-03T18:00:22.800Z,22.8,0.2,3.13,0.35,1,1,1
P07,DEMO-DEVICE-01,2026-10-03T18:00:23.000Z,23,0.2,3.13,0.36,1,1,1
P07,DEMO-DEVICE-01,2026-10-03T18:00:23.200Z,23.2,0.2,3.13,0.36,1,1,1
P07,DEMO-DEVICE-01,2026-10-03T18:00:23.400Z,23.4,0.2,3.14,0.35,1,1,1
P07,DEMO-DEVICE-01,2026-10-03T18:00:23.600Z,23.6,0.2,3.14,0.34,1,1,1
P07,DEMO-DEVICE-01,2026-10-03T18:00:23.800Z,23.8,0.2,3.15,0.32,1,1,1
P07,DEMO-DEVICE-01,2026-10-03T18:00:24.000Z,24,0.2,3.16,0.3,1,1,1
P07,DEMO-DEVICE-01,2026-10-03T18:00:24.200Z,24.2,0.2,3.16,0.28,1,1,1
P07,DEMO-DEVICE-01,2026-10-03T18:00:24.400Z,24.4,0.2,3.17,0.26,1,1,1
P07,DEMO-DEVICE-01,2026-10-03T18:00:24.600Z,24.6,0.2,3.18,0.25,1,1,1
P07,DEMO-DEVICE-01,2026-10-03T18:00:24.800Z,24.8,0.2,3.19,0.24,1,1,1
P07,DEMO-DEVICE-01,2026-10-03T18:00:25.000Z,25,0.2,3.19,0.24,1,1,1
P07,DEMO-DEVICE-01,2026-10-03T18:00:25.200Z,25.2,0.2,3.2,0.25,1,1,1
P07,DEMO-DEVICE-01,2026-10-03T18:00:25.400Z,25.4,0.2,3.21,0.26,1,1,1
P07,DEMO-DEVICE-01,2026-10-03T18:00:25.600Z,25.6,0.2,3.22,0.27,1,1,1
P07,DEMO-DEVICE-01,2026-10-03T18:00:25.800Z,25.8,0.2,3.23,0.29,1,1,1
P07,DEMO-DEVICE-01,2026-10-03T18:00:26.000Z,26,0.2,3.23,0.31,1,1,1
P07,DEMO-DEVICE-01,2026-10-03T18:00:26.200Z,26.2,0.2,3.24,0.33,1,1,1
P07,DEMO-DEVICE-01,2026-10-03T18:00:26.400Z,26.4,0.2,3.25,0.35,1,1,1
P07,DEMO-DEVICE-01,2026-10-03T18:00:26.600Z,26.6,0.2,3.25,0.36,1,1,1
P07,DEMO-DEVICE-01,2026-10-03T18:00:26.800Z,26.8,0.2,3.26,0.36,1,1,1
P07,DEMO-DEVICE-01,2026-10-03T18:00:27.000Z,27,0.2,3.26,0.36,1,1,1
P07,DEMO-DEVICE-01,2026-10-03T18:00:27.200Z,27.2,0.2,3.27,0.35,1,1,1
P07,DEMO-DEVICE-01,2026-10-03T18:00:27.400Z,27.4,0.2,3.27,0.33,1,1,1
P07,DEMO-DEVICE-01,2026-10-03T18:00:27.600Z,27.6,0.2,3.28,0.31,1,1,1
P07,DEMO-DEVICE-01,2026-10-03T18:00:27.800Z,27.8,0.2,3.28,0.29,1,1,1
P07,DEMO-DEVICE-01,2026-10-03T18:00:28.000Z,28,0.2,3.28,0.27,1,1,1
P07,DEMO-DEVICE-01,2026-10-03T18:00:28.200Z,28.2,0.2,3.28,0.26,1,1,1
P07,DEMO-DEVICE-01,2026-10-03T18:00:28.400Z,28.4,0.2,3.28,0.25,1,1,1
P07,DEMO-DEVICE-01,2026-10-03T18:00:28.600Z,28.6,0.2,3.28,0.24,1,1,1
P07,DEMO-DEVICE-01,2026-10-03T18:00:28.800Z,28.8,0.2,3.28,0.24,1,1,1
P07,DEMO-DEVICE-01,2026-10-03T18:00:29.000Z,29,0.2,3.27,0.25,1,1,1
P07,DEMO-DEVICE-01,2026-10-03T18:00:29.200Z,29.2,0.2,3.27,0.26,1,1,1
P07,DEMO-DEVICE-01,2026-10-03T18:00:29.400Z,29.4,0.2,3.27,0.28,1,1,1
P07,DEMO-DEVICE-01,2026-10-03T18:00:29.600Z,29.6,0.2,3.26,0.3,1,1,1
P07,DEMO-DEVICE-01,2026-10-03T18:00:29.800Z,29.8,0.2,3.26,0.32,1,1,1
P07,DEMO-DEVICE-01,2026-10-03T18:00:30.000Z,30,0.2,3.25,0.34,1,1,1
P07,DEMO-DEVICE-01,2026-10-03T18:00:30.200Z,30.2,0.2,3.25,0.35,1,1,1
P07,DEMO-DEVICE-01,2026-10-03T18:00:30.400Z,30.4,0.2,3.24,0.36,1,1,1
P07,DEMO-DEVICE-01,2026-10-03T18:00:30.600Z,30.6,0.2,3.23,0.36,1,1,1
P07,DEMO-DEVICE-01,2026-10-03T18:00:30.800Z,30.8,0.2,3.22,0.35,1,1,1
P07,DEMO-DEVICE-01,2026-10-03T18:00:31.000Z,31,0.2,3.22,0.34,1,1,1
P07,DEMO-DEVICE-01,2026-10-03T18:00:31.200Z,31.2,0.2,3.21,0.32,1,1,1
P07,DEMO-DEVICE-01,2026-10-03T18:00:31.400Z,31.4,0.2,3.2,0.3,1,1,1
P07,DEMO-DEVICE-01,2026-10-03T18:00:31.600Z,31.6,0.2,3.19,0.28,1,1,1
P07,DEMO-DEVICE-01,2026-10-03T18:00:31.800Z,31.8,0.2,3.18,0.26,1,1,1
P07,DEMO-DEVICE-01,2026-10-03T18:00:32.000Z,32,0.2,3.18,0.25,1,1,1
P07,DEMO-DEVICE-01,2026-10-03T18:00:32.200Z,32.2,0.2,3.17,0.24,1,1,1
P07,DEMO-DEVICE-01,2026-10-03T18:00:32.400Z,32.4,0.2,3.16,0.24,1,1,1
P07,DEMO-DEVICE-01,2026-10-03T18:00:32.600Z,32.6,0.2,3.16,0.25,1,1,1
P07,DEMO-DEVICE-01,2026-10-03T18:00:32.800Z,32.8,0.2,3.15,0.26,1,1,1
P07,DEMO-DEVICE-01,2026-10-03T18:00:33.000Z,33,0.2,3.14,0.27,1,1,1
P07,DEMO-DEVICE-01,2026-10-03T18:00:33.200Z,33.2,0.2,3.14,0.29,1,1,1
P07,DEMO-DEVICE-01,2026-10-03T18:00:33.400Z,33.4,0.2,3.13,0.31,1,1,1
P07,DEMO-DEVICE-01,2026-10-03T18:00:33.600Z,33.6,0.2,3.13,0.33,1,1,1
P07,DEMO-DEVICE-01,2026-10-03T18:00:33.800Z,33.8,0.2,3.13,0.35,1,1,1
P07,DEMO-DEVICE-01,2026-10-03T18:00:34.000Z,34,0.2,3.12,0.36,1,1,1
P07,DEMO-DEVICE-01,2026-10-03T18:00:34.200Z,34.2,0.2,3.12,0.36,1,1,1
P07,DEMO-DEVICE-01,2026-10-03T18:00:34.400Z,34.4,0.2,3.12,0.36,1,1,1
P07,DEMO-DEVICE-01,2026-10-03T18:00:34.600Z,34.6,0.2,3.12,0.35,1,1,1
P07,DEMO-DEVICE-01,2026-10-03T18:00:34.800Z,34.8,0.2,3.12,0.33,1,1,1
P07,DEMO-DEVICE-01,2026-10-03T18:00:35.000Z,35,0.2,3.12,0.31,1,1,1
P07,DEMO-DEVICE-01,2026-10-03T18:00:35.200Z,35.2,0.2,3.12,0.29,1,1,1
P07,DEMO-DEVICE-01,2026-10-03T18:00:35.400Z,35.4,0.2,3.13,0.27,1,1,1
P07,DEMO-DEVICE-01,2026-10-03T18:00:35.600Z,35.6,0.2,3.13,0.26,1,1,1
P07,DEMO-DEVICE-01,2026-10-03T18:00:35.800Z,35.8,0.2,3.13,0.24,1,1,1
P07,DEMO-DEVICE-01,2026-10-03T18:00:36.000Z,36,0.2,3.14,0.24,1,1,1
P07,DEMO-DEVICE-01,2026-10-03T18:00:36.200Z,36.2,0.2,3.15,0.24,1,1,1
P07,DEMO-DEVICE-01,2026-10-03T18:00:36.400Z,36.4,0.2,3.15,0.25,1,1,1
P07,DEMO-DEVICE-01,2026-10-03T18:00:36.600Z,36.6,0.2,3.16,0.27,1,1,1
P07,DEMO-DEVICE-01,2026-10-03T18:00:36.800Z,36.8,0.2,3.17,0.28,1,1,1
P07,DEMO-DEVICE-01,2026-10-03T18:00:37.000Z,37,0.2,3.17,0.3,1,1,1
P07,DEMO-DEVICE-01,2026-10-03T18:00:37.200Z,37.2,0.2,3.18,0.32,1,1,1
P07,DEMO-DEVICE-01,2026-10-03T18:00:37.400Z,37.4,0.2,3.19,0.34,1,1,1
P07,DEMO-DEVICE-01,2026-10-03T18:00:37.600Z,37.6,0.2,3.2,0.35,1,1,1
P07,DEMO-DEVICE-01,2026-10-03T18:00:37.800Z,37.8,0.2,3.2,0.36,1,1,1
P07,DEMO-DEVICE-01,2026-10-03T18:00:38.000Z,38,0.2,3.21,0.36,1,1,1
P07,DEMO-DEVICE-01,2026-10-03T18:00:38.200Z,38.2,0.2,3.22,0.35,1,1,1
P07,DEMO-DEVICE-01,2026-10-03T18:00:38.400Z,38.4,0.2,3.23,0.34,1,1,1
P07,DEMO-DEVICE-01,2026-10-03T18:00:38.600Z,38.6,0.2,3.23,0.32,1,1,1
P07,DEMO-DEVICE-01,2026-10-03T18:00:38.800Z,38.8,0.2,3.24,0.3,1,1,1
P07,DEMO-DEVICE-01,2026-10-03T18:00:39.000Z,39,0.2,3.25,0.28,1,1,1
P07,DEMO-DEVICE-01,2026-10-03T18:00:39.200Z,39.2,0.2,3.25,0.26,1,1,1
P07,DEMO-DEVICE-01,2026-10-03T18:00:39.400Z,39.4,0.2,3.26,0.25,1,1,1
P07,DEMO-DEVICE-01,2026-10-03T18:00:39.600Z,39.6,0.2,3.27,0.24,1,1,1
P07,DEMO-DEVICE-01,2026-10-03T18:00:39.800Z,39.8,0.2,3.27,0.24,1,1,1
P07,DEMO-DEVICE-01,2026-10-03T18:00:40.000Z,40,0.2,3.27,0.25,1,1,1
P07,DEMO-DEVICE-01,2026-10-03T18:00:40.200Z,40.2,0.2,3.28,0.26,1,1,1
P07,DEMO-DEVICE-01,2026-10-03T18:00:40.400Z,40.4,0.2,3.28,0.27,1,1,1
P07,DEMO-DEVICE-01,2026-10-03T18:00:40.600Z,40.6,0.2,3.28,0.29,1,1,1
P07,DEMO-DEVICE-01,2026-10-03T18:00:40.800Z,40.8,0.2,3.28,0.31,1,1,1
P07,DEMO-DEVICE-01,2026-10-03T18:00:41.000Z,41,0.2,3.28,0.33,1,1,1
P07,DEMO-DEVICE-01,2026-10-03T18:00:41.200Z,41.2,0.2,3.28,0.35,1,1,1
P07,DEMO-DEVICE-01,2026-10-03T18:00:41.400Z,41.4,0.2,3.28,0.36,1,1,1
P07,DEMO-DEVICE-01,2026-10-03T18:00:41.600Z,41.6,0.2,3.27,0.36,1,1,1
P07,DEMO-DEVICE-01,2026-10-03T18:00:41.800Z,41.8,0.2,3.27,0.36,1,1,1
P07,DEMO-DEVICE-01,2026-10-03T18:00:42.000Z,42,0.2,3.27,0.35,1,1,1
P07,DEMO-DEVICE-01,2026-10-03T18:00:42.200Z,42.2,0.2,3.26,0.33,1,1,1
P07,DEMO-DEVICE-01,2026-10-03T18:00:42.400Z,42.4,0.2,3.26,0.31,1,1,1
P07,DEMO-DEVICE-01,2026-10-03T18:00:42.600Z,42.6,0.2,3.25,0.29,1,1,1
P07,DEMO-DEVICE-01,2026-10-03T18:00:42.800Z,42.8,0.2,3.24,0.27,1,1,1
P07,DEMO-DEVICE-01,2026-10-03T18:00:43.000Z,43,0.2,3.24,0.26,1,1,1
P07,DEMO-DEVICE-01,2026-10-03T18:00:43.200Z,43.2,0.2,3.23,0.24,1,1,1
P07,DEMO-DEVICE-01,2026-10-03T18:00:43.400Z,43.4,0.2,3.22,0.24,1,1,1
P07,DEMO-DEVICE-01,2026-10-03T18:00:43.600Z,43.6,0.2,3.22,0.24,1,1,1
P07,DEMO-DEVICE-01,2026-10-03T18:00:43.800Z,43.8,0.2,3.21,0.25,1,1,1
P07,DEMO-DEVICE-01,2026-10-03T18:00:44.000Z,44,0.2,3.2,0.27,1,1,1
P07,DEMO-DEVICE-01,2026-10-03T18:00:44.200Z,44.2,0.2,3.19,0.28,1,1,1
P07,DEMO-DEVICE-01,2026-10-03T18:00:44.400Z,44.4,0.2,3.18,0.3,1,1,1
P07,DEMO-DEVICE-01,2026-10-03T18:00:44.600Z,44.6,0.2,3.18,0.32,1,1,1
P07,DEMO-DEVICE-01,2026-10-03T18:00:44.800Z,44.8,0.2,3.17,0.34,1,1,1
P08,DEMO-DEVICE-01,2026-10-03T19:00:00.000Z,0,0.2,6.9,0.3,1,1,1
P08,DEMO-DEVICE-01,2026-10-03T19:00:00.200Z,0.2,0.2,6.91,0.34,1,1,1
P08,DEMO-DEVICE-01,2026-10-03T19:00:00.400Z,0.4,0.2,6.92,0.31,1,1,1
P08,DEMO-DEVICE-01,2026-10-03T19:00:00.600Z,0.6,0.2,6.92,0.27,1,1,1
P08,DEMO-DEVICE-01,2026-10-03T19:00:00.800Z,0.8,0.2,6.93,0.27,1,1,1
P08,DEMO-DEVICE-01,2026-10-03T19:00:01.000Z,1,0.2,6.94,0.33,1,1,1
P08,DEMO-DEVICE-01,2026-10-03T19:00:01.200Z,1.2,0.2,6.95,0.33,1,1,1
P08,DEMO-DEVICE-01,2026-10-03T19:00:01.400Z,1.4,0.2,6.95,0.29,1,1,1
P08,DEMO-DEVICE-01,2026-10-03T19:00:01.600Z,1.6,0.2,6.96,3.59,1,1,1
P08,DEMO-DEVICE-01,2026-10-03T19:00:01.800Z,1.8,0.2,6.96,6.1,1,1,1
P08,DEMO-DEVICE-01,2026-10-03T19:00:02.000Z,2,0.2,6.97,6.39,1,1,1
P08,DEMO-DEVICE-01,2026-10-03T19:00:02.200Z,2.2,0.2,6.97,6.62,1,1,1
P08,DEMO-DEVICE-01,2026-10-03T19:00:02.400Z,2.4,0.2,6.97,6.82,1,1,1
P08,DEMO-DEVICE-01,2026-10-03T19:00:02.600Z,2.6,0.2,6.98,7.09,1,1,1
P08,DEMO-DEVICE-01,2026-10-03T19:00:02.800Z,2.8,0.2,6.98,7.39,1,1,1
P08,DEMO-DEVICE-01,2026-10-03T19:00:03.000Z,3,0.2,6.98,7.65,1,1,1
P08,DEMO-DEVICE-01,2026-10-03T19:00:03.200Z,3.2,0.2,6.98,7.86,1,1,1
P08,DEMO-DEVICE-01,2026-10-03T19:00:03.400Z,3.4,0.2,6.98,4.41,1,1,1
P08,DEMO-DEVICE-01,2026-10-03T19:00:03.600Z,3.6,0.2,6.98,0.3,1,1,1
P08,DEMO-DEVICE-01,2026-10-03T19:00:03.800Z,3.8,0.2,6.98,0.34,1,1,1
P08,DEMO-DEVICE-01,2026-10-03T19:00:04.000Z,4,0.2,6.97,0.31,1,1,1
P08,DEMO-DEVICE-01,2026-10-03T19:00:04.200Z,4.2,0.2,6.97,0.26,1,1,1
P08,DEMO-DEVICE-01,2026-10-03T19:00:04.400Z,4.4,0.2,6.96,0.28,1,1,1
P08,DEMO-DEVICE-01,2026-10-03T19:00:04.600Z,4.6,0.2,6.96,0.33,1,1,1
P08,DEMO-DEVICE-01,2026-10-03T19:00:04.800Z,4.8,0.2,6.95,0.33,1,1,1
P08,DEMO-DEVICE-01,2026-10-03T19:00:05.000Z,5,0.2,6.95,0.28,1,1,1
P08,DEMO-DEVICE-01,2026-10-03T19:00:05.200Z,5.2,0.2,6.94,0.74,1,1,1
P08,DEMO-DEVICE-01,2026-10-03T19:00:05.400Z,5.4,0.2,6.93,4.58,1,1,1
P08,DEMO-DEVICE-01,2026-10-03T19:00:05.600Z,5.6,0.2,6.93,6.2,1,1,1
P08,DEMO-DEVICE-01,2026-10-03T19:00:05.800Z,5.8,0.2,6.92,6.42,1,1,1
P08,DEMO-DEVICE-01,2026-10-03T19:00:06.000Z,6,0.2,6.91,6.63,1,1,1
P08,DEMO-DEVICE-01,2026-10-03T19:00:06.200Z,6.2,0.2,6.9,6.9,1,1,1
P08,DEMO-DEVICE-01,2026-10-03T19:00:06.400Z,6.4,0.2,6.9,7.2,1,1,1
P08,DEMO-DEVICE-01,2026-10-03T19:00:06.600Z,6.6,0.2,6.89,7.46,1,1,1
P08,DEMO-DEVICE-01,2026-10-03T19:00:06.800Z,6.8,0.2,6.88,7.66,1,1,1
P08,DEMO-DEVICE-01,2026-10-03T19:00:07.000Z,7,0.2,6.87,7.9,1,1,1
P08,DEMO-DEVICE-01,2026-10-03T19:00:07.200Z,7.2,0.2,6.86,2.67,1,1,1
P08,DEMO-DEVICE-01,2026-10-03T19:00:07.400Z,7.4,0.2,6.86,0.34,1,1,1
P08,DEMO-DEVICE-01,2026-10-03T19:00:07.600Z,7.6,0.2,6.85,0.31,1,1,1
P08,DEMO-DEVICE-01,2026-10-03T19:00:07.800Z,7.8,0.2,6.84,0.26,1,1,1
P08,DEMO-DEVICE-01,2026-10-03T19:00:08.000Z,8,0.2,6.84,0.28,1,1,1
P08,DEMO-DEVICE-01,2026-10-03T19:00:08.200Z,8.2,0.2,6.83,0.33,1,1,1
P08,DEMO-DEVICE-01,2026-10-03T19:00:08.400Z,8.4,0.2,6.83,0.33,1,1,1
P08,DEMO-DEVICE-01,2026-10-03T19:00:08.600Z,8.6,0.2,6.83,0.28,1,1,1
P08,DEMO-DEVICE-01,2026-10-03T19:00:08.800Z,8.8,0.2,6.82,0.26,1,1,1
P08,DEMO-DEVICE-01,2026-10-03T19:00:09.000Z,9,0.2,6.82,1.73,1,1,1
P08,DEMO-DEVICE-01,2026-10-03T19:00:09.200Z,9.2,0.2,6.82,5.56,1,1,1
P08,DEMO-DEVICE-01,2026-10-03T19:00:09.400Z,9.4,0.2,6.82,6.23,1,1,1
P08,DEMO-DEVICE-01,2026-10-03T19:00:09.600Z,9.6,0.2,6.82,6.44,1,1,1
P08,DEMO-DEVICE-01,2026-10-03T19:00:09.800Z,9.8,0.2,6.82,6.71,1,1,1
P08,DEMO-DEVICE-01,2026-10-03T19:00:10.000Z,10,0.2,6.82,7.02,1,1,1
P08,DEMO-DEVICE-01,2026-10-03T19:00:10.200Z,10.2,0.2,6.83,7.27,1,1,1
P08,DEMO-DEVICE-01,2026-10-03T19:00:10.400Z,10.4,0.2,6.83,7.47,1,1,1
P08,DEMO-DEVICE-01,2026-10-03T19:00:10.600Z,10.6,0.2,6.83,7.71,1,1,1
P08,DEMO-DEVICE-01,2026-10-03T19:00:10.800Z,10.8,0.2,6.84,8.01,1,1,1
P08,DEMO-DEVICE-01,2026-10-03T19:00:11.000Z,11,0.2,6.84,0.93,1,1,1
P08,DEMO-DEVICE-01,2026-10-03T19:00:11.200Z,11.2,0.2,6.85,0.31,1,1,1
P08,DEMO-DEVICE-01,2026-10-03T19:00:11.400Z,11.4,0.2,6.86,0.26,1,1,1
P08,DEMO-DEVICE-01,2026-10-03T19:00:11.600Z,11.6,0.2,6.86,0.28,1,1,1
P08,DEMO-DEVICE-01,2026-10-03T19:00:11.800Z,11.8,0.2,6.87,0.33,1,1,1
P08,DEMO-DEVICE-01,2026-10-03T19:00:12.000Z,12,0.2,6.88,0.33,1,1,1
P08,DEMO-DEVICE-01,2026-10-03T19:00:12.200Z,12.2,0.2,6.89,0.28,1,1,1
P08,DEMO-DEVICE-01,2026-10-03T19:00:12.400Z,12.4,0.2,6.89,0.26,1,1,1
P08,DEMO-DEVICE-01,2026-10-03T19:00:12.600Z,12.6,0.2,6.9,0.31,1,1,1
P08,DEMO-DEVICE-01,2026-10-03T19:00:12.800Z,12.8,0.2,6.91,2.71,1,1,1
P08,DEMO-DEVICE-01,2026-10-03T19:00:13.000Z,13,0.2,6.92,6.04,1,1,1
P08,DEMO-DEVICE-01,2026-10-03T19:00:13.200Z,13.2,0.2,6.92,6.25,1,1,1
P08,DEMO-DEVICE-01,2026-10-03T19:00:13.400Z,13.4,0.2,6.93,6.52,1,1,1
P08,DEMO-DEVICE-01,2026-10-03T19:00:13.600Z,13.6,0.2,6.94,6.83,1,1,1
P08,DEMO-DEVICE-01,2026-10-03T19:00:13.800Z,13.8,0.2,6.95,7.08,1,1,1
P08,DEMO-DEVICE-01,2026-10-03T19:00:14.000Z,14,0.2,6.95,7.28,1,1,1
P08,DEMO-DEVICE-01,2026-10-03T19:00:14.200Z,14.2,0.2,6.96,7.52,1,1,1
P08,DEMO-DEVICE-01,2026-10-03T19:00:14.400Z,14.4,0.2,6.96,7.82,1,1,1
P08,DEMO-DEVICE-01,2026-10-03T19:00:14.600Z,14.6,0.2,6.97,6.26,1,1,1
P08,DEMO-DEVICE-01,2026-10-03T19:00:14.800Z,14.8,0.2,6.97,0.3,1,1,1
P08,DEMO-DEVICE-01,2026-10-03T19:00:15.000Z,15,0.2,6.98,0.26,1,1,1
P08,DEMO-DEVICE-01,2026-10-03T19:00:15.200Z,15.2,0.2,6.98,0.28,1,1,1
P08,DEMO-DEVICE-01,2026-10-03T19:00:15.400Z,15.4,0.2,6.98,0.33,1,1,1
P08,DEMO-DEVICE-01,2026-10-03T19:00:15.600Z,15.6,0.2,6.98,0.33,1,1,1
P08,DEMO-DEVICE-01,2026-10-03T19:00:15.800Z,15.8,0.2,6.98,0.28,1,1,1
P08,DEMO-DEVICE-01,2026-10-03T19:00:16.000Z,16,0.2,6.98,0.26,1,1,1
P08,DEMO-DEVICE-01,2026-10-03T19:00:16.200Z,16.2,0.2,6.98,0.31,1,1,1
P08,DEMO-DEVICE-01,2026-10-03T19:00:16.400Z,16.4,0.2,6.98,0.34,1,1,1
P08,DEMO-DEVICE-01,2026-10-03T19:00:16.600Z,16.6,0.2,6.97,3.63,1,1,1
P08,DEMO-DEVICE-01,2026-10-03T19:00:16.800Z,16.8,0.2,6.97,6.06,1,1,1
P08,DEMO-DEVICE-01,2026-10-03T19:00:17.000Z,17,0.2,6.96,6.33,1,1,1
P08,DEMO-DEVICE-01,2026-10-03T19:00:17.200Z,17.2,0.2,6.96,6.64,1,1,1
P08,DEMO-DEVICE-01,2026-10-03T19:00:17.400Z,17.4,0.2,6.95,6.88,1,1,1
P08,DEMO-DEVICE-01,2026-10-03T19:00:17.600Z,17.6,0.2,6.95,7.09,1,1,1
P08,DEMO-DEVICE-01,2026-10-03T19:00:17.800Z,17.8,0.2,6.94,7.33,1,1,1
P08,DEMO-DEVICE-01,2026-10-03T19:00:18.000Z,18,0.2,6.93,7.63,1,1,1
P08,DEMO-DEVICE-01,2026-10-03T19:00:18.200Z,18.2,0.2,6.93,7.91,1,1,1
P08,DEMO-DEVICE-01,2026-10-03T19:00:18.400Z,18.4,0.2,6.92,4.44,1,1,1
P08,DEMO-DEVICE-01,2026-10-03T19:00:18.600Z,18.6,0.2,6.91,0.26,1,1,1
P08,DEMO-DEVICE-01,2026-10-03T19:00:18.800Z,18.8,0.2,6.9,0.29,1,1,1
P08,DEMO-DEVICE-01,2026-10-03T19:00:19.000Z,19,0.2,6.89,0.33,1,1,1
P08,DEMO-DEVICE-01,2026-10-03T19:00:19.200Z,19.2,0.2,6.89,0.33,1,1,1
P08,DEMO-DEVICE-01,2026-10-03T19:00:19.400Z,19.4,0.2,6.88,0.27,1,1,1
P08,DEMO-DEVICE-01,2026-10-03T19:00:19.600Z,19.6,0.2,6.87,0.27,1,1,1
P08,DEMO-DEVICE-01,2026-10-03T19:00:19.800Z,19.8,0.2,6.86,0.31,1,1,1
P08,DEMO-DEVICE-01,2026-10-03T19:00:20.000Z,20,0.2,6.86,0.34,1,1,1
P08,DEMO-DEVICE-01,2026-10-03T19:00:20.200Z,20.2,0.2,6.85,0.77,1,1,1
P08,DEMO-DEVICE-01,2026-10-03T19:00:20.400Z,20.4,0.2,6.84,4.54,1,1,1
P08,DEMO-DEVICE-01,2026-10-03T19:00:20.600Z,20.6,0.2,6.84,6.15,1,1,1
P08,DEMO-DEVICE-01,2026-10-03T19:00:20.800Z,20.8,0.2,6.83,6.45,1,1,1
P08,DEMO-DEVICE-01,2026-10-03T19:00:21.000Z,21,0.2,6.83,6.69,1,1,1
P08,DEMO-DEVICE-01,2026-10-03T19:00:21.200Z,21.2,0.2,6.83,6.89,1,1,1
P08,DEMO-DEVICE-01,2026-10-03T19:00:21.400Z,21.4,0.2,6.82,7.14,1,1,1
P08,DEMO-DEVICE-01,2026-10-03T19:00:21.600Z,21.6,0.2,6.82,7.44,1,1,1
P08,DEMO-DEVICE-01,2026-10-03T19:00:21.800Z,21.8,0.2,6.82,7.72,1,1,1
P08,DEMO-DEVICE-01,2026-10-03T19:00:22.000Z,22,0.2,6.82,7.93,1,1,1
P08,DEMO-DEVICE-01,2026-10-03T19:00:22.200Z,22.2,0.2,6.82,2.63,1,1,1
P08,DEMO-DEVICE-01,2026-10-03T19:00:22.400Z,22.4,0.2,6.82,0.29,1,1,1
P08,DEMO-DEVICE-01,2026-10-03T19:00:22.600Z,22.6,0.2,6.82,0.34,1,1,1
P08,DEMO-DEVICE-01,2026-10-03T19:00:22.800Z,22.8,0.2,6.83,0.32,1,1,1
P08,DEMO-DEVICE-01,2026-10-03T19:00:23.000Z,23,0.2,6.83,0.27,1,1,1
P08,DEMO-DEVICE-01,2026-10-03T19:00:23.200Z,23.2,0.2,6.83,0.27,1,1,1
P08,DEMO-DEVICE-01,2026-10-03T19:00:23.400Z,23.4,0.2,6.84,0.32,1,1,1
P08,DEMO-DEVICE-01,2026-10-03T19:00:23.600Z,23.6,0.2,6.84,0.34,1,1,1
P08,DEMO-DEVICE-01,2026-10-03T19:00:23.800Z,23.8,0.2,6.85,0.3,1,1,1
P08,DEMO-DEVICE-01,2026-10-03T19:00:24.000Z,24,0.2,6.86,1.69,1,1,1
P08,DEMO-DEVICE-01,2026-10-03T19:00:24.200Z,24.2,0.2,6.86,5.52,1,1,1
P08,DEMO-DEVICE-01,2026-10-03T19:00:24.400Z,24.4,0.2,6.87,6.26,1,1,1
P08,DEMO-DEVICE-01,2026-10-03T19:00:24.600Z,24.6,0.2,6.88,6.5,1,1,1
P08,DEMO-DEVICE-01,2026-10-03T19:00:24.800Z,24.8,0.2,6.89,6.7,1,1,1
P08,DEMO-DEVICE-01,2026-10-03T19:00:25.000Z,25,0.2,6.89,6.95,1,1,1
P08,DEMO-DEVICE-01,2026-10-03T19:00:25.200Z,25.2,0.2,6.9,7.26,1,1,1
P08,DEMO-DEVICE-01,2026-10-03T19:00:25.400Z,25.4,0.2,6.91,7.53,1,1,1
P08,DEMO-DEVICE-01,2026-10-03T19:00:25.600Z,25.6,0.2,6.92,7.74,1,1,1
P08,DEMO-DEVICE-01,2026-10-03T19:00:25.800Z,25.8,0.2,6.93,7.96,1,1,1
P08,DEMO-DEVICE-01,2026-10-03T19:00:26.000Z,26,0.2,6.93,0.88,1,1,1
P08,DEMO-DEVICE-01,2026-10-03T19:00:26.200Z,26.2,0.2,6.94,0.34,1,1,1
P08,DEMO-DEVICE-01,2026-10-03T19:00:26.400Z,26.4,0.2,6.95,0.32,1,1,1
P08,DEMO-DEVICE-01,2026-10-03T19:00:26.600Z,26.6,0.2,6.95,0.27,1,1,1
P08,DEMO-DEVICE-01,2026-10-03T19:00:26.800Z,26.8,0.2,6.96,0.27,1,1,1
P08,DEMO-DEVICE-01,2026-10-03T19:00:27.000Z,27,0.2,6.96,0.32,1,1,1
P08,DEMO-DEVICE-01,2026-10-03T19:00:27.200Z,27.2,0.2,6.97,0.34,1,1,1
P08,DEMO-DEVICE-01,2026-10-03T19:00:27.400Z,27.4,0.2,6.97,0.29,1,1,1
P08,DEMO-DEVICE-01,2026-10-03T19:00:27.600Z,27.6,0.2,6.98,0.26,1,1,1
P08,DEMO-DEVICE-01,2026-10-03T19:00:27.800Z,27.8,0.2,6.98,2.67,1,1,1
P08,DEMO-DEVICE-01,2026-10-03T19:00:28.000Z,28,0.2,6.98,6.07,1,1,1
P08,DEMO-DEVICE-01,2026-10-03T19:00:28.200Z,28.2,0.2,6.98,6.31,1,1,1
P08,DEMO-DEVICE-01,2026-10-03T19:00:28.400Z,28.4,0.2,6.98,6.51,1,1,1
P08,DEMO-DEVICE-01,2026-10-03T19:00:28.600Z,28.6,0.2,6.98,6.76,1,1,1
P08,DEMO-DEVICE-01,2026-10-03T19:00:28.800Z,28.8,0.2,6.98,7.07,1,1,1
P08,DEMO-DEVICE-01,2026-10-03T19:00:29.000Z,29,0.2,6.97,7.34,1,1,1
P08,DEMO-DEVICE-01,2026-10-03T19:00:29.200Z,29.2,0.2,6.97,7.55,1,1,1
P08,DEMO-DEVICE-01,2026-10-03T19:00:29.400Z,29.4,0.2,6.97,7.77,1,1,1
P08,DEMO-DEVICE-01,2026-10-03T19:00:29.600Z,29.6,0.2,6.96,6.22,1,1,1
P08,DEMO-DEVICE-01,2026-10-03T19:00:29.800Z,29.8,0.2,6.96,0.34,1,1,1
P08,DEMO-DEVICE-01,2026-10-03T19:00:30.000Z,30,0.2,6.95,0.32,1,1,1
P08,DEMO-DEVICE-01,2026-10-03T19:00:30.200Z,30.2,0.2,6.95,0.27,1,1,1
P08,DEMO-DEVICE-01,2026-10-03T19:00:30.400Z,30.4,0.2,6.94,0.27,1,1,1
P08,DEMO-DEVICE-01,2026-10-03T19:00:30.600Z,30.6,0.2,6.93,0.32,1,1,1
P08,DEMO-DEVICE-01,2026-10-03T19:00:30.800Z,30.8,0.2,6.92,0.34,1,1,1
P08,DEMO-DEVICE-01,2026-10-03T19:00:31.000Z,31,0.2,6.92,0.29,1,1,1
P08,DEMO-DEVICE-01,2026-10-03T19:00:31.200Z,31.2,0.2,6.91,0.26,1,1,1
P08,DEMO-DEVICE-01,2026-10-03T19:00:31.400Z,31.4,0.2,6.9,0.3,1,1,1
P08,DEMO-DEVICE-01,2026-10-03T19:00:31.600Z,31.6,0.2,6.89,3.66,1,1,1
P08,DEMO-DEVICE-01,2026-10-03T19:00:31.800Z,31.8,0.2,6.88,6.11,1,1,1
P08,DEMO-DEVICE-01,2026-10-03T19:00:32.000Z,32,0.2,6.88,6.32,1,1,1
P08,DEMO-DEVICE-01,2026-10-03T19:00:32.200Z,32.2,0.2,6.87,6.57,1,1,1
P08,DEMO-DEVICE-01,2026-10-03T19:00:32.400Z,32.4,0.2,6.86,6.88,1,1,1
P08,DEMO-DEVICE-01,2026-10-03T19:00:32.600Z,32.6,0.2,6.86,7.15,1,1,1
P08,DEMO-DEVICE-01,2026-10-03T19:00:32.800Z,32.8,0.2,6.85,7.35,1,1,1
P08,DEMO-DEVICE-01,2026-10-03T19:00:33.000Z,33,0.2,6.84,7.58,1,1,1
P08,DEMO-DEVICE-01,2026-10-03T19:00:33.200Z,33.2,0.2,6.84,7.87,1,1,1
P08,DEMO-DEVICE-01,2026-10-03T19:00:33.400Z,33.4,0.2,6.83,4.48,1,1,1
P08,DEMO-DEVICE-01,2026-10-03T19:00:33.600Z,33.6,0.2,6.83,0.32,1,1,1
P08,DEMO-DEVICE-01,2026-10-03T19:00:33.800Z,33.8,0.2,6.83,0.27,1,1,1
P08,DEMO-DEVICE-01,2026-10-03T19:00:34.000Z,34,0.2,6.82,0.27,1,1,1
P08,DEMO-DEVICE-01,2026-10-03T19:00:34.200Z,34.2,0.2,6.82,0.32,1,1,1
P08,DEMO-DEVICE-01,2026-10-03T19:00:34.400Z,34.4,0.2,6.82,0.34,1,1,1
P08,DEMO-DEVICE-01,2026-10-03T19:00:34.600Z,34.6,0.2,6.82,0.29,1,1,1
P08,DEMO-DEVICE-01,2026-10-03T19:00:34.800Z,34.8,0.2,6.82,0.26,1,1,1
P08,DEMO-DEVICE-01,2026-10-03T19:00:35.000Z,35,0.2,6.82,0.3,1,1,1
P08,DEMO-DEVICE-01,2026-10-03T19:00:35.200Z,35.2,0.2,6.82,0.81,1,1,1
P08,DEMO-DEVICE-01,2026-10-03T19:00:35.400Z,35.4,0.2,6.83,4.59,1,1,1
P08,DEMO-DEVICE-01,2026-10-03T19:00:35.600Z,35.6,0.2,6.83,6.12,1,1,1
P08,DEMO-DEVICE-01,2026-10-03T19:00:35.800Z,35.8,0.2,6.83,6.39,1,1,1
P08,DEMO-DEVICE-01,2026-10-03T19:00:36.000Z,36,0.2,6.84,6.69,1,1,1
P08,DEMO-DEVICE-01,2026-10-03T19:00:36.200Z,36.2,0.2,6.85,6.96,1,1,1
P08,DEMO-DEVICE-01,2026-10-03T19:00:36.400Z,36.4,0.2,6.85,7.16,1,1,1
P08,DEMO-DEVICE-01,2026-10-03T19:00:36.600Z,36.6,0.2,6.86,7.39,1,1,1
P08,DEMO-DEVICE-01,2026-10-03T19:00:36.800Z,36.8,0.2,6.87,7.68,1,1,1
P08,DEMO-DEVICE-01,2026-10-03T19:00:37.000Z,37,0.2,6.87,7.98,1,1,1
P08,DEMO-DEVICE-01,2026-10-03T19:00:37.200Z,37.2,0.2,6.88,2.68,1,1,1
P08,DEMO-DEVICE-01,2026-10-03T19:00:37.400Z,37.4,0.2,6.89,0.27,1,1,1
P08,DEMO-DEVICE-01,2026-10-03T19:00:37.600Z,37.6,0.2,6.9,0.27,1,1,1
P08,DEMO-DEVICE-01,2026-10-03T19:00:37.800Z,37.8,0.2,6.9,0.33,1,1,1
P08,DEMO-DEVICE-01,2026-10-03T19:00:38.000Z,38,0.2,6.91,0.33,1,1,1
P08,DEMO-DEVICE-01,2026-10-03T19:00:38.200Z,38.2,0.2,6.92,0.29,1,1,1
P08,DEMO-DEVICE-01,2026-10-03T19:00:38.400Z,38.4,0.2,6.93,0.26,1,1,1
P08,DEMO-DEVICE-01,2026-10-03T19:00:38.600Z,38.6,0.2,6.93,0.3,1,1,1
P08,DEMO-DEVICE-01,2026-10-03T19:00:38.800Z,38.8,0.2,6.94,0.34,1,1,1
P08,DEMO-DEVICE-01,2026-10-03T19:00:39.000Z,39,0.2,6.95,1.74,1,1,1
P08,DEMO-DEVICE-01,2026-10-03T19:00:39.200Z,39.2,0.2,6.95,5.49,1,1,1
P08,DEMO-DEVICE-01,2026-10-03T19:00:39.400Z,39.4,0.2,6.96,6.2,1,1,1
P08,DEMO-DEVICE-01,2026-10-03T19:00:39.600Z,39.6,0.2,6.97,6.5,1,1,1
P08,DEMO-DEVICE-01,2026-10-03T19:00:39.800Z,39.8,0.2,6.97,6.76,1,1,1
P08,DEMO-DEVICE-01,2026-10-03T19:00:40.000Z,40,0.2,6.97,6.97,1,1,1
P08,DEMO-DEVICE-01,2026-10-03T19:00:40.200Z,40.2,0.2,6.98,7.2,1,1,1
P08,DEMO-DEVICE-01,2026-10-03T19:00:40.400Z,40.4,0.2,6.98,7.49,1,1,1
P08,DEMO-DEVICE-01,2026-10-03T19:00:40.600Z,40.6,0.2,6.98,7.79,1,1,1
P08,DEMO-DEVICE-01,2026-10-03T19:00:40.800Z,40.8,0.2,6.98,8.01,1,1,1
P08,DEMO-DEVICE-01,2026-10-03T19:00:41.000Z,41,0.2,6.98,0.85,1,1,1
P08,DEMO-DEVICE-01,2026-10-03T19:00:41.200Z,41.2,0.2,6.98,0.28,1,1,1
P08,DEMO-DEVICE-01,2026-10-03T19:00:41.400Z,41.4,0.2,6.98,0.33,1,1,1
P08,DEMO-DEVICE-01,2026-10-03T19:00:41.600Z,41.6,0.2,6.97,0.33,1,1,1
P08,DEMO-DEVICE-01,2026-10-03T19:00:41.800Z,41.8,0.2,6.97,0.28,1,1,1
P08,DEMO-DEVICE-01,2026-10-03T19:00:42.000Z,42,0.2,6.97,0.26,1,1,1
P08,DEMO-DEVICE-01,2026-10-03T19:00:42.200Z,42.2,0.2,6.96,0.3,1,1,1
P08,DEMO-DEVICE-01,2026-10-03T19:00:42.400Z,42.4,0.2,6.96,0.34,1,1,1
P08,DEMO-DEVICE-01,2026-10-03T19:00:42.600Z,42.6,0.2,6.95,0.31,1,1,1
P08,DEMO-DEVICE-01,2026-10-03T19:00:42.800Z,42.8,0.2,6.94,2.64,1,1,1
P08,DEMO-DEVICE-01,2026-10-03T19:00:43.000Z,43,0.2,6.94,6.01,1,1,1
P08,DEMO-DEVICE-01,2026-10-03T19:00:43.200Z,43.2,0.2,6.93,6.31,1,1,1
P08,DEMO-DEVICE-01,2026-10-03T19:00:43.400Z,43.4,0.2,6.92,6.57,1,1,1
P08,DEMO-DEVICE-01,2026-10-03T19:00:43.600Z,43.6,0.2,6.92,6.78,1,1,1
P08,DEMO-DEVICE-01,2026-10-03T19:00:43.800Z,43.8,0.2,6.91,7.01,1,1,1
P08,DEMO-DEVICE-01,2026-10-03T19:00:44.000Z,44,0.2,6.9,7.31,1,1,1
P08,DEMO-DEVICE-01,2026-10-03T19:00:44.200Z,44.2,0.2,6.89,7.6,1,1,1
P08,DEMO-DEVICE-01,2026-10-03T19:00:44.400Z,44.4,0.2,6.88,7.82,1,1,1
P08,DEMO-DEVICE-01,2026-10-03T19:00:44.600Z,44.6,0.2,6.88,6.19,1,1,1
P08,DEMO-DEVICE-01,2026-10-03T19:00:44.800Z,44.8,0.2,6.87,0.28,1,1,1
